2017_11_17_16_36_42_394,0,0,0,4.484198E-06,2.114985E-07,2000
2017_11_17_16_36_42_464,0,0,0,1.634813E-06,2.063326E-07,2000
2017_11_17_16_36_42_532,0,0,0,5.16726E-06,1.86283E-07,2000
2017_11_17_16_36_42_614,0,0,0,1.895535E-06,1.711031E-07,2000
2017_11_17_16_36_42_684,0,0,0,9.427592E-07,1.517557E-07,2000
2017_11_17_16_36_42_765,0,0,0,1.177194E-06,1.256012E-07,2000
2017_11_17_16_36_42_839,0,0,0,2.235243E-07,9.704677E-08,2000
2017_11_17_16_36_42_919,0,0.214662,0,0.1221688,0.001516433,1920
2017_11_17_16_36_42_985,0,0.3877231,0,0.3402332,0.004583971,1960
2017_11_17_16_36_43_052,0,0.5895091,0,0.7244688,0.01142287,1900
2017_11_17_16_36_43_122,0,0.8242081,0,1.442753,0.02867547,1920
2017_11_17_16_36_43_204,0,0.5768913,0,2.034359,0.05557648,1960
2017_11_17_16_36_43_274,0,0.3948991,0,2.366292,0.07701152,2000
2017_11_17_16_36_43_350,0,0.1774623,0,2.553939,0.1034262,2000
2017_11_17_16_36_43_433,-0.02,0,0,2.596279,0.1234894,2000
2017_11_17_16_36_43_510,-0.2719862,0,0,2.563592,0.1365811,2000
2017_11_17_16_36_43_586,-0.003672123,0,0,2.542995,0.1445413,2000
2017_11_17_16_36_43_662,0,0,0,2.522259,0.149308,2000
2017_11_17_16_36_43_742,0,0,0,2.501995,0.1519959,2000
2017_11_17_16_36_43_809,0,0,0,2.486905,0.1530912,2000
2017_11_17_16_36_43_888,-0.005,0,0,2.466925,0.1537207,2000
2017_11_17_16_36_43_957,-0.025,0,0,2.447057,0.1537053,2000
2017_11_17_16_36_44_033,-0.04,0,0,2.432225,0.1534085,2000
2017_11_17_16_36_44_109,-0.265035,0,0,2.394762,0.1524706,2000
2017_11_17_16_36_44_176,-0.1003559,0,0,2.381124,0.1516328,2000
2017_11_17_16_36_44_246,0,0,0,2.360965,0.1504837,2000
2017_11_17_16_36_44_330,0,0,0,2.34199,0.1493117,2000
2017_11_17_16_36_44_404,0,0,0,2.323176,0.1481364,2000
2017_11_17_16_36_44_477,0,0,0,2.304515,0.1469622,2000
2017_11_17_16_36_44_551,-0.015,0,0,2.290597,0.146084,2000
2017_11_17_16_36_44_620,-0.035,0,0,2.272122,0.1449171,2000
2017_11_17_16_36_44_700,-0.45834,0,0,2.224272,0.1436037,2000
2017_11_17_16_36_44_776,-0.2302051,0,0,2.208534,0.1418818,2000
2017_11_17_16_36_44_853,-0.0003570914,0,0,2.194263,0.1407588,2000
2017_11_17_16_36_44_922,-0.02035709,0,0,2.176418,0.1393564,2000
2017_11_17_16_36_45_003,-0.04035709,0,0,2.158871,0.1380572,2000
2017_11_17_16_36_45_077,-0.5751212,0,0,2.111292,0.1368283,2000
2017_11_17_16_36_45_160,-0.3259592,0,0,2.09085,0.134921,2000
2017_11_17_16_36_45_234,-0.3409592,0,0,2.07842,0.133698,2000
2017_11_17_16_36_45_304,-0.3609592,0,0,2.060989,0.1322398,2000
2017_11_17_16_36_45_379,-0.3809592,0,0,2.04353,0.1309078,2000
2017_11_17_16_36_45_456,-0.7729291,0,0,1.982455,0.1291983,2000
2017_11_17_16_36_45_534,-0.5826572,0,0,1.97506,0.1277165,2000
2017_11_17_16_36_45_612,-0.5131202,0,0,1.962086,0.1261519,2000
2017_11_17_16_36_45_704,-0.5381202,0,0,1.940434,0.1244666,2000
2017_11_17_16_36_45_784,-0.5581201,0,0,1.922891,0.123216,2000
2017_11_17_16_36_45_872,-0.5781201,0,0,1.905308,0.1220181,2000
2017_11_17_16_36_45_950,-0.5981201,0,0,1.887674,0.1208538,2000
2017_11_17_16_36_46_046,-0.6231201,0,0,1.865539,0.1194267,2000
2017_11_17_16_36_46_120,-0.6431201,0,0,1.847735,0.1182974,2000
2017_11_17_16_36_46_188,-0.65812,0,0,1.834314,0.1174538,2000
2017_11_17_16_36_46_263,-0.67812,0,0,1.816316,0.1163302,2000
2017_11_17_16_36_46_335,-0.929113,0,0,1.780215,0.1153752,2000
2017_11_17_16_36_46_436,-0.578719,0,0,1.768925,0.1135339,2000
2017_11_17_16_36_46_517,-0.335359,0,0,1.75752,0.1121944,2000
2017_11_17_16_36_46_598,-0.09219098,0.04686606,0,1.718214,0.1112792,2000
2017_11_17_16_36_46_668,0,0.2584561,0,1.844969,0.1109512,2000
2017_11_17_16_36_46_751,0,0.50643,0,2.220801,0.1151823,2000
2017_11_17_16_36_46_834,0,0.7056121,0,2.825388,0.128253,2000
2017_11_17_16_36_46_926,0,1,0,3.877389,0.1592282,2000
2017_11_17_16_36_47_003,0,1,0,4.812418,0.1960233,2000
2017_11_17_16_36_47_085,0,1,0,5.739591,0.2401875,2000
2017_11_17_16_36_47_168,0,1,0,6.659618,0.2890296,2000
2017_11_17_16_36_47_252,0,1,0,7.572495,0.3407869,2000
2017_11_17_16_36_47_332,0,0.866758,0,8.447368,0.394266,2000
2017_11_17_16_36_47_410,0,0.6319301,0,9.110806,0.4464797,2000
2017_11_17_16_36_47_487,-0.005,0.403579,0,9.546358,0.4929897,2000
2017_11_17_16_36_47_570,-0.025,0.1535231,0,9.739121,0.5308092,2000
2017_11_17_16_36_47_645,-0.04499999,0,0,9.714203,0.557671,2000
2017_11_17_16_36_47_722,-0.06499999,0,0,9.63544,0.5739914,2000
2017_11_17_16_36_47_790,-0.08,0,0,9.576634,0.5812844,2000
2017_11_17_16_36_47_868,-0.1,0,0,9.498603,0.5865337,2000
2017_11_17_16_36_47_950,-0.12,0,0,9.42101,0.5883044,2000
2017_11_17_16_36_48_019,-0.14,0,0,9.343855,0.5878022,2000
2017_11_17_16_36_48_098,-0.16,0,0,9.267142,0.5858184,2000
2017_11_17_16_36_48_170,-0.175,0,0,9.209897,0.5836776,2000
2017_11_17_16_36_48_252,-0.8452539,0,0,8.955062,0.5796447,2000
2017_11_17_16_36_48_322,-0.6361299,0,0,8.793882,0.57091,2000
2017_11_17_16_36_48_404,-0.3896469,0,0,8.738665,0.5630863,2000
2017_11_17_16_36_48_476,-0.215638,0,0,8.692617,0.5582379,2000
2017_11_17_16_36_48_552,-0.235638,0,0,8.627237,0.5525271,2000
2017_11_17_16_36_48_630,-0.255638,0,0,8.558917,0.5473505,2000
2017_11_17_16_36_48_703,-0.4191821,0,0,8.439376,0.5417349,2000
2017_11_17_16_36_48_770,-0.2167211,0,0,8.394148,0.5375962,2000
2017_11_17_16_36_48_851,0,0,0,8.320382,0.5325386,2000
2017_11_17_16_36_48_934,0,0,0,8.24991,0.5276013,2000
2017_11_17_16_36_49_017,-0.01,0,0,8.166849,0.5217513,2000
2017_11_17_16_36_49_092,-0.025,0,0,8.117434,0.5183839,2000
2017_11_17_16_36_49_170,-0.04499999,0,0,8.051893,0.5140108,2000
2017_11_17_16_36_49_249,-0.06499999,0,0,7.986648,0.5097354,2000
2017_11_17_16_36_49_345,-0.09,0,0,7.905573,0.5044887,2000
2017_11_17_16_36_49_423,-0.11,0,0,7.841122,0.5003499,2000
2017_11_17_16_36_49_497,-0.13,0,0,7.777041,0.4962523,2000
2017_11_17_16_36_49_567,-0.145,0,0,7.729226,0.4932024,2000
2017_11_17_16_36_49_651,-0.165,0,0,7.665791,0.4891634,2000
2017_11_17_16_36_49_751,-0.19,0,0,7.587025,0.484155,2000
2017_11_17_16_36_49_832,-0.2099999,0,0,7.524427,0.4801784,2000
2017_11_17_16_36_49_916,-0.2299999,0,0,7.462055,0.4762258,2000
2017_11_17_16_36_49_995,-0.2499999,0,0,7.40017,0.4722962,2000
2017_11_17_16_36_50_067,-0.9287831,0,0,7.247166,0.4683909,2000
2017_11_17_16_36_50_135,-0.770407,0,0,7.088543,0.4629273,2000
2017_11_17_16_36_50_207,-0.6675531,0,0,7.031419,0.4556009,2000
2017_11_17_16_36_50_277,-0.687553,0,0,6.968446,0.4495043,2000
2017_11_17_16_36_50_350,-0.702553,0,0,6.920082,0.4454251,2000
2017_11_17_16_36_50_432,-0.871831,0,0,6.813391,0.4402059,2000
2017_11_17_16_36_50_515,-0.6225131,0,0,6.767126,0.4347692,2000
2017_11_17_16_36_50_588,-0.435949,0,0,6.731171,0.4303981,2000
2017_11_17_16_36_50_664,-0.1759,0,0,6.682775,0.4266691,2000
2017_11_17_16_36_50_733,-0.01420289,0,0,6.634763,0.4239496,2000
2017_11_17_16_36_50_815,0,0,0,6.57892,0.4202576,2000
2017_11_17_16_36_50_883,0,0,0,6.525915,0.4166707,2000
2017_11_17_16_36_50_968,0,0,0,6.47347,0.4131835,2000
2017_11_17_16_36_51_034,0,0.05565602,0,6.444666,0.410619,2000
2017_11_17_16_36_51_103,0,0.310998,0,6.622889,0.4091398,2000
2017_11_17_16_36_51_179,0,0.5385509,0,6.992126,0.4136021,2000
2017_11_17_16_36_51_249,0,0.7507591,0,7.428102,0.4223979,2000
2017_11_17_16_36_51_319,0,0.95985,0,8.20378,0.4432244,2000
2017_11_17_16_36_51_400,0,1,0,9.101625,0.4749872,2000
2017_11_17_16_36_51_481,0,1,0,9.995465,0.5151147,2000
2017_11_17_16_36_51_548,0,1,0,10.66123,0.5488443,2000
2017_11_17_16_36_51_618,0,1,0,11.6411,0.5969859,2000
2017_11_17_16_36_51_694,0,1,0,11.95008,0.6350694,2000
2017_11_17_16_36_51_766,0,1,0,13.09611,0.6852667,2000
2017_11_17_16_36_51_835,0,1,0,13.79279,0.723974,2000
2017_11_17_16_36_51_915,0,1,0,14.70631,0.7769383,2000
2017_11_17_16_36_51_988,0,1,0,15.55057,0.8298981,2000
2017_11_17_16_36_52_065,0,1,0,16.3852,0.8829799,2000
2017_11_17_16_36_52_136,0,1,0,17.21024,0.7844869,2000
2017_11_17_16_36_52_214,0,1,0,17.62709,0.6841725,2000
2017_11_17_16_36_52_281,0,1,0,18.4726,0.6011318,2000
2017_11_17_16_36_52_365,0,1,0,19.30894,0.5580024,2000
2017_11_17_16_36_52_440,0,0.9496989,0,20.13716,0.5409528,2000
2017_11_17_16_36_52_513,0,0.764746,0,20.74158,0.539228,2000
2017_11_17_16_36_52_581,-0.02,0.526174,0,21.19482,0.5449775,2000
2017_11_17_16_36_52_652,-0.035,0.3592419,0,21.29226,0.5517355,2000
2017_11_17_16_36_52_720,-0.05499999,0.1102419,0,21.30218,0.5599111,2000
2017_11_17_16_36_52_788,-0.06999999,0,0,21.38858,0.563308,2000
2017_11_17_16_36_52_872,-0.09,0,0,21.22805,0.564576,2000
2017_11_17_16_36_52_943,-0.11,0,0,21.05825,0.5630135,2000
2017_11_17_16_36_53_014,-0.125,0,0,20.6227,0.5612376,2000
2017_11_17_16_36_53_087,-0.145,0,0,20.44728,0.5568947,2000
2017_11_17_16_36_53_168,-0.165,0,0,20.27227,0.551685,2000
2017_11_17_16_36_53_250,-0.185,0,0,20.0978,0.5459167,2000
2017_11_17_16_36_53_331,-0.2049999,0,0,19.92305,0.5397943,2000
2017_11_17_16_36_53_398,-0.2249999,0,0,19.74749,0.5334508,2000
2017_11_17_16_36_53_466,-0.2399999,0,0,19.97936,0.5278386,2000
2017_11_17_16_36_53_534,-0.892069,0,0,19.42785,0.5230849,2000
2017_11_17_16_36_53_616,-0.600853,0,0,19.28394,0.5098061,2000
2017_11_17_16_36_53_695,-0.409306,0,0,18.76318,0.5029283,2000
2017_11_17_16_36_53_771,-0.174601,0,0,18.62516,0.4940504,2000
2017_11_17_16_36_53_846,0,0,0,18.45037,0.4860953,2000
2017_11_17_16_36_53_916,0,0,0,18.27523,0.4786466,2000
2017_11_17_16_36_54_013,0,0,0,18.10504,0.4716052,2000
2017_11_17_16_36_54_082,0,0,0,17.94608,0.4648724,2000
2017_11_17_16_36_54_152,0,0,0,18.34038,0.4589227,2000
2017_11_17_16_36_54_233,0,0,0,18.19596,0.4525856,2000
2017_11_17_16_36_54_315,0,0,0,18.05256,0.4464114,2000
2017_11_17_16_36_54_382,0,0.04354799,0,17.90749,0.4403587,2000
2017_11_17_16_36_54_450,0,0.2044861,0,17.38856,0.4371566,2000
2017_11_17_16_36_54_528,0,0.480303,0,17.62446,0.4339419,2000
2017_11_17_16_36_54_602,0,0.7022039,0,18.11162,0.4359085,2000
2017_11_17_16_36_54_669,0,0.866019,0,18.85424,0.4410976,2000
2017_11_17_16_36_54_743,0,1,0,19.61898,0.4553283,2000
2017_11_17_16_36_54_818,0,1,0,20.41284,0.4759138,2000
2017_11_17_16_36_54_901,0,1,0,21.20354,0.5005678,2000
2017_11_17_16_36_54_983,0,1,0,21.98863,0.5277933,2000
2017_11_17_16_36_55_053,0,1,0,22.54517,0.5493601,2000
2017_11_17_16_36_55_133,0,1,0,23.33948,0.5788864,2000
2017_11_17_16_36_55_205,0,1,0,24.12339,0.6090387,2000
2017_11_17_16_36_55_284,0,1,0,24.89812,0.6395141,2000
2017_11_17_16_36_55_354,0,1,0,25.47504,0.6624575,2000
2017_11_17_16_36_55_423,0,0.9043989,0,26.21371,0.693062,2000
2017_11_17_16_36_55_492,0,0.736753,0,26.66353,0.7153951,2000
2017_11_17_16_36_55_561,-0.015,0.4897088,0,27.02439,0.7421849,2000
2017_11_17_16_36_55_633,-0.03,0.3145749,0,27.15596,0.7587722,2000
2017_11_17_16_36_55_710,-0.05,0.0447309,0,27.12668,0.7752057,2000
2017_11_17_16_36_55_782,-0.06999999,0,0,26.91083,0.7842883,2000
2017_11_17_16_36_55_849,-0.085,0,0,26.74631,0.7869434,2000
2017_11_17_16_36_55_927,-0.105,0,0,26.52752,0.7867154,2000
2017_11_17_16_36_55_997,-0.125,0,0,26.30957,0.7835609,2000
2017_11_17_16_36_56_068,-0.14,0,0,26.14666,0.7799014,2000
2017_11_17_16_36_56_146,-0.16,0,0,25.93015,0.7738591,2000
2017_11_17_16_36_56_226,-0.18,0,0,25.71446,0.7669212,2000
2017_11_17_16_36_56_296,-0.9474522,0,0,25.49941,0.7613266,2000
2017_11_17_16_36_56_374,-0.668305,0,0,24.93228,0.7502074,2000
2017_11_17_16_36_56_451,-0.4359191,0,0,24.63985,0.7368309,2000
2017_11_17_16_36_56_518,-0.234502,0,0,24.4585,0.7250038,2000
2017_11_17_16_36_56_594,-0.04241204,0,0,24.30496,0.7171986,2000
2017_11_17_16_36_56_668,0,0,0,24.09273,0.7073912,2000
2017_11_17_16_36_56_748,0,0,0,23.89608,0.6981425,2000
2017_11_17_16_36_56_820,0,0,0,23.70351,0.6893933,2000
2017_11_17_16_36_56_893,0,0,0,23.56051,0.6830803,2000
2017_11_17_16_36_56_970,0,0,0,23.37103,0.67491,2000
2017_11_17_16_36_57_049,0,0,0,23.18311,0.6669522,2000
2017_11_17_16_36_57_126,0,0,0,22.99672,0.6591548,2000
2017_11_17_16_36_57_199,0,0,0,22.81182,0.6514833,2000
2017_11_17_16_36_57_269,0,0,0,22.67413,0.6457983,2000
2017_11_17_16_36_57_351,0,0.08775294,0,22.49185,0.6382973,2000
2017_11_17_16_36_57_426,0,0.310845,0,22.50124,0.6316996,2000
2017_11_17_16_36_57_508,0,0.5544779,0,22.72623,0.6286563,2000
2017_11_17_16_36_57_573,0,0.711408,0,23.04268,0.6298899,2000
2017_11_17_16_36_57_648,0,0.9776759,0,23.66538,0.6372167,2000
2017_11_17_16_36_57_729,0,1,0,24.44405,0.6517152,2000
2017_11_17_16_36_57_802,0,1,0,25.21476,0.6718822,2000
2017_11_17_16_36_57_869,0,1,0,25.7889,0.6894734,2000
2017_11_17_16_36_57_946,0,1,0,26.54883,0.7150935,2000
2017_11_17_16_36_58_016,0,1,0,27.30261,0.742322,2000
2017_11_17_16_36_58_095,0,1,0,27.86398,0.7634065,2000
2017_11_17_16_36_58_170,0,1,0,28.60716,0.7920518,2000
2017_11_17_16_36_58_251,0,1,0,29.34435,0.8210357,2000
2017_11_17_16_36_58_333,0,1,0,30.07563,0.8501596,2000
2017_11_17_16_36_58_401,0,0.794323,0,30.7154,0.8790619,2000
2017_11_17_16_36_58_479,-0.005,0.5615559,0,31.12311,0.9055268,2000
2017_11_17_16_36_58_564,-0.025,0.304606,0,31.2918,0.9271614,2000
2017_11_17_16_36_58_632,-0.04,0.1436889,0,31.27088,0.9392346,2000
2017_11_17_16_36_58_713,-0.05999999,0,0,31.05498,0.949069,2000
2017_11_17_16_36_58_794,-0.08,0,0,30.80223,0.9521646,2000
2017_11_17_16_36_58_875,-0.1,0,0,30.5505,0.9507254,2000
2017_11_17_16_36_58_957,-0.125,0,0,30.23702,0.9448894,2000
2017_11_17_16_36_59_033,-0.14,0,0,30.049,0.9399872,2000
2017_11_17_16_36_59_114,-0.16,0,0,29.79906,0.932384,2000
2017_11_17_16_36_59_187,-0.18,0,0,29.55039,0.9239647,2000
2017_11_17_16_36_59_271,-0.1999999,0,0,29.30277,0.9150265,2000
2017_11_17_16_36_59_355,-0.7474661,0,0,28.67943,0.903782,2000
2017_11_17_16_36_59_435,-0.554482,0,0,28.27901,0.8886944,2000
2017_11_17_16_36_59_503,-0.30463,0,0,28.05979,0.874498,2000
2017_11_17_16_36_59_582,-0.06719798,0,0,27.84475,0.8623036,2000
2017_11_17_16_36_59_652,0,0,0,27.66295,0.8538687,2000
2017_11_17_16_36_59_719,0,0,0,27.43453,0.8431676,2000
2017_11_17_16_36_59_800,0,0,0,27.21279,0.8330511,2000
2017_11_17_16_36_59_880,0,0,0,26.99382,0.8233812,2000
2017_11_17_16_36_59_956,0,0,0,26.77677,0.8140357,2000
2017_11_17_16_37_00_030,0,0,0,26.61513,0.8071864,2000
2017_11_17_16_37_00_099,0,0,0,26.40112,0.7982181,2000
2017_11_17_16_37_00_171,0,0,0,26.24174,0.7915921,2000
2017_11_17_16_37_00_244,0,0,0,26.03075,0.7828674,2000
2017_11_17_16_37_00_334,0,0.07598108,0,25.82146,0.7742501,2000
2017_11_17_16_37_00_415,0,0.2712541,0,25.7754,0.7664361,2000
2017_11_17_16_37_00_483,0,0.521928,0,25.97268,0.7620112,2000
2017_11_17_16_37_00_554,0,0.7030801,0,26.24981,0.7621558,2000
2017_11_17_16_37_00_628,0,0.922233,0,26.8324,0.7678783,2000
2017_11_17_16_37_00_698,0,1,0,27.57289,0.7806985,2000
2017_11_17_16_37_00_767,0,1,0,28.13151,0.7942979,2000
2017_11_17_16_37_00_837,0,1,0,28.87269,0.8159892,2000
2017_11_17_16_37_00_913,0,1,0,29.42458,0.834093,2000
2017_11_17_16_37_00_991,0,1,0,30.15508,0.8598267,2000
2017_11_17_16_37_01_062,0,1,0,30.87988,0.8867264,2000
2017_11_17_16_37_01_132,0,1,0,31.41963,0.9073713,2000
2017_11_17_16_37_01_201,0,1,0,32.13415,0.9352577,2000
2017_11_17_16_37_01_268,0,1,0,32.66629,0.906784,2000
2017_11_17_16_37_01_343,0,1,0,33.37078,0.8224192,2000
2017_11_17_16_37_01_412,0,1,0,33.89542,0.7824845,2000
2017_11_17_16_37_01_480,0,1,0,34.59,0.7503457,2000
2017_11_17_16_37_01_550,0,1,0,35.10727,0.7373611,2000
2017_11_17_16_37_01_621,0,0.8289219,0,35.74517,0.7300622,2000
2017_11_17_16_37_01_695,0,0.6064631,0,36.07484,0.7292763,2000
2017_11_17_16_37_01_764,-0.02,0.3986169,0,36.30249,0.7309281,2000
2017_11_17_16_37_01_837,-0.04,0.180463,0,36.30572,0.7331008,2000
2017_11_17_16_37_01_917,-0.05999999,0,0,36.08011,0.7338329,2000
2017_11_17_16_37_01_996,-0.08,0,0,35.78678,0.7322086,2000
2017_11_17_16_37_02_076,-0.09500001,0,0,35.56734,0.7298324,2000
2017_11_17_16_37_02_152,-0.115,0,0,35.27552,0.7256209,2000
2017_11_17_16_37_02_232,-0.135,0,0,34.98451,0.7206022,2000
2017_11_17_16_37_02_302,-0.155,0,0,34.69423,0.7150601,2000
2017_11_17_16_37_02_370,-0.8401901,0,0,34.28941,0.7105588,2000
2017_11_17_16_37_02_448,-0.607279,0,0,33.68321,0.7019894,2000
2017_11_17_16_37_02_527,-0.3695049,0,0,33.33702,0.6924837,2000
2017_11_17_16_37_02_597,-0.1593699,0,0,33.08326,0.6839687,2000
2017_11_17_16_37_02_665,0,0,0,32.87442,0.6782168,2000
2017_11_17_16_37_02_734,0,0,0,32.66995,0.6727433,2000
2017_11_17_16_37_02_814,0,0.07709706,0,32.40545,0.6658285,2000
2017_11_17_16_37_02_891,0,0.27441,0,32.30029,0.6596206,2000
2017_11_17_16_37_02_958,0.005,0.510465,0,32.40749,0.6553821,2000
2017_11_17_16_37_03_034,0.02,0.3211799,0,32.51809,0.6540304,2000
2017_11_17_16_37_03_112,0.04,0.09342295,0,32.45938,0.6531916,2000
2017_11_17_16_37_03_186,0.05999999,0,0,32.21571,0.6515045,2000
2017_11_17_16_37_03_265,0.08,0,0,31.95156,0.648383,2000
2017_11_17_16_37_03_343,0.961201,0,0,31.64763,0.5412162,2000
2017_11_17_16_37_03_415,0.782806,0,0,31.10689,0.6594583,2000
2017_11_17_16_37_03_495,0.543694,0,0,30.61099,0.7611735,2000
2017_11_17_16_37_03_573,0.3082991,0,0,30.34897,0.8226382,2000
2017_11_17_16_37_03_648,0.04579306,0,0,30.11443,0.859639,2000
2017_11_17_16_37_03_724,0,0,0,29.85654,0.8804961,2000
2017_11_17_16_37_03_799,0,0,0,29.61445,0.89074,2000
2017_11_17_16_37_03_881,0,0,0,29.37767,0.8941669,2000
2017_11_17_16_37_03_950,0,0.03814495,0,29.20181,0.8937405,2000
2017_11_17_16_37_04_020,0,0.2893889,0,29.12216,0.8910834,2000
2017_11_17_16_37_04_088,0,0.4597169,0,29.22425,0.8896949,2000
2017_11_17_16_37_04_169,0,0.7364008,0,29.55307,0.8910062,2000
2017_11_17_16_37_04_250,0,0.9801509,0,30.12546,0.8978285,2000
2017_11_17_16_37_04_319,-0.02,0.849988,0,30.81214,0.9112478,2000
2017_11_17_16_37_04_387,-0.035,0.6432219,0,31.1756,0.9240053,2000
2017_11_17_16_37_04_468,-0.05499999,0.401839,0,31.45872,0.9406329,2000
2017_11_17_16_37_04_535,-0.5838452,0.2421309,0,31.36019,0.9509263,2000
2017_11_17_16_37_04_606,-0.3305252,0,0,31.09772,0.9575281,2000
2017_11_17_16_37_04_683,-0.09795016,0,0,30.84305,0.9582381,2000
2017_11_17_16_37_04_750,0,0,0,30.65092,0.9562805,2000
2017_11_17_16_37_04_818,0,0,0,30.40037,0.9513438,2000
2017_11_17_16_37_04_887,0,0,0,30.21608,0.9464754,2000
2017_11_17_16_37_04_958,0,0,0,29.97286,0.9389758,2000
2017_11_17_16_37_05_033,0,0,0,29.79193,0.9328388,2000
2017_11_17_16_37_05_100,-0.01,0,0,29.55236,0.9242151,2000
2017_11_17_16_37_05_182,-0.03,0,0,29.31443,0.9152716,2000
2017_11_17_16_37_05_261,-0.05,0,0,29.07762,0.9061376,2000
2017_11_17_16_37_05_333,-0.06499999,0,0,28.90056,0.8992107,2000
2017_11_17_16_37_05_401,-0.085,0,0,28.66486,0.8899136,2000
2017_11_17_16_37_05_471,-0.916849,0,0,28.2784,0.8827441,2000
2017_11_17_16_37_05_547,-0.6441461,0,0,27.72105,0.8686892,2000
2017_11_17_16_37_05_626,-0.409261,0,0,27.40976,0.852982,2000
2017_11_17_16_37_05_699,-0.187306,0,0,27.20438,0.8392346,2000
2017_11_17_16_37_05_773,0,0,0,27.0339,0.8301815,2000
2017_11_17_16_37_05_851,0,0,0,26.80421,0.8189512,2000
2017_11_17_16_37_05_924,0,0.184257,0,26.63918,0.8086076,2000
2017_11_17_16_37_05_999,0,0.4111319,0,26.7207,0.8008831,2000
2017_11_17_16_37_06_077,0,0.6460469,0,27.02229,0.798123,2000
2017_11_17_16_37_06_145,0,0.8493419,0,27.38264,0.8001539,2000
2017_11_17_16_37_06_216,0,1,0,28.073,0.809051,2000
2017_11_17_16_37_06_302,0,1,0,28.81452,0.8248653,2000
2017_11_17_16_37_06_387,0.02,1,0,29.54975,0.8454081,2000
2017_11_17_16_37_06_463,0,1,0,30.26636,0.8688448,2000
2017_11_17_16_37_06_530,0,1,0,30.80945,0.8876976,2000
2017_11_17_16_37_06_600,0,0.7882299,0,31.44124,0.9137741,2000
2017_11_17_16_37_06_668,0,0.620944,0,31.77036,0.9324978,2000
2017_11_17_16_37_06_746,0,0.352177,0,32.00656,0.9541462,2000
2017_11_17_16_37_06_818,0,0.1350698,0,31.9947,0.8856723,2000
2017_11_17_16_37_06_889,0,0,0,31.83646,0.7994604,2000
2017_11_17_16_37_06_963,0,0,0,31.57974,0.8647351,2000
2017_11_17_16_37_07_050,0,0,0,31.32463,0.9040381,2000
2017_11_17_16_37_07_125,0,0,0,31.07157,0.926327,2000
2017_11_17_16_37_07_202,0,0,0,30.82053,0.937481,2000
2017_11_17_16_37_07_280,0,0,0,30.5715,0.9413572,2000
2017_11_17_16_37_07_354,0,0,0,30.38605,0.9410465,2000
2017_11_17_16_37_07_433,0.02,0,0,30.14043,0.9377393,2000
2017_11_17_16_37_07_501,0.04,0,0,29.89627,0.9321993,2000
2017_11_17_16_37_07_579,0.246696,0,0,29.54854,0.9244166,2000
2017_11_17_16_37_07_648,0.07176286,0,0,29.36897,0.9176206,2000
2017_11_17_16_37_07_720,0,0,0,29.12799,0.9084,2000
2017_11_17_16_37_07_787,0,0,0,28.95107,0.9014051,2000
2017_11_17_16_37_07_866,0,0,0,28.71811,0.8920601,2000
2017_11_17_16_37_07_935,0,0,0,28.54508,0.8850661,2000
2017_11_17_16_37_08_015,-0.01,0,0,28.31606,0.8757793,2000
2017_11_17_16_37_08_082,-0.09674388,0,0,28.0752,0.8665106,2000
2017_11_17_16_37_08_152,0,0,0,27.90698,0.8594938,2000
2017_11_17_16_37_08_231,0,0.199848,0,27.76252,0.8504339,2000
2017_11_17_16_37_08_301,0,0.444621,0,27.8525,0.8437895,2000
2017_11_17_16_37_08_390,0,0.4112159,0,28.11756,0.8419737,2000
2017_11_17_16_37_08_469,0,0.1753859,0,28.19298,0.8435977,2000
2017_11_17_16_37_08_545,0,0.2197198,0,28.1052,0.8444281,2000
2017_11_17_16_37_08_620,0,0.4444467,0,28.19496,0.844541,2000
2017_11_17_16_37_08_688,0,0.6492206,0,28.41125,0.8461472,2000
2017_11_17_16_37_08_767,0,0.8876608,0,28.90482,0.8522592,2000
2017_11_17_16_37_08_835,0,1,0,29.42809,0.8606796,2000
2017_11_17_16_37_08_902,0,1,0,30.15782,0.8773033,2000
2017_11_17_16_37_08_972,0,1,0,30.70228,0.8926926,2000
2017_11_17_16_37_09_043,0,1,0,31.42267,0.9157937,2000
2017_11_17_16_37_09_119,0,1,0,32.13934,0.9408357,2000
2017_11_17_16_37_09_201,0,1,0,32.84814,0.8836963,2000
2017_11_17_16_37_09_269,0,1,0,33.37536,0.8239723,2000
2017_11_17_16_37_09_350,0,1,0,34.07622,0.7735607,2000
2017_11_17_16_37_09_434,0,1,0,34.76828,0.7458816,2000
2017_11_17_16_37_09_512,0,1,0,35.45554,0.7330611,2000
2017_11_17_16_37_09_587,0,1,0,36.13756,0.7299511,2000
2017_11_17_16_37_09_659,0,1,0,36.81411,0.7331707,2000
2017_11_17_16_37_09_732,0,1,0,37.31793,0.7383727,2000
2017_11_17_16_37_09_802,0,1,0,37.98493,0.7477995,2000
2017_11_17_16_37_09_878,0,0.8901432,0,38.63228,0.7591283,2000
2017_11_17_16_37_09_949,-0.005,0.6769902,0,38.99129,0.7681305,2000
2017_11_17_16_37_10_029,-0.025,0.43648,0,39.25457,0.7791272,2000
2017_11_17_16_37_10_100,-0.4402199,0.224146,0,39.23538,0.7876358,2000
2017_11_17_16_37_10_188,-0.1769729,0,0,38.94419,0.7919643,2000
2017_11_17_16_37_10_265,0,0,0,38.62965,0.7924407,2000
2017_11_17_16_37_10_335,0,0,0,38.39478,0.7910411,2000
2017_11_17_16_37_10_418,-0.025,0,0,38.00924,0.7865354,2000
2017_11_17_16_37_10_486,-0.1318198,0,0,37.7545,0.7828875,2000
2017_11_17_16_37_10_582,0,0,0,37.37463,0.7758455,2000
2017_11_17_16_37_10_660,0,0,0,37.07384,0.7697648,2000
2017_11_17_16_37_10_738,-0.015,0,0,36.77571,0.7634565,2000
2017_11_17_16_37_10_817,-0.008787274,0,0,36.47079,0.7569695,2000
2017_11_17_16_37_10_887,0,0,0,36.25049,0.7520516,2000
2017_11_17_16_37_10_961,0,0,0,35.95893,0.7454847,2000
2017_11_17_16_37_11_030,0,0,0,35.74181,0.7405651,2000
2017_11_17_16_37_11_100,0,0,0,35.45435,0.7340254,2000
2017_11_17_16_37_11_171,0,0,0,35.24027,0.7291411,2000
2017_11_17_16_37_11_252,-0.02,0,0,34.95666,0.7226618,2000
2017_11_17_16_37_11_333,-0.003441095,0,0,34.65798,0.7161419,2000
2017_11_17_16_37_11_417,0,0,0,34.30959,0.7080299,2000
2017_11_17_16_37_11_501,-0.02,0,0,34.03368,0.7016334,2000
2017_11_17_16_37_11_570,-0.2132937,0,0,33.79543,0.6968435,2000
2017_11_17_16_37_11_653,0,0,0,33.51847,0.6902985,2000
2017_11_17_16_37_11_727,0,0,0,33.248,0.6838946,2000
2017_11_17_16_37_11_799,0,0,0,32.98043,0.67761,2000
2017_11_17_16_37_11_874,0,0,0,32.78128,0.6729621,2000
2017_11_17_16_37_11_947,0,0,0,32.51765,0.6668385,2000
2017_11_17_16_37_12_020,0,0.08565313,0,32.26942,0.6607876,2000
2017_11_17_16_37_12_099,0,0.3235951,0,32.19763,0.6553383,2000
2017_11_17_16_37_12_188,0,0.590295,0,32.39336,0.6519924,2000
2017_11_17_16_37_12_268,0,0.831741,0,32.79414,0.6519869,2000
2017_11_17_16_37_12_341,0,1,0,33.41404,0.6558451,2000
2017_11_17_16_37_12_419,0,1,0,34.11294,0.663548,2000
2017_11_17_16_37_12_488,0,1,0,34.63312,0.6711831,2000
2017_11_17_16_37_12_560,0,1,0,35.32182,0.6830105,2000
2017_11_17_16_37_12_630,0,1,0,35.83466,0.6927263,2000
2017_11_17_16_37_12_708,0,1,0,36.51363,0.7064114,2000
2017_11_17_16_37_12_787,0,1,0,37.18711,0.7206264,2000
2017_11_17_16_37_12_868,0,1,0,37.85515,0.735147,2000
2017_11_17_16_37_12_934,0,1,0,38.35264,0.7461474,2000
2017_11_17_16_37_13_003,0,1,0,39.01128,0.7608803,2000
2017_11_17_16_37_13_078,0,1,0,39.66463,0.7756261,2000
2017_11_17_16_37_13_149,0,1,0,40.15116,0.7866662,2000
2017_11_17_16_37_13_218,0,1,0,40.79531,0.8013353,2000
2017_11_17_16_37_13_291,0,1,0,41.27502,0.8122876,2000
2017_11_17_16_37_13_365,0,1,0,41.91009,0.8268129,2000
2017_11_17_16_37_13_437,0,1,0,42.54004,0.8412409,2000
2017_11_17_16_37_13_515,0,1,0,43.00919,0.8519942,2000
2017_11_17_16_37_13_591,0,0.9405131,0,43.63027,0.8662388,2000
2017_11_17_16_37_13_669,0,0.707545,0,44.11605,0.8801067,2000
2017_11_17_16_37_13_747,0,0.4721801,0,44.38177,0.8922438,2000
2017_11_17_16_37_13_821,-0.015,0.2514071,0,44.39639,0.9014915,2000
2017_11_17_16_37_13_888,-0.2758681,0.04812998,0,44.22719,0.9059757,2000
2017_11_17_16_37_13_968,-0.03685516,0,0,43.85634,0.9079186,2000
2017_11_17_16_37_14_038,0,0,0,43.50284,0.9064054,2000
2017_11_17_16_37_14_114,0,0,0,43.23993,0.9037754,2000
2017_11_17_16_37_14_184,0,0,0,42.89204,0.8989351,2000
2017_11_17_16_37_14_255,0,0,0,42.63302,0.8946138,2000
2017_11_17_16_37_14_322,0,0,0,42.29008,0.8882438,2000
2017_11_17_16_37_14_390,-0.015,0,0,42.03461,0.8831572,2000
2017_11_17_16_37_14_462,-0.035,0,0,41.69576,0.8761104,2000
2017_11_17_16_37_14_539,-0.1907972,0,0,41.26608,0.868468,2000
2017_11_17_16_37_14_612,-0.03015519,0,0,41.01659,0.8625083,2000
2017_11_17_16_37_14_688,-0.0653463,0,0,40.68512,0.8547112,2000
2017_11_17_16_37_14_762,0,0,0,40.35777,0.8470418,2000
2017_11_17_16_37_14_831,-0.015,0,0,40.11416,0.8413642,2000
2017_11_17_16_37_14_901,-0.1045232,0,0,39.77435,0.8338336,2000
2017_11_17_16_37_14_973,0,0,0,39.53399,0.8281855,2000
2017_11_17_16_37_15_047,0,0,0,39.21588,0.820759,2000
2017_11_17_16_37_15_118,0,0,0,38.90046,0.8134336,2000
2017_11_17_16_37_15_189,0,0,0,38.66555,0.807997,2000
2017_11_17_16_37_15_274,0,0.147813,0,38.36928,0.8008162,2000
2017_11_17_16_37_15_351,0,0.380241,0,38.27445,0.7943863,2000
2017_11_17_16_37_15_427,0,0.6075241,0,38.42325,0.7901663,2000
2017_11_17_16_37_15_502,0,0.8323261,0,38.79197,0.7892525,2000
2017_11_17_16_37_15_572,0,1,0,39.21746,0.7910713,2000
2017_11_17_16_37_15_653,0,1,0,39.86911,0.7970244,2000
2017_11_17_16_37_15_739,0,1,0,40.6758,0.8085241,2000
2017_11_17_16_37_15_818,0,1,0,41.31535,0.8197204,2000
2017_11_17_16_37_15_898,0,1,0,41.94902,0.832004,2000
2017_11_17_16_37_15_967,0,1,0,42.4211,0.8416631,2000
2017_11_17_16_37_16_035,0,1,0,42.89043,0.8515772,2000
2017_11_17_16_37_16_107,0,1,0,43.51182,0.8650473,2000
2017_11_17_16_37_16_178,0,1,0,44.12814,0.8786772,2000
2017_11_17_16_37_16_250,0,1,0,44.58712,0.8889465,2000
2017_11_17_16_37_16_321,0,1,0,45.19473,0.9026502,2000
2017_11_17_16_37_16_399,0,1,0,45.79744,0.9163272,2000
2017_11_17_16_37_16_478,0,1,0,46.39527,0.929949,2000
2017_11_17_16_37_16_571,0,1,0,46.9883,0.943497,2000
2017_11_17_16_37_16_650,0,1,0,47.5763,0.9569594,2000
2017_11_17_16_37_16_733,0,1,0,48.16009,0.9702924,2000
2017_11_17_16_37_16_802,0,1,0,48.73846,0.9376774,2000
2017_11_17_16_37_16_884,0,1,0,49.31445,0.9074351,2000
2017_11_17_16_37_16_957,0,1,0,49.8531,0.889533,2000
2017_11_17_16_37_17_035,0,1,0,49.85816,0.8807428,2000
2017_11_17_16_37_17_104,0,1,0,49.85816,0.872611,2000
2017_11_17_16_37_17_181,0,1,0,49.85814,0.8672757,2000
2017_11_17_16_37_17_253,0,1,0,49.85817,0.8645173,2000
2017_11_17_16_37_17_322,0,1,0,49.85819,0.8619654,2000
2017_11_17_16_37_17_418,0,0.8961461,0,49.83653,0.8599718,2000
2017_11_17_16_37_17_495,-0.015,0.6672611,0,49.79614,0.8591927,2000
2017_11_17_16_37_17_576,-0.04,0.4219421,0,49.71478,0.8583345,2000
2017_11_17_16_37_17_660,-0.05999999,0.1707311,0,49.61589,0.8578449,2000
2017_11_17_16_37_17_748,-0.8233051,0,0,49.24994,0.8568858,2000
2017_11_17_16_37_17_824,-0.5973031,0,0,48.45418,0.8542201,2000
2017_11_17_16_37_17_893,-0.3902462,0,0,48.01741,0.8511373,2000
2017_11_17_16_37_17_973,-0.1509871,0,0,47.60496,0.7237866,2000
2017_11_17_16_37_18_046,0,0,0,47.22068,0.8145181,2000
2017_11_17_16_37_18_124,0,0,0,46.83447,0.8710542,2000
2017_11_17_16_37_18_205,0.005,0,0,46.45094,0.905168,2000
2017_11_17_16_37_18_277,0.025,0,0,46.0553,0.9245811,2000
2017_11_17_16_37_18_345,0.04,0,0,45.7186,0.9324175,2000
2017_11_17_16_37_18_424,0.05999999,0,0,45.29946,0.936656,2000
2017_11_17_16_37_18_500,0.08,0,0,44.87688,0.9361703,2000
2017_11_17_16_37_18_580,0.1,0,0,44.46726,0.9327201,2000
2017_11_17_16_37_18_660,0.12,0,0,44.04391,0.9272506,2000
2017_11_17_16_37_18_741,0.9520271,0,0,43.65236,0.9205241,2000
2017_11_17_16_37_18_817,0.7230551,0,0,43.05655,0.9121163,2000
2017_11_17_16_37_18_901,0.4726961,0,0,37.72908,0.8833326,2000
2017_11_17_16_37_18_982,0.2285711,0,0,35.43954,0.8367584,2000
2017_11_17_16_37_19_053,0.01522911,0,0,33.73972,0.8007062,2000
2017_11_17_16_37_19_135,0,0,0,31.55616,0.7520139,2000
2017_11_17_16_37_19_219,0,0.251448,0,28.94676,0.6721551,2000
2017_11_17_16_37_19_294,0,0.4470211,0,27.46607,0.7222228,2000
2017_11_17_16_37_19_370,0,0.669486,0,25.62899,0.7449337,2000
2017_11_17_16_37_19_451,0,0.9471,0,23.89806,0.7352574,2000
2017_11_17_16_37_19_532,0,1,0,22.27767,0.7053764,2000
2017_11_17_16_37_19_605,0,1,0,20.56225,0.6630569,2000
2017_11_17_16_37_19_673,0,1,0,19.32647,0.6255823,2000
2017_11_17_16_37_19_751,0,1,0,17.68223,0.5707484,2000
2017_11_17_16_37_19_820,0,1,0,16.03595,0.5121656,2000
2017_11_17_16_37_19_895,0.01,1,0,14.80564,0.2686051,2000
2017_11_17_16_37_19_970,0.03,1,0,13.16217,0.4800966,2000
2017_11_17_16_37_20_053,0.05,1,0,11.37771,0.5835947,2000
2017_11_17_16_37_20_128,0.06999999,1,0,9.627696,0.6103024,1960
2017_11_17_16_37_20_206,0.09,1,0,8.144224,0.5949785,1880
2017_11_17_16_37_20_286,0.11,1,0,6.404424,0.5501729,2000
2017_11_17_16_37_20_381,0.135,1,0,4.414377,0.4665416,2000
2017_11_17_16_37_20_468,0.8178549,1,0,2.559159,0.3856147,2000
2017_11_17_16_37_20_541,0.659922,1,0,0.6878504,0.2916127,2000
2017_11_17_16_37_20_618,0.6799219,1,0,0.001161306,0.1958097,2000
2017_11_17_16_37_20_686,0.694922,1,0,0.0008838244,0.142775,2000
2017_11_17_16_37_20_762,0.714922,0.946366,0,0.0007943159,0.09370776,2000
2017_11_17_16_37_20_833,0.7299219,0.7834721,0,0.0007235846,0.06834174,2000
2017_11_17_16_37_20_907,0.9446409,0.5129049,0,0.0001801237,0.04487642,2000
2017_11_17_16_37_20_981,0.7214832,0.2897471,0,0.0006680007,0.02947503,2000
2017_11_17_16_37_21_055,0.5529221,0.121186,0,0.001308263,0.02151552,2000
2017_11_17_16_37_21_140,0.244843,0,0,0.002072602,0.01274827,2000
2017_11_17_16_37_21_208,0.04070508,0,0,0.0004007046,0.009313804,2000
2017_11_17_16_37_21_287,0,0,0,0.001448929,0.006133381,2000
2017_11_17_16_37_21_354,0,0,0,0.002314223,0.004519293,2000
2017_11_17_16_37_21_424,0,0,0,0.002383457,0.003065688,2000
2017_11_17_16_37_21_493,0,0,0,0.004453603,0.002301244,2000
2017_11_17_16_37_21_563,0,0,0,0.003789972,0.001577146,2000
2017_11_17_16_37_21_635,0,0,0,0.001750608,0.001182244,2000
2017_11_17_16_37_21_708,0,0,0,0.003789832,0.0008104268,2000
2017_11_17_16_37_21_776,0,0,0,0.00337628,0.0005732681,2000
2017_11_17_16_37_21_853,0,0,0,0.003428193,0.0004440375,2000
2017_11_17_16_37_21_932,0,0,0,0.003591452,0.0003315642,2000
2017_11_17_16_37_22_003,0,0,0,0.001836214,0.0002644267,2000
2017_11_17_16_37_22_069,0,0,0,0.003591847,0.0002178433,2000
2017_11_17_16_37_22_148,0,0,0,0.001764442,0.0001905644,2000
2017_11_17_16_37_22_217,0,0,0,0.001012004,0.0001694994,2000
2017_11_17_16_37_22_288,0,0,0,0.001729174,0.0001584668,2000
2017_11_17_16_37_22_357,0.005,0,0,0.0009434109,0.0001477146,2000
2017_11_17_16_37_22_432,0.02,0,0,0.001852166,0.0001383341,2000
2017_11_17_16_37_22_504,0.04,0,0,0.0008531387,0.0001337187,2000
2017_11_17_16_37_22_576,0.05499999,0,0,0.001763149,0.0001292041,2000
2017_11_17_16_37_22_662,0.8413589,0,0,0.0005429959,0.0001217911,2000
2017_11_17_16_37_22_735,0.6611429,0,0,0.0005051952,0.0001241737,2000
2017_11_17_16_37_22_816,0.376926,0,0,0.003789616,0.0001103761,2000
2017_11_17_16_37_22_890,0.1566119,0,0,0.00227756,0.0001109131,2000
2017_11_17_16_37_22_959,0,0,0,0.00368067,0.0001078555,2000
2017_11_17_16_37_23_038,0,0,0,0.003548349,0.0001122672,2000
2017_11_17_16_37_23_112,0,0,0,0.003724861,0.0001080243,2000
2017_11_17_16_37_23_192,0,0,0,0.003599352,0.0001129997,2000
2017_11_17_16_37_23_284,0,0,0,0.000205435,0.0001199741,2000
2017_11_17_16_37_23_364,0,0,0,0.0005109454,0.0001170478,2000
2017_11_17_16_37_23_438,0,0,0,0.001758707,0.0001114501,2000
2017_11_17_16_37_23_511,0,0,0,0.0004930373,0.0001168334,2000
2017_11_17_16_37_23_589,0,0,0,0.002264735,0.0001093834,2000
2017_11_17_16_37_23_664,0,0,0,0.003726744,0.0001073187,2000
2017_11_17_16_37_23_741,0,0,0,0.003554059,0.0001119132,2000
2017_11_17_16_37_23_819,0,0,0,0.001845026,0.0001201242,2000
2017_11_17_16_37_23_890,0,0,0,0.003634532,0.0001128447,2000
2017_11_17_16_37_23_957,0,0,0,0.001756574,0.0001214402,2000
2017_11_17_16_37_24_029,0,0,0,0.003533016,0.0001127766,2000
2017_11_17_16_37_24_104,0,0,0,0.001772863,0.0001250214,2000
2017_11_17_16_37_24_173,0,0,0.1571041,0.003815602,0.0001168494,2000
2017_11_17_16_37_24_245,0,0,0.4224991,0.0001508489,0.0001372444,2000
2017_11_17_16_37_24_325,0,0,0.6626281,0.002493771,0.00013232,2000
2017_11_17_16_37_24_395,0,0,0.7258052,0.003266662,0.000119896,2000
2017_11_17_16_37_24_470,0,0,0.4972862,0.0003881278,0.0001387101,2000
2017_11_17_16_37_24_556,0,0,0.2536172,0.004447717,0.0001358504,2000
2017_11_17_16_37_24_637,0,0,0,0.0007911586,0.0001455883,2000
2017_11_17_16_37_24_717,0,0,0,0.0005135597,0.0001341127,2000
2017_11_17_16_37_24_788,0,0,0,0.0009910607,0.0001331631,2000
2017_11_17_16_37_24_867,0,0,0,0.0001460402,0.0001269255,2000
2017_11_17_16_37_24_935,0,0,0,0.0008187648,0.0001272432,2000
2017_11_17_16_37_25_013,0,0,0.189639,0.00145273,0.0001202668,2000
2017_11_17_16_37_25_086,0,0,0.408042,0.003820548,0.0001264151,2000
2017_11_17_16_37_25_162,0,0,0.2810488,0.00381995,0.0001299695,2000
2017_11_17_16_37_25_237,0,0,0.05706882,0.000375341,0.0001337723,2000
2017_11_17_16_37_25_321,0,0,0,0.0006753932,0.0001184814,2000
2017_11_17_16_37_25_406,0,0,0,0.0005528824,0.0001106564,2000
2017_11_17_16_37_25_488,0,0,0,0.0007286578,0.0001075804,2000
2017_11_17_16_37_25_564,0,0,0,0.0008569089,0.0001050334,2000
2017_11_17_16_37_25_644,0,0,0,0.0007956704,0.0001020822,2000
2017_11_17_16_37_25_717,0,0,0,0.0006589555,9.988542E-05,2000
2017_11_17_16_37_25_789,0,0,0,0.00221414,9.596084E-05,2000
2017_11_17_16_37_25_867,0,0,0,0.002356507,9.552448E-05,2000
2017_11_17_16_37_25_941,0,0,0,0.002309335,9.409835E-05,2000
2017_11_17_16_37_26_013,0,0,0,0.002078301,8.870129E-05,2000
2017_11_17_16_37_26_088,0,0,0,0.002339266,8.811188E-05,2000
2017_11_17_16_37_26_162,0,0,0,0.002114033,8.881904E-05,2000
