1521411289790.83,9.56240692175925E-05,0,0,0.02180313,-0.01732964,0,0,-1,-1,-1,-1,0,0,0,0,0,0,0,0,0
1521411289868.17,9.45780833717436E-05,0,0,0.0217334,-0.01732965,0,0,-1,-1,-1,-1,0,0,0,0,0,0,0,0,0
1521411289952.43,9.83686302788556E-05,0,0,0.02168397,-0.01732962,0,0,-1,-1,-1,-1,0,0,0,0,0,0,0,0,0
1521411290036.25,9.72987560089678E-05,0,0,0.02190914,-0.01732961,0,0,-1,-1,-1,-1,0,0,0,0,0,0,0,0,0
1521411290122.04,0.000101881253067404,0,0,0.02178742,-0.01732961,0,0,-1,-1,-1,-1,0,0,0,0,0,0,0,0,0
1521411290204.96,9.61766578257084E-05,0,0,0.02198072,-0.01732962,0,0,-1,-1,-1,-1,0,0,0,0,0,0,0,0,0
1521411290284.23,9.8866131156683E-05,0,0,0.02182203,-0.0173296,0,0,-1,-1,-1,-1,0,0,0,0,0,0,0,0,0
1521411290354.69,0.138271927833557,0,0.2931493,2.12967,-0.01733245,0,0,-1,-1,-1,-1,0,0,0,0,0,0,0,0,0
1521411290426.11,1.69983291625977,0,0.7869765,58.47081,-0.0173757,0,0,-1,-1,-1,-1,0,0,0,0,0,0,0,0,0
1521411290505.69,4.06221923828125,0,1,234.8362,-0.01744772,0,0,-1,-1,-1,-1,0,0,0,0,0,0,0,0,0
1521411290574.02,5.85279388427734,0,1,456.4096,-0.01749988,0,0,-1,-1,-1,-1,0,0,0,0,0,0,0,0,0
1521411290656.31,8.24980392456055,0,1,823.8778,-0.01754682,0,0,-1,-1,-1,-1,0,0,0,0,0,0,0,0,0
1521411290724.97,10.6698860168457,0,1,1249.666,-0.01757628,0,0,-1,-1,-1,-1,0,0,0,0,0,0,0,0,0
1521411290806.31,13.0627517700195,0,1,1714.021,-0.01758091,0,0,-1,-1,-1,-1,0,0,0,0,0,0,0,0,0
1521411290874.15,14.8445693969727,0,1,2078.196,-0.01756555,0,0,-1,-1,-1,-1,0,0,0,0,0,0,0,0,0
1521411290954.91,17.2043182373047,0,1,2577.014,-0.01753793,0,0,-1,-1,-1,-1,0,0,0,0,0,0,0,0,0
1521411291023.46,19.5458129882813,0,1,3084.857,-0.01750867,0,0,-1,-1,-1,-1,0,0,0,0,0,0,0,0,0
1521411291106.43,21.8689712524414,0,1,3597.221,-0.01747843,0,0,-1,-1,-1,-1,0,0,0,0,0,0,0,0,0
1521411291175.21,23.5995132446289,0,1,4028.286,-0.01745542,0,0,-1,-1,-1,-1,0,0,0,0,0,0,0,0,0
1521411291254.43,25.8911834716797,0,1,3366.898,-0.01742381,0,0,-1,-1,-1,-1,0,0,0,0,0,0,0,0,0
1521411291324.2,28.1638397216797,0,1,3045.169,-0.01739108,0,0,-1,-1,-1,-1,0,0,0,0,0,0,0,0,0
1521411291404.35,29.9996490478516,0,1,2948.965,-0.01729765,0,0,-1,-1,-1,-1,0,0,0,0,0,0,0,0,0
1521411291474.05,32.1935943603516,0,1,2961.53,-0.0172954,0,0,-1,-1,-1,-1,0,0,0,0,0,0,0,0,0
1521411291555.89,34.1825317382812,0,1,3082.745,-0.0172913,0,0,-1,-1,-1,-1,0,0,0,0,0,0,0,0,0
1521411291627.58,36.4500946044922,0,1,3268.269,-0.01725457,0,0,-1,-1,-1,-1,0,0,0,0,0,0,0,0,0
1521411291705.13,38.5132934570313,0,1,3501.615,-0.01721266,0,0,-1,-1,-1,-1,0,0,0,0,0,0,0,0,0
1521411291778.61,40.4901092529297,0,1,3691.508,-0.01720363,0,0,-1,-1,-1,-1,0,0,0,0,0,0,0,0,0
1521411291855.38,42.6846557617188,0,1,3964.066,-0.01729754,0,0,-1,-1,-1,-1,0,0,0,0,0,0,0,0,0
1521411291924.08,44.8297943115234,0,1,4248.194,-0.017759,0,0,-1,-1,-1,-1,0,0,0,0,0,0,0,0,0
1521411292030,47.0434112548828,0,1,4164.622,-0.01868941,0,0,-1,-1,-1,-1,0,0,0,0,0,0,0,0,0
1521411292106.6,49.1536437988281,0,1,3924.138,-0.01944142,0,0,-1,-1,-1,-1,0,0,0,0,0,0,0,0,0
1521411292175.91,51.0306793212891,0,1,3837.359,-0.01989673,0,0,-1,-1,-1,-1,0,0,0,0,0,0,0,0,0
1521411292255.09,53.0427856445313,0,1,3809.202,-0.02019741,0,0,-1,-1,-1,-1,0,0,0,0,0,0,0,0,0
1521411292327.01,55.012890625,0,1,3846.857,-0.02003911,0,0,-1,-1,-1,-1,0,0,0,0,0,0,0,0,0
1521411292406.86,57.0320495605469,0,1,3926.735,-0.02040556,0,0,-1,-1,-1,-1,0,0,0,0,0,0,0,0,0
1521411292475.2,58.2474304199219,0,1,4005.391,-0.02157365,0,0,-1,-1,-1,-1,0,0,0,0,0,0,0,0,0
1521411292581.12,60.8804748535156,0,1,4157.393,-0.02331581,0,0,-1,-1,-1,-1,0,0,0,0,0,0,0,0,0
1521411292656.59,62.8555541992188,0,1,4294.171,-0.023744,0,0,-1,-1,-1,-1,0,0,0,0,0,0,0,0,0
1521411292729.96,64.8495544433594,0,1,4439.183,-0.02308985,0,0,-1,-1,-1,-1,0,0,0,0,0,0,0,0,0
1521411292802.74,66.7096008300781,0,1,4589.586,-0.02465325,0,0,-1,-1,-1,-1,0,0,0,0,0,0,0,0,0
1521411292880.02,68.1796813964844,0,1,4787.042,-0.02723263,0,0,-1,-1,-1,-1,0,0,0,0,0,0,0,0,0
1521411292954.32,69.9758422851562,0,1,4605.55,-0.03093042,0,0,-1,-1,-1,-1,0,0,0,0,0,0,0,0,0
1521411293021.51,71.9256103515625,0,1,4509.057,-0.0326718,0,0,-1,-1,-1,-1,0,0,0,0,0,0,0,0,0
1521411293123.56,74.2786071777344,0,1,4467.103,-0.03078021,0,0,-1,-1,-1,-1,0,0,0,0,0,0,0,0,0
1521411293203.08,76.1582458496094,0,1,4471.583,-0.02907104,0,0,-1,-1,-1,-1,0,0,0,0,0,0,0,0,0
1521411293272.2,77.5740173339844,0,1,4489.578,-0.02777228,0,0,-1,-1,-1,-1,0,0,0,0,0,0,0,0,0
1521411293376.61,79.9289733886719,0,1,4537.947,-0.0252789,0,0,-1,-1,-1,-1,0,0,0,0,0,0,0,0,0
1521411293454.08,81.8080993652344,0,1,4587.484,-0.02277443,0,0,-1,-1,-1,-1,0,0,0,0,0,0,0,0,0
1521411293539.56,83.8141235351563,0,1,4643.035,-0.02043743,0,0,-1,-1,-1,-1,0,0,0,0,0,0,0,0,0
1521411293622.96,85.8636047363281,0,1,4717.527,-0.02465509,0,0,-1,-1,-1,-1,0,0,0,0,0,0,0,0,0
1521411293703.82,87.6488403320313,0,1,4777.571,-0.0292336,0,0,-1,-1,-1,-1,0,0,0,0,0,0,0,0,0
1521411293775.42,89.0114562988281,0,1,4824.033,-0.03065016,0,0,-1,-1,-1,-1,0,0,0,0,0,0,0,0,0
1521411293852.73,90.7025634765625,0,1,4951.229,-0.03069867,0,0,-1,-1,-1,-1,0,0,0,0,0,0,0,0,0
1521411293924.45,92.4314392089844,0,1,4904.768,-0.03037045,0,0,-1,-1,-1,-1,0,0,0,0,0,0,0,0,0
1521411294004.38,94.1644287109375,0,1,4879.604,-0.030108,0,0,-1,-1,-1,-1,0,0,0,0,0,0,0,0,0
1521411294089.11,95.8908203125,0,1,4868.406,-0.02975138,0,0,-1,-1,-1,-1,0,0,0,0,0,0,0,0,0
1521411294171.07,97.6067016601563,0,1,4866.349,-0.02901954,0,0,-1,-1,-1,-1,0,0,0,0,0,0,0,0,0
1521411294238,98.9623168945313,0,1,4868.855,-0.02912467,0,0,-1,-1,-1,-1,0,0,0,0,0,0,0,0,0
1521411294320.05,100.425421142578,0,1,4875.647,-0.03450837,0,0,-1,-1,-1,-1,0,0,0,0,0,0,0,0,0
1521411294403.92,102.511657714844,0,1,4887.547,-0.04029725,0,0,-1,-1,-1,-1,0,0,0,0,0,0,0,0,0
1521411294487.99,104.109643554688,0,1,4899.132,-0.04089791,0,0,-1,-1,-1,-1,0,0,0,0,0,0,0,0,0
1521411294570.34,105.632995605469,0,0.9709513,4911.511,-0.03911173,0,0,-1,-1,-1,-1,0,0,0,0,0,0,0,0,0
1521411294637.09,106.810766601563,0,0.8934883,4921.17,-0.03777451,0,0,-1,-1,-1,-1,0,0,0,0,0,0,0,0,0
1521411294704.41,108.097106933594,0,0.8063423,4934.003,-0.03606917,0,0,-1,-1,-1,-1,0,0,0,0,0,0,0,0,0
1521411294788.16,109.097229003906,0,0.7288792,4946.052,-0.03245401,0,0,-1,-1,-1,-1,0,0,0,0,0,0,0,0,0
1521411294869.71,110.103576660156,0,0.5642702,4956.877,-0.02646809,0,0,-1,-1,-1,-1,0,0,0,0,0,0,0,0,0
1521411294945.34,110.289794921875,0,0.4287098,4966.157,-0.02655924,0,0,-1,-1,-1,-1,0,0,0,0,0,0,0,0,0
1521411295019.65,110.714025878906,0,0.7288792,4971.353,-0.02724289,0,0,-1,-1,-1,-1,0,0,0,0,0,0,0,0,0
1521411295122.66,112.38642578125,0,0.9709513,4982.514,-0.02391503,0,0,-1,-1,-1,-1,0,0,0,0,0,0,0,0,0
1521411295198.6,112.336926269531,0,0.8547567,4987.253,-0.02082505,0,0,-1,-1,-1,-1,0,0,0,0,0,0,0,0,0
1521411295271.68,112.080712890625,0,0.3125151,4991.637,-0.01786037,0,0,-1,-1,-1,-1,0,0,0,0,0,0,0,0,0
1521411295354.78,111.409680175781,0,0,4994.049,-0.0181433,0,0,-1,-1,-1,-1,0,0,0,0,0,0,0,0,0
1521411295455.43,110.296752929688,0,0,4992.526,-0.01835056,0,0,-1,-1,-1,-1,0,0,0,0,0,0,0,0,0
1521411295537.66,109.432934570313,0,0.3512466,4988.756,-0.01831448,0,0,-1,-1,-1,-1,0,0,0,0,0,0,0,0,0
1521411295605.26,109.895654296875,0,0.7385621,4985.076,-0.01892533,0,0,-1,-1,-1,-1,0,0,0,0,0,0,0,0,0
1521411295687.58,111.267016601563,0,1,4985.264,-0.01942924,0,0,-1,-1,-1,-1,0,0,0,0,0,0,0,0,0
1521411295757.9,112.397888183594,0,1,4988.452,-0.01917193,0,0,-1,-1,-1,-1,0,0,0,0,0,0,0,0,0
1521411295837.43,112.417321777344,0,1,4992.423,-0.0182082,0,0,-1,-1,-1,-1,0,0,0,0,0,0,0,0,0
1521411295939.48,112.218493652344,0,0.4287098,4995.526,-0.01717515,0,0,-1,-1,-1,-1,0,0,0,0,0,0,0,0,0
1521411296021.61,111.445202636719,0,0,4996.925,-0.01654305,0,0,-1,-1,-1,-1,0,0,0,0,0,0,0,0,0
1521411296091.48,110.77314453125,0,0,4995.835,-0.01631768,0,0,-1,-1,-1,-1,0,0,0,0,0,0,0,0,0
1521411296171.08,110.081567382813,0,0.322198,4992.441,-0.01621454,0,0,-1,-1,-1,-1,0,0,0,0,0,0,0,0,0
1521411296240.38,110.152795410156,0,0.5449044,4989.828,-0.01625587,0,0,-1,-1,-1,-1,0,0,0,0,0,0,0,0,0
1521411296325.44,110.797180175781,0,0.5739531,4988.25,-0.01628164,0,0,-1,-1,-1,-1,0,0,0,0,0,0,0,0,0
1521411296404.29,111.587963867188,0,0.7869765,4989.419,-0.01610858,0,0,-1,-1,-1,-1,0,0,0,0,0,0,0,0,0
1521411296473.53,112.306140136719,0,0.835391,4991.87,-0.01588735,0,0,-1,-1,-1,-1,0,0,0,0,0,0,0,0,0
1521411296540.66,112.259936523438,0,0.6320504,4994.074,-0.01561987,0,0,-1,-1,-1,-1,0,0,0,0,0,0,0,0,0
1521411296608.46,111.935388183594,0,0.1188574,4996.112,-0.01520016,0,0,-1,-1,-1,-1,0,0,0,0,0,0,0,0,0
1521411296690.5,111.122448730469,0,0,4996.321,-0.01472081,0,0,-1,-1,-1,-1,0,0,0,0,0,0,0,0,0
1521411296773.32,110.235339355469,0,0,4993.779,-0.01421478,0,0,-1,-1,-1,-1,0,0,0,0,0,0,0,0,0
1521411296840.79,109.574243164063,0,0,4990.624,-0.01381999,0,0,-1,-1,-1,-1,0,0,0,0,0,0,0,0,0
1521411296907.54,108.696203613281,0,0,4985.3,-0.01345006,0,0,-1,-1,-1,-1,0,0,0,0,0,0,0,0,0
1521411296991.28,107.875427246094,0,0.1188574,4979.129,-0.01331423,0,0,-1,-1,-1,-1,0,0,0,0,0,0,0,0,0
1521411297075.3,107.528271484375,0,0.409344,4973.008,-0.01327347,0,0,-1,-1,-1,-1,0,0,0,0,0,0,0,0,0
1521411297156.35,107.825451660156,0,0.5061729,4968.853,-0.01323864,0,0,-1,-1,-1,-1,0,0,0,0,0,0,0,0,0
1521411297246.83,108.160424804688,0,0.322198,4967.104,-0.01299951,0,0,-1,-1,-1,-1,0,0,0,0,0,0,0,0,0
1521411297323.65,107.631872558594,0,0,4966.26,-0.01271333,0,0,-1,-1,-1,-1,0,0,0,0,0,0,0,0,0
1521411297405.32,106.764318847656,0,0,4963.363,-0.0123922,0,0,-1,-1,-1,-1,0,0,0,0,0,0,0,0,0
1521411297476.68,106.11806640625,0,0,4960.064,-0.01214813,0,0,-1,-1,-1,-1,0,0,0,0,0,0,0,0,0
1521411297555.04,105.262463378906,0,0,4954.665,-0.01181812,0,0,-1,-1,-1,-1,0,0,0,0,0,0,0,0,0
1521411297622.35,104.413647460938,0,0,4948.503,-0.01151494,0,0,-1,-1,-1,-1,0,0,0,0,0,0,0,0,0
1521411297689.26,103.781677246094,0,0,4943.556,-0.01135729,0,0,-1,-1,-1,-1,0,0,0,0,0,0,0,0,0
1521411297756.62,103.153442382813,0,0,4938.424,-0.01119652,0,0,-1,-1,-1,-1,0,0,0,0,0,0,0,0,0
1521411297838.62,102.321826171875,0,0,4931.393,-0.01103874,0,0,-1,-1,-1,-1,0,0,0,0,0,0,0,0,0
1521411297905.54,101.497082519531,0,0,4924.235,-0.01091941,0,0,-1,-1,-1,-1,0,0,0,0,0,0,0,0,0
1521411297972.31,100.923583984375,0,0.1285403,4918.825,-0.0108108,0,0,-1,-1,-1,-1,0,0,0,0,0,0,0,0,0
1521411298058.18,100.675030517578,0,0.322198,4912.313,-0.01064569,0,0,-1,-1,-1,-1,0,0,0,0,0,0,0,0,0
1521411298129.94,100.676147460938,0,0.3125151,4907.703,-0.01045975,0,0,-1,-1,-1,-1,0,0,0,0,0,0,0,0,0
1521411298203.49,100.612689208984,0,0.2931493,4904.61,-0.01024993,0,0,-1,-1,-1,-1,0,0,0,0,0,0,0,0,0
1521411298274.71,100.519055175781,0,0.2641007,4902.842,-0.01015841,0,0,-1,-1,-1,-1,0,0,0,0,0,0,0,0,0
1521411298344.58,100.366302490234,0,0.2641007,4900.811,-0.01000943,0,0,-1,-1,-1,-1,0,0,0,0,0,0,0,0,0
1521411298423.08,100.218951416016,0,0.2641007,4899.012,-0.009688632,0,0,-1,-1,-1,-1,0,0,0,0,0,0,0,0,0
1521411298504.02,100.07177734375,0,0.2641007,4897.383,-0.00931723,0,0,-1,-1,-1,-1,0,0,0,0,0,0,0,0,0
1521411298574.02,99.9544250488281,0,0.2447349,4896.235,-0.009038265,0,0,-1,-1,-1,-1,0,0,0,0,0,0,0,0,0
1521411298655.77,99.755615234375,0,0.2060034,4894.692,-0.008954248,0,0,-1,-1,-1,-1,0,0,0,0,0,0,0,0,0
1521411298737.38,99.4417053222656,0,0.2156862,4892.923,-0.008936141,0,0,-1,-1,-1,-1,0,0,0,0,0,0,0,0,0
1521411298804.41,99.237060546875,0,0.2641007,4890.911,-0.008892179,0,0,-1,-1,-1,-1,0,0,0,0,0,0,0,0,0
1521411298872.26,99.1209106445313,0,0.2544178,4889.498,-0.008844961,0,0,-1,-1,-1,-1,0,0,0,0,0,0,0,0,0
1521411298942.52,98.9710571289063,0,0.2641007,4887.76,-0.008770511,0,0,-1,-1,-1,-1,0,0,0,0,0,0,0,0,0
1521411299020.95,98.9068420410156,0,0.322198,4886.574,-0.008711098,0,0,-1,-1,-1,-1,0,0,0,0,0,0,0,0,0
1521411299088.17,98.9978637695313,0,0.3802953,4885.455,-0.008633044,0,0,-1,-1,-1,-1,0,0,0,0,0,0,0,0,0
1521411299155.14,99.1855590820313,0,0.4868071,4885.154,-0.00857552,0,0,-1,-1,-1,-1,0,0,0,0,0,0,0,0,0
1521411299238.82,99.6705017089844,0,0.5449044,4885.878,-0.008498318,0,0,-1,-1,-1,-1,0,0,0,0,0,0,0,0,0
1521411299313.96,100.219415283203,0,0.5255386,4887.974,-0.00841437,0,0,-1,-1,-1,-1,0,0,0,0,0,0,0,0,0
1521411299388.15,100.705865478516,0,0.5061729,4890.947,-0.008320699,0,0,-1,-1,-1,-1,0,0,0,0,0,0,0,0,0
1521411299454.89,101.049285888672,0,0.5061729,4893.469,-0.008423471,0,0,-1,-1,-1,-1,0,0,0,0,0,0,0,0,0
1521411299521.62,101.495935058594,0,0.4868071,4897.05,-0.00862858,0,0,-1,-1,-1,-1,0,0,0,0,0,0,0,0,0
1521411299604.77,101.839501953125,0,0.4383927,4900.663,-0.008824578,0,0,-1,-1,-1,-1,0,0,0,0,0,0,0,0,0
1521411299680.37,102.074432373047,0,0.49649,4903.178,-0.008960855,0,0,-1,-1,-1,-1,0,0,0,0,0,0,0,0,0
1521411299759.42,102.526928710938,0,0.5158557,4906.55,-0.009137964,0,0,-1,-1,-1,-1,0,0,0,0,0,0,0,0,0
1521411299837,102.985766601563,0,0.5061729,4910.184,-0.009312617,0,0,-1,-1,-1,-1,0,0,0,0,0,0,0,0,0
1521411299908,103.372619628906,0,0.4577585,4913.913,-0.00955091,0,0,-1,-1,-1,-1,0,0,0,0,0,0,0,0,0
1521411299976.32,103.555847167969,0,0.409344,4916.545,-0.009720929,0,0,-1,-1,-1,-1,0,0,0,0,0,0,0,0,0
1521411300055.08,103.649719238281,0,0.235052,4919.521,-0.009954309,0,0,-1,-1,-1,-1,0,0,0,0,0,0,0,0,0
1521411300128.38,102.974938964844,0,0,4920.886,-0.01013943,0,0,-1,-1,-1,-1,0,0,0,0,0,0,0,0,0
1521411300205.73,102.145172119141,0,0,4919.341,-0.01029146,0,0,-1,-1,-1,-1,0,0,0,0,0,0,0,0,0
1521411300273.4,101.524621582031,0,0,4916.818,-0.01044939,0,0,-1,-1,-1,-1,0,0,0,0,0,0,0,0,0
1521411300349.46,100.702185058594,0,0,4912.228,-0.01068015,0,0,-1,-1,-1,-1,0,0,0,0,0,0,0,0,0
1521411300419.81,100.090026855469,0,0,4908.148,-0.01084683,0,0,-1,-1,-1,-1,0,0,0,0,0,0,0,0,0
1521411300488.85,99.2808288574219,0,0,4902.151,-0.01105298,0,0,-1,-1,-1,-1,0,0,0,0,0,0,0,0,0
1521411300559.03,98.6788208007813,0,0,4897.372,-0.01119233,0,0,-1,-1,-1,-1,0,0,0,0,0,0,0,0,0
1521411300640.4,97.8823120117188,0,0,4890.763,-0.01135467,0,0,-1,-1,-1,-1,0,0,0,0,0,0,0,0,0
1521411300722.89,96.8961608886719,0,0,4882.281,-0.01151888,0,0,-1,-1,-1,-1,0,0,0,0,0,0,0,0,0
1521411300809.88,96.1145935058594,0,0,4875.408,-0.01162135,0,0,-1,-1,-1,-1,0,0,0,0,0,0,0,0,0
1521411300889.51,95.3394653320313,0,0,4868.506,-0.01169891,0,0,-1,-1,-1,-1,0,0,0,0,0,0,0,0,0
1521411300970.26,94.5699035644531,0,0,4861.605,-0.01180405,0,0,-1,-1,-1,-1,0,0,0,0,0,0,0,0,0
1521411301037.41,93.995703125,0,0,4856.439,-0.01202317,0,0,-1,-1,-1,-1,0,0,0,0,0,0,0,0,0
1521411301107.78,93.236328125,0,0,4849.574,-0.01234145,0,0,-1,-1,-1,-1,0,0,0,0,0,0,0,0,0
1521411301187.71,92.4822387695313,0,0,4842.746,-0.01265627,0,0,-1,-1,-1,-1,0,0,0,0,0,0,0,0,0
1521411301254.71,91.9359130859375,0,0.07044297,4837.65,-0.01279818,0,0,-1,-1,-1,-1,0,0,0,0,0,0,0,0,0
1521411301325.89,91.4739440917969,0,0.1575889,4831.245,-0.01293247,0,0,-1,-1,-1,-1,0,0,0,0,0,0,0,0,0
1521411301394.07,91.2546752929688,0,0.1866376,4827.109,-0.01301649,0,0,-1,-1,-1,-1,0,0,0,0,0,0,0,0,0
1521411301469.75,90.997216796875,0,0.1963205,4822.534,-0.01310997,0,0,-1,-1,-1,-1,0,0,0,0,0,0,0,0,0
1521411301542.01,90.7607482910156,0,0.1963205,4818.769,-0.01317914,0,0,-1,-1,-1,-1,0,0,0,0,0,0,0,0,0
1521411301641.89,90.4832214355469,0,0.2060034,4814.868,-0.01323018,0,0,-1,-1,-1,-1,0,0,0,0,0,0,0,0,0
1521411301720.42,90.3225646972656,0,0.2060034,4812.836,-0.01324787,0,0,-1,-1,-1,-1,0,0,0,0,0,0,0,0,0
1521411301804.41,90.0654846191406,0,0.2060034,4809.793,-0.01326851,0,0,-1,-1,-1,-1,0,0,0,0,0,0,0,0,0
1521411301873.04,89.906884765625,0,0.2060034,4808.127,-0.01326965,0,0,-1,-1,-1,-1,0,0,0,0,0,0,0,0,0
1521411301954.54,89.6986633300781,0,0.2060034,4806.013,-0.01325331,0,0,-1,-1,-1,-1,0,0,0,0,0,0,0,0,0
1521411302022.97,89.4916809082031,0,0.2156862,4295.975,-0.01326856,0,0,-1,-1,-1,-1,0,0,0,0,0,0,0,0,0
1521411302104.37,89.3040588378906,0,0.2156862,4535.809,-0.01340881,0,0,-1,-1,-1,-1,0,0,0,0,0,0,0,0,0
1521411302172.98,89.1613220214844,0,0.2156862,4658.273,-0.01351979,0,0,-1,-1,-1,-1,0,0,0,0,0,0,0,0,0
1521411302256.55,88.9826110839844,0,0.2060034,4769.519,-0.0136581,0,0,-1,-1,-1,-1,0,0,0,0,0,0,0,0,0
1521411302337.13,88.7843139648438,0,0.2156862,4840.195,-0.01377174,0,0,-1,-1,-1,-1,0,0,0,0,0,0,0,0,0
1521411302407.21,88.6030395507813,0,0.2156862,4884.219,-0.01387473,0,0,-1,-1,-1,-1,0,0,0,0,0,0,0,0,0
1521411302486.89,88.4281921386719,0,0.2156862,4910.915,-0.01396484,0,0,-1,-1,-1,-1,0,0,0,0,0,0,0,0,0
1521411302554.51,88.2971984863281,0,0.235052,4923.264,-0.01401252,0,0,-1,-1,-1,-1,0,0,0,0,0,0,0,0,0
1521411302620.93,88.2316040039063,0,0.2641007,4931.163,-0.01403317,0,0,-1,-1,-1,-1,0,0,0,0,0,0,0,0,0
1521411302689.18,88.2156860351563,0,0.2931493,4937.842,-0.01403931,0,0,-1,-1,-1,-1,0,0,0,0,0,0,0,0,0
1521411302772.93,88.2344665527344,0,0.2931493,4942.307,-0.01403358,0,0,-1,-1,-1,-1,0,0,0,0,0,0,0,0,0
1521411302854.3,88.2552490234375,0,0.2931493,4945.479,-0.0140097,0,0,-1,-1,-1,-1,0,0,0,0,0,0,0,0,0
1521411302937.36,88.27685546875,0,0.2931493,4947.819,-0.01395823,0,0,-1,-1,-1,-1,0,0,0,0,0,0,0,0,0
1521411303020.99,88.33349609375,0,0.322198,4949.695,-0.01387714,0,0,-1,-1,-1,-1,0,0,0,0,0,0,0,0,0
1521411303088.75,88.519580078125,0,0.3802953,4952.176,-0.01377028,0,0,-1,-1,-1,-1,0,0,0,0,0,0,0,0,0
1521411303171.1,88.7709106445313,0,0.3899783,4956.576,-0.01373352,0,0,-1,-1,-1,-1,0,0,0,0,0,0,0,0,0
1521411303253.68,89.0509094238281,0,0.3996611,4962.705,-0.01377065,0,0,-1,-1,-1,-1,0,0,0,0,0,0,0,0,0
1521411303322.43,89.3535949707031,0,0.4190269,4970.281,-0.01380392,0,0,-1,-1,-1,-1,0,0,0,0,0,0,0,0,0
1521411303413.14,89.7083251953125,0,0.4383927,4979.149,-0.01383045,0,0,-1,-1,-1,-1,0,0,0,0,0,0,0,0,0
1521411303487.33,90.1132629394531,0,0.4577585,4928.624,-0.01384002,0,0,-1,-1,-1,-1,0,0,0,0,0,0,0,0,0
1521411303554.39,90.4272033691406,0,0.4577585,4895.28,-0.01384543,0,0,-1,-1,-1,-1,0,0,0,0,0,0,0,0,0
1521411303638.14,90.8425720214844,0,0.4577585,4865.574,-0.01385825,0,0,-1,-1,-1,-1,0,0,0,0,0,0,0,0,0
1521411303720.42,91.2548583984375,0,0.4577585,4847.355,-0.01385923,0,0,-1,-1,-1,-1,0,0,0,0,0,0,0,0,0
1521411303803.85,91.7849060058594,0,0.4674413,4834.858,-0.01385025,0,0,-1,-1,-1,-1,0,0,0,0,0,0,0,0,0
1521411303873.68,92.1274047851563,0,0.4868071,4830.983,-0.01383371,0,0,-1,-1,-1,-1,0,0,0,0,0,0,0,0,0
1521411303953.9,92.6413879394531,0,0.5255386,4828.708,-0.01379667,0,0,-1,-1,-1,-1,0,0,0,0,0,0,0,0,0
1521411304020.6,93.0752807617188,0,0.5352215,4828.656,-0.01376034,0,0,-1,-1,-1,-1,0,0,0,0,0,0,0,0,0
1521411304087.57,93.6820434570313,0,0.5642702,4830.227,-0.01370861,0,0,-1,-1,-1,-1,0,0,0,0,0,0,0,0,0
1521411304154.4,94.1500061035156,0,0.5449044,4832.328,-0.0136864,0,0,-1,-1,-1,-1,0,0,0,0,0,0,0,0,0
1521411304238.32,94.7454895019531,0,0.5158557,4835.937,-0.01365954,0,0,-1,-1,-1,-1,0,0,0,0,0,0,0,0,0
1521411304320.13,95.2019348144531,0,0.4287098,4840.004,-0.01384518,0,0,-1,-1,-1,-1,0,0,0,0,0,0,0,0,0
1521411304390.58,95.1077392578125,0,0.02202855,4843.574,-0.01418636,0,0,-1,-1,-1,-1,0,0,0,0,0,0,0,0,0
1521411304464.31,94.3470886230469,0,0,4844.556,-0.0145257,0,0,-1,-1,-1,-1,0,0,0,0,0,0,0,0,0
1521411304536.64,93.7749084472656,0,0,4843.473,-0.014805,0,0,-1,-1,-1,-1,0,0,0,0,0,0,0,0,0
1521411304604.13,93.0175598144531,0,0,4840.392,-0.01514007,0,0,-1,-1,-1,-1,0,0,0,0,0,0,0,0,0
1521411304671.36,92.4962219238281,0,0.08012586,4837.228,-0.01535829,0,0,-1,-1,-1,-1,0,0,0,0,0,0,0,0,0
1521411304753.55,92.0255981445313,0,0.1285403,4832.69,-0.01558695,0,0,-1,-1,-1,-1,0,0,0,0,0,0,0,0,0
1521411304825.8,91.6000671386719,0,0.1285403,4828.362,-0.01571689,0,0,-1,-1,-1,-1,0,0,0,0,0,0,0,0,0
1521411304906.77,91.1794311523438,0,0.1285403,4824.221,-0.01576177,0,0,-1,-1,-1,-1,0,0,0,0,0,0,0,0,0
1521411304986.64,90.7650024414063,0,0.1285403,4820.221,-0.01572451,0,0,-1,-1,-1,-1,0,0,0,0,0,0,0,0,0
1521411305054.78,90.4579162597656,0,0.1285403,4817.294,-0.01563627,0,0,-1,-1,-1,-1,0,0,0,0,0,0,0,0,0
1521411305137.5,90.0523864746094,0,0.1672718,4813.472,-0.01542412,0,0,-1,-1,-1,-1,0,0,0,0,0,0,0,0,0
1521411305247.07,90.0747009277344,0,0.3996611,4808.724,-0.01491482,0,0,-1,-1,-1,-1,0,0,0,0,0,0,0,0,0
1521411305321.77,90.3317504882813,0,0.3899783,4807.508,-0.01445071,0,0,-1,-1,-1,-1,0,0,0,0,0,0,0,0,0
1521411305409.72,90.5645446777344,0,0.3706124,4807.473,-0.01404607,0,0,-1,-1,-1,-1,0,0,0,0,0,0,0,0,0
1521411305491.28,90.7951782226563,0,0.3899783,4808.137,-0.01385703,0,0,-1,-1,-1,-1,0,0,0,0,0,0,0,0,0
1521411305570.87,91.0703186035156,0,0.4287098,4809.335,-0.01365646,0,0,-1,-1,-1,-1,0,0,0,0,0,0,0,0,0
1521411305641.9,91.4651550292969,0,0.4868071,4811.079,-0.01349522,0,0,-1,-1,-1,-1,0,0,0,0,0,0,0,0,0
1521411305720.14,91.8588012695313,0,0.5352215,4812.913,-0.01334491,0,0,-1,-1,-1,-1,0,0,0,0,0,0,0,0,0
1521411305825.71,92.7890747070313,0,0.5449044,4818.131,-0.01303173,0,0,-1,-1,-1,-1,0,0,0,0,0,0,0,0,0
1521411305903.4,93.3458190917969,0,0.4868071,4822.418,-0.01290623,0,0,-1,-1,-1,-1,0,0,0,0,0,0,0,0,0
1521411305971.59,93.6096313476563,0,0.3996611,4825.667,-0.01282079,0,0,-1,-1,-1,-1,0,0,0,0,0,0,0,0,0
1521411306054.16,93.8808837890625,0,0.4674413,4829.461,-0.01273776,0,0,-1,-1,-1,-1,0,0,0,0,0,0,0,0,0
1521411306124.58,94.3353332519531,0,0.4868071,4833.035,-0.0126541,0,0,-1,-1,-1,-1,0,0,0,0,0,0,0,0,0
1521411306203.75,94.7931701660156,0,0.4868071,4836.789,-0.01256338,0,0,-1,-1,-1,-1,0,0,0,0,0,0,0,0,0
1521411306292.05,95.2154846191406,0,0.4674413,4840.629,-0.01246803,0,0,-1,-1,-1,-1,0,0,0,0,0,0,0,0,0
1521411306370.11,95.60517578125,0,0.4577585,4844.397,-0.01236992,0,0,-1,-1,-1,-1,0,0,0,0,0,0,0,0,0
1521411306437.14,95.8868774414063,0,0.4577585,4847.14,-0.01229627,0,0,-1,-1,-1,-1,0,0,0,0,0,0,0,0,0
1521411306507.42,96.2280944824219,0,0.4383927,4850.677,-0.01219537,0,0,-1,-1,-1,-1,0,0,0,0,0,0,0,0,0
1521411306586.53,96.5233154296875,0,0.4190269,4853.988,-0.01218615,0,0,-1,-1,-1,-1,0,0,0,0,0,0,0,0,0
1521411306655.79,96.7134582519531,0,0.3996611,4856.278,-0.01221161,0,0,-1,-1,-1,-1,0,0,0,0,0,0,0,0,0
1521411306729.84,96.919482421875,0,0.3706124,4859.046,-0.01225497,0,0,-1,-1,-1,-1,0,0,0,0,0,0,0,0,0
1521411306807.2,97.0569885253906,0,0.3512466,4861.395,-0.01230543,0,0,-1,-1,-1,-1,0,0,0,0,0,0,0,0,0
1521411306886.47,97.1318176269531,0,0.3028322,4863.297,-0.01234664,0,0,-1,-1,-1,-1,0,0,0,0,0,0,0,0,0
1521411306953.97,96.8950927734375,0,0.02202855,4864.246,-0.01235194,0,0,-1,-1,-1,-1,0,0,0,0,0,0,0,0,0
1521411307021.1,96.3150146484375,0,0,4863.991,-0.01233026,0,0,-1,-1,-1,-1,0,0,0,0,0,0,0,0,0
1521411307103.41,95.34228515625,0,0,4860.764,-0.01226624,0,0,-1,-1,-1,-1,0,0,0,0,0,0,0,0,0
1521411307173.06,94.764208984375,0,0,4857.691,-0.01222377,0,0,-1,-1,-1,-1,0,0,0,0,0,0,0,0,0
1521411307255.52,93.9999633789063,0,0,4852.749,-0.01215477,0,0,-1,-1,-1,-1,0,0,0,0,0,0,0,0,0
1521411307337.43,93.3367431640625,0,0.09949163,4847.225,-0.01206126,0,0,-1,-1,-1,-1,0,0,0,0,0,0,0,0,0
1521411307405.21,93.0094055175781,0,0.2447349,4841.953,-0.01194046,0,0,-1,-1,-1,-1,0,0,0,0,0,0,0,0,0
1521411307489.48,93.0205688476563,0,0.3512466,4837.922,-0.01180157,0,0,-1,-1,-1,-1,0,0,0,0,0,0,0,0,0
1521411307569.71,93.2284423828125,0,0.409344,4835.604,-0.01166066,0,0,-1,-1,-1,-1,0,0,0,0,0,0,0,0,0
1521411307653,93.4960571289063,0,0.3996611,4834.847,-0.0115171,0,0,-1,-1,-1,-1,0,0,0,0,0,0,0,0,0
1521411307723.41,93.7435974121094,0,0.409344,4835.138,-0.01143749,0,0,-1,-1,-1,-1,0,0,0,0,0,0,0,0,0
1521411307804.5,94.0663208007813,0,0.4480756,4836.151,-0.01137899,0,0,-1,-1,-1,-1,0,0,0,0,0,0,0,0,0
1521411307872.46,94.3316101074219,0,0.4383927,4837.397,-0.01134086,0,0,-1,-1,-1,-1,0,0,0,0,0,0,0,0,0
1521411307942.55,94.6419982910156,0,0.409344,4839.474,-0.0112979,0,0,-1,-1,-1,-1,0,0,0,0,0,0,0,0,0
1521411308021.7,94.8785888671875,0,0.409344,4841.667,-0.01124828,0,0,-1,-1,-1,-1,0,0,0,0,0,0,0,0,0
1521411308113.65,95.169287109375,0,0.4190269,4843.906,-0.01119769,0,0,-1,-1,-1,-1,0,0,0,0,0,0,0,0,0
1521411308184.78,95.432177734375,0,0.409344,4846.244,-0.01114723,0,0,-1,-1,-1,-1,0,0,0,0,0,0,0,0,0
1521411308252.31,95.6439514160156,0,0.4383927,4847.996,-0.01110991,0,0,-1,-1,-1,-1,0,0,0,0,0,0,0,0,0
1521411308323.84,95.9636962890625,0,0.4190269,4850.459,-0.01106108,0,0,-1,-1,-1,-1,0,0,0,0,0,0,0,0,0
1521411308423.28,95.9852600097656,0,0.1963205,4853.358,-0.01099509,0,0,-1,-1,-1,-1,0,0,0,0,0,0,0,0,0
1521411308489.94,95.6610412597656,0,0.09949163,4854.12,-0.0109501,0,0,-1,-1,-1,-1,0,0,0,0,0,0,0,0,0
1521411308560.14,95.2843566894531,0,0.1672718,4853.782,-0.01090546,0,0,-1,-1,-1,-1,0,0,0,0,0,0,0,0,0
1521411308633.64,95.049169921875,0,0.2641007,4852.386,-0.01085429,0,0,-1,-1,-1,-1,0,0,0,0,0,0,0,0,0
1521411308707.28,94.97822265625,0,0.2931493,4850.999,-0.01080999,0,0,-1,-1,-1,-1,0,0,0,0,0,0,0,0,0
1521411308789.16,94.9553833007813,0,0.3028322,4849.938,-0.01075577,0,0,-1,-1,-1,-1,0,0,0,0,0,0,0,0,0
1521411308858.51,94.8850891113281,0,0.1866376,4849.326,-0.01073441,0,0,-1,-1,-1,-1,0,0,0,0,0,0,0,0,0
1521411308942.26,94.0435180664063,0,0,4847.25,-0.01075458,0,0,-1,-1,-1,-1,0,0,0,0,0,0,0,0,0
1521411309021.14,93.4746643066406,0,0,4844.706,-0.01076703,0,0,-1,-1,-1,-1,0,0,0,0,0,0,0,0,0
1521411309091.51,92.7217529296875,0,0,4840.284,-0.01079328,0,0,-1,-1,-1,-1,0,0,0,0,0,0,0,0,0
1521411309184.53,91.7896545410156,0,0,4833.692,-0.01080427,0,0,-1,-1,-1,-1,0,0,0,0,0,0,0,0,0
1521411309251.34,91.2352111816406,0,0,4829.381,-0.01079981,0,0,-1,-1,-1,-1,0,0,0,0,0,0,0,0,0
1521411309321.08,90.6842834472656,0,0,4824.899,-0.01078744,0,0,-1,-1,-1,-1,0,0,0,0,0,0,0,0,0
1521411309393.75,89.9550109863281,0,0,4818.75,-0.0107565,0,0,-1,-1,-1,-1,0,0,0,0,0,0,0,0,0
1521411309481.75,89.0810119628906,0,0.02202855,4395.71,-0.01069744,0,0,-1,-1,-1,-1,0,0,0,0,0,0,0,0,0
1521411309574.47,88.8565002441406,0,0.3996611,4595.105,-0.01064153,0,0,-1,-1,-1,-1,0,0,0,0,0,0,0,0,0
1521411309675.15,89.4133361816406,0,0.5352215,4752.982,-0.01056601,0,0,-1,-1,-1,-1,0,0,0,0,0,0,0,0,0
1521411309775.3,90.2866882324219,0,0.6320504,4926.049,-0.01046683,0,0,-1,-1,-1,-1,0,0,0,0,0,0,0,0,0
1521411309853.92,91.1687072753906,0,0.6514161,4885.897,-0.01036823,0,0,-1,-1,-1,-1,0,0,0,0,0,0,0,0,0
1521411309923.48,91.9971557617188,0,0.5933188,4862.241,-0.01025072,0,0,-1,-1,-1,-1,0,0,0,0,0,0,0,0,0
1521411309990.44,92.5323486328125,0,0.5739531,4851.646,-0.01015163,0,0,-1,-1,-1,-1,0,0,0,0,0,0,0,0,0
1521411310060.58,93.0501525878906,0,0.5739531,4845.194,-0.01007858,0,0,-1,-1,-1,-1,0,0,0,0,0,0,0,0,0
1521411310136.39,93.7152526855469,0,0.5642702,4841.086,-0.01003378,0,0,-1,-1,-1,-1,0,0,0,0,0,0,0,0,0
1521411310210.27,94.3177978515625,0,0.49649,4840.391,-0.00998641,0,0,-1,-1,-1,-1,0,0,0,0,0,0,0,0,0
1521411310300.85,94.6686950683594,0,0.3899783,4841.486,-0.009943821,0,0,-1,-1,-1,-1,0,0,0,0,0,0,0,0,0
1521411310369.4,94.5803833007813,0,0.05107721,4842.872,-0.009883733,0,0,-1,-1,-1,-1,0,0,0,0,0,0,0,0,0
1521411310441.45,93.8442016601563,0,0,4842.526,-0.009801157,0,0,-1,-1,-1,-1,0,0,0,0,0,0,0,0,0
1521411310509.15,93.278076171875,0,0,4840.782,-0.009733944,0,0,-1,-1,-1,-1,0,0,0,0,0,0,0,0,0
1521411310591.03,92.5643615722656,0,0.05107721,4837.111,-0.009641995,0,0,-1,-1,-1,-1,0,0,0,0,0,0,0,0,0
1521411310691.09,92.3585327148438,0,0.3415638,4832.066,-0.009527968,0,0,-1,-1,-1,-1,0,0,0,0,0,0,0,0,0
1521411310791.48,92.5600646972656,0,0.409344,4829.25,-0.009404328,0,0,-1,-1,-1,-1,0,0,0,0,0,0,0,0,0
1521411310871.55,92.8530029296875,0,0.4480756,4828.628,-0.009290173,0,0,-1,-1,-1,-1,0,0,0,0,0,0,0,0,0
1521411310946.96,93.2924682617188,0,0.49649,4829.296,-0.009162724,0,0,-1,-1,-1,-1,0,0,0,0,0,0,0,0,0
1521411311024.96,93.7769897460938,0,0.4674413,4831.18,-0.009021973,0,0,-1,-1,-1,-1,0,0,0,0,0,0,0,0,0
1521411311094.87,94.0113586425781,0,0.3609295,4833.083,-0.008906844,0,0,-1,-1,-1,-1,0,0,0,0,0,0,0,0,0
1521411311171.6,94.0737609863281,0,0.3125151,4835.362,-0.008742388,0,0,-1,-1,-1,-1,0,0,0,0,0,0,0,0,0
1521411311239.16,94.1277587890625,0,0.3512466,4836.628,-0.008655635,0,0,-1,-1,-1,-1,0,0,0,0,0,0,0,0,0
1521411311306.76,94.2483032226563,0,0.3512466,4838.084,-0.008586391,0,0,-1,-1,-1,-1,0,0,0,0,0,0,0,0,0
1521411311379.88,94.3394348144531,0,0.3512466,4839.089,-0.00853498,0,0,-1,-1,-1,-1,0,0,0,0,0,0,0,0,0
1521411311455.74,94.465283203125,0,0.3706124,4840.348,-0.008480536,0,0,-1,-1,-1,-1,0,0,0,0,0,0,0,0,0
1521411311526.94,94.5910522460938,0,0.2060034,4841.615,-0.008414675,0,0,-1,-1,-1,-1,0,0,0,0,0,0,0,0,0
1521411311606.13,94.0253967285156,0,0,4842.081,-0.00832634,0,0,-1,-1,-1,-1,0,0,0,0,0,0,0,0,0
1521411311672.89,93.45859375,0,0,4840.895,-0.008250806,0,0,-1,-1,-1,-1,0,0,0,0,0,0,0,0,0
1521411311755.73,92.70791015625,0,0,4837.738,-0.008146407,0,0,-1,-1,-1,-1,0,0,0,0,0,0,0,0,0
1521411311840.33,91.9633483886719,0,0,4833.369,-0.008038332,0,0,-1,-1,-1,-1,0,0,0,0,0,0,0,0,0
1521411311921.13,91.2813049316406,0,0.08980875,4828.238,-0.007922187,0,0,-1,-1,-1,-1,0,0,0,0,0,0,0,0,0
1521411312012.58,90.96669921875,0,0.3028322,4822.055,-0.007791155,0,0,-1,-1,-1,-1,0,0,0,0,0,0,0,0,0
1521411312085.9,91.0154663085938,0,0.3028322,4818.722,-0.00771221,0,0,-1,-1,-1,-1,0,0,0,0,0,0,0,0,0
1521411312159.14,90.9759460449219,0,0.235052,4817.081,-0.007628051,0,0,-1,-1,-1,-1,0,0,0,0,0,0,0,0,0
1521411312232.74,90.7170593261719,0,0.1188574,4815.181,-0.007518298,0,0,-1,-1,-1,-1,0,0,0,0,0,0,0,0,0
1521411312302.04,90.2491088867188,0,0.1091745,4812.814,-0.007402938,0,0,-1,-1,-1,-1,0,0,0,0,0,0,0,0,0
1521411312369.12,89.9967102050781,0,0.2060034,4810.652,-0.007327574,0,0,-1,-1,-1,-1,0,0,0,0,0,0,0,0,0
1521411312451,89.8626220703125,0,0.2737836,4807.986,-0.007274353,0,0,-1,-1,-1,-1,0,0,0,0,0,0,0,0,0
1521411312522.57,89.891455078125,0,0.322198,4806.042,-0.007224211,0,0,-1,-1,-1,-1,0,0,0,0,0,0,0,0,0
1521411312593.56,90.006787109375,0,0.3802953,4805.182,-0.007210145,0,0,-1,-1,-1,-1,0,0,0,0,0,0,0,0,0
1521411312661.97,90.2885131835938,0,0.4287098,4804.959,-0.007206159,0,0,-1,-1,-1,-1,0,0,0,0,0,0,0,0,0
1521411312736.03,90.5593872070313,0,0.4577585,4805.51,-0.007200815,0,0,-1,-1,-1,-1,0,0,0,0,0,0,0,0,0
1521411312807.35,91.0162170410156,0,0.5158557,4807.111,-0.007190297,0,0,-1,-1,-1,-1,0,0,0,0,0,0,0,0,0
1521411312888.98,91.6919799804688,0,0.6030017,4809.798,-0.0071789,0,0,-1,-1,-1,-1,0,0,0,0,0,0,0,0,0
1521411312976.01,92.459130859375,0,0.5933188,4813.828,-0.007166859,0,0,-1,-1,-1,-1,0,0,0,0,0,0,0,0,0
1521411313074.06,93.3461364746094,0,0.5642702,4820.092,-0.007147725,0,0,-1,-1,-1,-1,0,0,0,0,0,0,0,0,0
1521411313179.76,94.09150390625,0,0.4771242,4826.88,-0.007124697,0,0,-1,-1,-1,-1,0,0,0,0,0,0,0,0,0
1521411313274.85,94.2794006347656,0,0.2834665,4832.832,-0.007095073,0,0,-1,-1,-1,-1,0,0,0,0,0,0,0,0,0
1521411313353.75,94.3864868164063,0,0.4480756,4835.942,-0.007071913,0,0,-1,-1,-1,-1,0,0,0,0,0,0,0,0,0
1521411313424.78,94.8260925292969,0,0.5061729,4838.809,-0.007056902,0,0,-1,-1,-1,-1,0,0,0,0,0,0,0,0,0
1521411313512.7,95.3477783203125,0,0.5061729,4842.16,-0.007045501,0,0,-1,-1,-1,-1,0,0,0,0,0,0,0,0,0
1521411313593.94,95.5673950195313,0,0.1575889,4845.805,-0.007074249,0,0,-1,-1,-1,-1,0,0,0,0,0,0,0,0,0
1521411313690.23,94.69111328125,0,0,4847.574,-0.007103458,0,0,-1,-1,-1,-1,0,0,0,0,0,0,0,0,0
1521411313757.4,94.119287109375,0,0,4846.506,-0.00715219,0,0,-1,-1,-1,-1,0,0,0,0,0,0,0,0,0
1521411313825.89,93.3622619628906,0,0,4843.439,-0.007235103,0,0,-1,-1,-1,-1,0,0,0,0,0,0,0,0,0
1521411313907.45,92.9233154296875,0,0.2447349,4839.292,-0.007313482,0,0,-1,-1,-1,-1,0,0,0,0,0,0,0,0,0
1521411313991.9,92.7911743164063,0,0.2641007,4835.8,-0.007376239,0,0,-1,-1,-1,-1,0,0,0,0,0,0,0,0,0
1521411314065.41,92.7477905273438,0,0.2834665,4833.206,-0.007418703,0,0,-1,-1,-1,-1,0,0,0,0,0,0,0,0,0
1521411314139.9,92.7174743652344,0,0.2737836,4831.796,-0.007438521,0,0,-1,-1,-1,-1,0,0,0,0,0,0,0,0,0
1521411314219.21,92.7370300292969,0,0.3318809,4830.422,-0.007452201,0,0,-1,-1,-1,-1,0,0,0,0,0,0,0,0,0
1521411314289.88,92.8058715820313,0,0.322198,4829.689,-0.00744373,0,0,-1,-1,-1,-1,0,0,0,0,0,0,0,0,0
1521411314357.41,92.8479919433594,0,0.3415638,4829.437,-0.00742041,0,0,-1,-1,-1,-1,0,0,0,0,0,0,0,0,0
1521411314458.55,93.005078125,0,0.2931493,4829.507,-0.00735245,0,0,-1,-1,-1,-1,0,0,0,0,0,0,0,0,0
1521411314541.26,92.59365234375,0,0,4829.548,-0.007272195,0,0,-1,-1,-1,-1,0,0,0,0,0,0,0,0,0
1521411314646.68,91.4792663574219,0,0,4826.044,-0.007124299,0,0,-1,-1,-1,-1,0,0,0,0,0,0,0,0,0
1521411314713.54,90.9984436035156,0,0.09949163,4823.056,-0.007077416,0,0,-1,-1,-1,-1,0,0,0,0,0,0,0,0,0
1521411314787.42,90.702392578125,0,0.2641007,4818.925,-0.007019664,0,0,-1,-1,-1,-1,0,0,0,0,0,0,0,0,0
1521411314857.14,90.7292602539063,0,0.3415638,4816.443,-0.006981567,0,0,-1,-1,-1,-1,0,0,0,0,0,0,0,0,0
1521411314940.85,91.0726318359375,0,0.5933188,4814.551,-0.006973822,0,0,-1,-1,-1,-1,0,0,0,0,0,0,0,0,0
1521411315025.19,92.1779296875,0,0.661099,4815.693,-0.00697187,0,0,-1,-1,-1,-1,0,0,0,0,0,0,0,0,0
1521411315104.77,92.9981750488281,0,0.5836359,4819.312,-0.0069477,0,0,-1,-1,-1,-1,0,0,0,0,0,0,0,0,0
1521411315175.66,93.2570373535156,0,0.2544178,4822.73,-0.006917335,0,0,-1,-1,-1,-1,0,0,0,0,0,0,0,0,0
1521411315275.28,92.4860412597656,0,0,4825.786,-0.006847763,0,0,-1,-1,-1,-1,0,0,0,0,0,0,0,0,0
1521411315372.88,91.5572448730469,0,0,4824.275,-0.006786289,0,0,-1,-1,-1,-1,0,0,0,0,0,0,0,0,0
1521411315453.89,90.8209045410156,0,0,4821.013,-0.006747754,0,0,-1,-1,-1,-1,0,0,0,0,0,0,0,0,0
1521411315536.56,90.090478515625,0,0,4816.62,-0.006714756,0,0,-1,-1,-1,-1,0,0,0,0,0,0,0,0,0
1521411315605.72,89.3659301757813,0,0,4811.549,-0.00668386,0,0,-1,-1,-1,-1,0,0,0,0,0,0,0,0,0
1521411315692.61,88.6701965332031,0,0.03171144,4498.949,-0.006654921,0,0,-1,-1,-1,-1,0,0,0,0,0,0,0,0,0
1521411315775.23,88.5458557128906,0,0.409344,4658.047,-0.006634228,0,0,-1,-1,-1,-1,0,0,0,0,0,0,0,0,0
1521411315854.61,88.9133361816406,0,0.4771242,4764.432,-0.006671679,0,0,-1,-1,-1,-1,0,0,0,0,0,0,0,0,0
1521411315937.3,89.49150390625,0,0.5836359,4839.695,-0.006719436,0,0,-1,-1,-1,-1,0,0,0,0,0,0,0,0,0
1521411316005.14,90.2974609375,0,0.6223675,4936.302,-0.006797927,0,0,-1,-1,-1,-1,0,0,0,0,0,0,0,0,0
1521411316075.28,90.9247619628906,0,0.6417332,4901.587,-0.006861486,0,0,-1,-1,-1,-1,0,0,0,0,0,0,0,0,0
1521411316146.83,91.7945251464844,0,0.6417332,4871.812,-0.006946789,0,0,-1,-1,-1,-1,0,0,0,0,0,0,0,0,0
1521411316224.81,92.6888366699219,0,0.6707819,4854.947,-0.007041775,0,0,-1,-1,-1,-1,0,0,0,0,0,0,0,0,0
1521411316303.58,93.6236083984375,0,0.6804648,4846.698,-0.007129229,0,0,-1,-1,-1,-1,0,0,0,0,0,0,0,0,0
1521411316371.75,94.3562438964844,0,0.7191963,4844.401,-0.007179708,0,0,-1,-1,-1,-1,0,0,0,0,0,0,0,0,0
1521411316458.2,95.4379333496094,0,0.7676108,4845.053,-0.007226678,0,0,-1,-1,-1,-1,0,0,0,0,0,0,0,0,0
1521411316537.97,96.6391540527344,0,0.8160252,4848.959,-0.007250709,0,0,-1,-1,-1,-1,0,0,0,0,0,0,0,0,0
1521411316622.69,98.2564453125,0,0.835391,4857.25,-0.007246961,0,0,-1,-1,-1,-1,0,0,0,0,0,0,0,0,0
1521411316691.27,99.2505493164063,0,0.8547567,4863.53,-0.007231838,0,0,-1,-1,-1,-1,0,0,0,0,0,0,0,0,0
1521411316793.77,100.912860107422,0,0.8547567,4875.491,-0.007180767,0,0,-1,-1,-1,-1,0,0,0,0,0,0,0,0,0
1521411316868.62,102.231634521484,0,0.8547567,4885.921,-0.007152281,0,0,-1,-1,-1,-1,0,0,0,0,0,0,0,0,0
1521411316939.12,103.223706054688,0,0.8547567,4894.053,-0.007193731,0,0,-1,-1,-1,-1,0,0,0,0,0,0,0,0,0
1521411317020.87,104.5736328125,0,0.912854,4905.195,-0.007243095,0,0,-1,-1,-1,-1,0,0,0,0,0,0,0,0,0
1521411317091.65,105.983984375,0,0.912854,4916.771,-0.007319639,0,0,-1,-1,-1,-1,0,0,0,0,0,0,0,0,0
1521411317162.05,107.427856445313,0,0.9612685,4928.707,-0.007369239,0,0,-1,-1,-1,-1,0,0,0,0,0,0,0,0,0
1521411317246.46,109.016052246094,0,1,4941.145,-0.007384651,0,0,-1,-1,-1,-1,0,0,0,0,0,0,0,0,0
1521411317323.05,110.628393554688,0,1,4954.245,-0.007368444,0,0,-1,-1,-1,-1,0,0,0,0,0,0,0,0,0
1521411317424.03,112.407800292969,0,1,4970.997,-0.007303901,0,0,-1,-1,-1,-1,0,0,0,0,0,0,0,0,0
1521411317525.22,112.416271972656,0,1,4982.874,-0.007192974,0,0,-1,-1,-1,-1,0,0,0,0,0,0,0,0,0
1521411317596.63,112.416186523438,0,1,4987.515,-0.007104051,0,0,-1,-1,-1,-1,0,0,0,0,0,0,0,0,0
1521411317670.43,112.416333007813,0,1,4991.809,-0.006959105,0,0,-1,-1,-1,-1,0,0,0,0,0,0,0,0,0
1521411317739.8,112.41982421875,0,1,4994.028,-0.006846604,0,0,-1,-1,-1,-1,0,0,0,0,0,0,0,0,0
1521411317824.04,112.415808105469,0,1,4996.474,-0.006806979,0,0,-1,-1,-1,-1,0,0,0,0,0,0,0,0,0
1521411317922.54,112.414770507813,0,1,4997.918,-0.006800459,0,0,-1,-1,-1,-1,0,0,0,0,0,0,0,0,0
1521411318009.63,112.415893554688,0,1,4998.634,-0.006793658,0,0,-1,-1,-1,-1,0,0,0,0,0,0,0,0,0
1521411318106.3,112.340625,0,0.8741225,4999.193,-0.006724739,0,0,-1,-1,-1,-1,0,0,0,0,0,0,0,0,0
1521411318206.99,111.725939941406,0,0,4999.477,-0.006586767,0,0,-1,-1,-1,-1,0,0,0,0,0,0,0,0,0
1521411318306.05,110.606201171875,0,0,4996.879,-0.006391434,0,0,-1,-1,-1,-1,0,0,0,0,0,0,0,0,0
1521411318391.65,109.716882324219,0,0,4992.557,-0.006211167,0,0,-1,-1,-1,-1,0,0,0,0,0,0,0,0,0
1521411318490.61,108.615698242188,0,0,4985.474,-0.00595569,0,0,-1,-1,-1,-1,0,0,0,0,0,0,0,0,0
1521411318573.73,107.741552734375,0,0,4978.982,-0.005779839,0,0,-1,-1,-1,-1,0,0,0,0,0,0,0,0,0
1521411318679.87,106.684545898438,0,0.04139432,4970.266,-0.005696482,0,0,-1,-1,-1,-1,0,0,0,0,0,0,0,0,0
1521411318754.99,106.167150878906,0,0.3318809,4963.355,-0.005668378,0,0,-1,-1,-1,-1,0,0,0,0,0,0,0,0,0
1521411318835.99,106.380493164063,0,0.5739531,4958.146,-0.005652033,0,0,-1,-1,-1,-1,0,0,0,0,0,0,0,0,0
1521411318909.16,107.062255859375,0,0.6707819,4956.068,-0.005596977,0,0,-1,-1,-1,-1,0,0,0,0,0,0,0,0,0
1521411318992.21,108.008154296875,0,0.8063423,4957.145,-0.005502449,0,0,-1,-1,-1,-1,0,0,0,0,0,0,0,0,0
1521411319071.08,109.20439453125,0,0.8644396,4961.091,-0.005372843,0,0,-1,-1,-1,-1,0,0,0,0,0,0,0,0,0
1521411319145.62,110.522338867188,0,0.8934883,4967.515,-0.005209274,0,0,-1,-1,-1,-1,0,0,0,0,0,0,0,0,0
1521411319246.91,112.222534179688,0,0.912854,4978.149,-0.004955618,0,0,-1,-1,-1,-1,0,0,0,0,0,0,0,0,0
1521411319340.89,112.360400390625,0,0.912854,4985.664,-0.004737324,0,0,-1,-1,-1,-1,0,0,0,0,0,0,0,0,0
1521411319442.25,112.365148925781,0,0.9225369,4992.381,-0.004529802,0,0,-1,-1,-1,-1,0,0,0,0,0,0,0,0,0
1521411319520.82,112.363793945313,0,0.9225369,4994.446,-0.004461357,0,0,-1,-1,-1,-1,0,0,0,0,0,0,0,0,0
1521411319593.12,112.364575195313,0,0.9225369,4996.356,-0.004355636,0,0,-1,-1,-1,-1,0,0,0,0,0,0,0,0,0
1521411319671.21,112.364465332031,0,0.9225369,4997.609,-0.004238442,0,0,-1,-1,-1,-1,0,0,0,0,0,0,0,0,0
1521411319758.54,112.364782714844,0,0.9225369,4998.431,-0.004076048,0,0,-1,-1,-1,-1,0,0,0,0,0,0,0,0,0
1521411319837.51,112.359155273438,0,0.8257081,4998.971,-0.003866568,0,0,-1,-1,-1,-1,0,0,0,0,0,0,0,0,0
1521411319918.78,112.045483398438,0,0.3125151,4999.325,-0.003575842,0,0,-1,-1,-1,-1,0,0,0,0,0,0,0,0,0
1521411319986.14,111.297021484375,0,0,4998.907,-0.003223929,0,0,-1,-1,-1,-1,0,0,0,0,0,0,0,0,0
1521411320070.2,110.397583007813,0,0,4995.996,-0.002847412,0,0,-1,-1,-1,-1,0,0,0,0,0,0,0,0,0
1521411320162.16,109.287060546875,0,0,4989.978,-0.002491286,0,0,-1,-1,-1,-1,0,0,0,0,0,0,0,0,0
1521411320236.56,108.627856445313,0,0,4985.559,-0.002311624,0,0,-1,-1,-1,-1,0,0,0,0,0,0,0,0,0
1521411320304.56,107.7546875,0,0,4979.076,-0.002168355,0,0,-1,-1,-1,-1,0,0,0,0,0,0,0,0,0
1521411320391.08,106.907409667969,0,0.1575889,4972.149,-0.001998479,0,0,-1,-1,-1,-1,0,0,0,0,0,0,0,0,0
1521411320471.21,106.694299316406,0,0.4383927,4965.636,-0.001792126,0,0,-1,-1,-1,-1,0,0,0,0,0,0,0,0,0
1521411320552.83,107.156176757813,0,0.6804648,4961.583,-0.001572252,0,0,-1,-1,-1,-1,0,0,0,0,0,0,0,0,0
1521411320636.42,108.138159179688,0,0.8160252,4961.082,-0.001348351,0,0,-1,-1,-1,-1,0,0,0,0,0,0,0,0,0
1521411320712.26,109.332495117188,0,0.8547567,4964.079,-0.001123037,0,0,-1,-1,-1,-1,0,0,0,0,0,0,0,0,0
1521411320791.37,110.613012695313,0,0.8838054,4969.815,-0.0009415329,0,0,-1,-1,-1,-1,0,0,0,0,0,0,0,0,0
1521411320883.81,112.249157714844,0,0.8838054,4979.754,-0.0008064932,0,0,-1,-1,-1,-1,0,0,0,0,0,0,0,0,0
1521411320959.64,112.339819335938,0,0.8838054,4985.241,-0.0007782865,0,0,-1,-1,-1,-1,0,0,0,0,0,0,0,0,0
1521411321038.14,112.339721679688,0,0.8838054,4990.316,-0.0007867243,0,0,-1,-1,-1,-1,0,0,0,0,0,0,0,0,0
1521411321131.06,112.345825195313,0,0.8934883,4994.282,-0.0007581013,0,0,-1,-1,-1,-1,0,0,0,0,0,0,0,0,0
1521411321202.94,112.340393066406,0,0.8838054,4996.249,-0.0006963703,0,0,-1,-1,-1,-1,0,0,0,0,0,0,0,0,0
1521411321287.27,112.320837402344,0,0.8644396,4997.539,-0.0005809249,0,0,-1,-1,-1,-1,0,0,0,0,0,0,0,0,0
1521411321354.43,112.337854003906,0,0.8838054,4998.206,-0.0004544547,0,0,-1,-1,-1,-1,0,0,0,0,0,0,0,0,0
1521411321440.09,112.338684082031,0,0.8838054,4998.823,-0.0003149829,0,0,-1,-1,-1,-1,0,0,0,0,0,0,0,0,0
1521411321507.31,112.332702636719,0,0.8547567,4999.228,-0.0002464818,0,0,-1,-1,-1,-1,0,0,0,0,0,0,0,0,0
1521411321622.22,112.150158691406,0,0.5933188,4999.59,-0.0002251248,0,0,-1,-1,-1,-1,0,0,0,0,0,0,0,0,0
1521411321702.53,112.142175292969,0,0.5836359,4999.73,-0.0001785715,0,0,-1,-1,-1,-1,0,0,0,0,0,0,0,0,0
1521411321769.69,112.142297363281,0,0.5642702,4999.804,-8.896041E-05,0,0,-1,-1,-1,-1,0,0,0,0,0,0,0,0,0
1521411321856.13,112.030310058594,0,0.3512466,4999.871,9.574833E-05,0,0,-1,-1,-1,-1,0,0,0,0,0,0,0,0,0
1521411321924.63,111.653356933594,0,0.02202855,4999.721,0.0003547309,0,0,-1,-1,-1,-1,0,0,0,0,0,0,0,0,0
1521411322002.37,110.761328125,0,0,4997.653,0.0006170526,0,0,-1,-1,-1,-1,0,0,0,0,0,0,0,0,0
1521411322071.52,110.08203125,0,0,4994.705,0.0007680302,0,0,-1,-1,-1,-1,0,0,0,0,0,0,0,0,0
1521411322152.18,109.183544921875,0,0,4989.509,0.0009790962,0,0,-1,-1,-1,-1,0,0,0,0,0,0,0,0,0
1521411322235.45,108.29306640625,0,0,4983.352,0.001124617,0,0,-1,-1,-1,-1,0,0,0,0,0,0,0,0,0
1521411322302.59,107.410278320313,0,0,4976.587,0.00133832,0,0,-1,-1,-1,-1,0,0,0,0,0,0,0,0,0
1521411322385.63,106.534130859375,0,0,4969.448,0.001639975,0,0,-1,-1,-1,-1,0,0,0,0,0,0,0,0,0
1521411322454.29,105.878015136719,0,0,4963.936,0.001930658,0,0,-1,-1,-1,-1,0,0,0,0,0,0,0,0,0
1521411322536.59,105.006774902344,0,0.002662782,4956.447,0.002395527,0,0,-1,-1,-1,-1,0,0,0,0,0,0,0,0,0
1521411322603.38,104.242041015625,0,0.09949163,4948.937,0.002783301,0,0,-1,-1,-1,-1,0,0,0,0,0,0,0,0,0
1521411322686.93,103.827746582031,0,0.3028322,4942.037,0.003181471,0,0,-1,-1,-1,-1,0,0,0,0,0,0,0,0,0
1521411322769.68,103.898986816406,0,0.4383927,4936.867,0.003523754,0,0,-1,-1,-1,-1,0,0,0,0,0,0,0,0,0
1521411322853.19,104.232666015625,0,0.5352215,4934.057,0.003898909,0,0,-1,-1,-1,-1,0,0,0,0,0,0,0,0,0
1521411322930.2,104.801611328125,0,0.5933188,4933.546,0.004354818,0,0,-1,-1,-1,-1,0,0,0,0,0,0,0,0,0
1521411323004.5,105.432299804688,0,0.5836359,4935.093,0.004816059,0,0,-1,-1,-1,-1,0,0,0,0,0,0,0,0,0
1521411323087.79,105.936401367188,0,0.4771242,4937.938,0.005467321,0,0,-1,-1,-1,-1,0,0,0,0,0,0,0,0,0
1521411323169.95,106.151831054688,0,0.3996611,4940.995,0.005892355,0,0,-1,-1,-1,-1,0,0,0,0,0,0,0,0,0
1521411323254.67,106.327270507813,0,0.4480756,4943.515,0.006352658,0,0,-1,-1,-1,-1,0,0,0,0,0,0,0,0,0
1521411323335.73,106.556311035156,0,0.3706124,4945.829,0.006739765,0,0,-1,-1,-1,-1,0,0,0,0,0,0,0,0,0
1521411323418.78,106.452587890625,0,0.1091745,4947.729,0.007131521,0,0,-1,-1,-1,-1,0,0,0,0,0,0,0,0,0
1521411323486.78,105.679821777344,0,0,4947.788,0.007569253,0,0,-1,-1,-1,-1,0,0,0,0,0,0,0,0,0
1521411323569.63,104.8234375,0,0,4945.263,0.008053883,0,0,-1,-1,-1,-1,0,0,0,0,0,0,0,0,0
1521411323652.08,103.975866699219,0,0,4940.988,0.008414868,0,0,-1,-1,-1,-1,0,0,0,0,0,0,0,0,0
1521411323718.66,103.343920898438,0,0,4937.019,0.008562514,0,0,-1,-1,-1,-1,0,0,0,0,0,0,0,0,0
1521411323785.89,102.506823730469,0,0,4931.049,0.00874706,0,0,-1,-1,-1,-1,0,0,0,0,0,0,0,0,0
1521411323870.43,101.676959228516,0,0,4924.571,0.008854194,0,0,-1,-1,-1,-1,0,0,0,0,0,0,0,0,0
1521411323954.08,100.853839111328,0,0,4917.781,0.009007713,0,0,-1,-1,-1,-1,0,0,0,0,0,0,0,0,0
1521411324035.69,100.036358642578,0,0,4910.807,0.009221885,0,0,-1,-1,-1,-1,0,0,0,0,0,0,0,0,0
1521411324102.71,99.2242309570313,0,0,4903.727,0.009461877,0,0,-1,-1,-1,-1,0,0,0,0,0,0,0,0,0
1521411324186.23,98.4174133300781,0,0,4896.595,0.009483391,0,0,-1,-1,-1,-1,0,0,0,0,0,0,0,0,0
1521411324253,97.8166687011719,0,0,4891.233,0.009486695,0,0,-1,-1,-1,-1,0,0,0,0,0,0,0,0,0
1521411324335.15,97.0244934082031,0,0,4884.094,0.009445133,0,0,-1,-1,-1,-1,0,0,0,0,0,0,0,0,0
1521411324418.51,96.2389038085938,0,0,4876.986,0.009416331,0,0,-1,-1,-1,-1,0,0,0,0,0,0,0,0,0
1521411324487.33,95.4597106933594,0,0,4869.918,0.009463807,0,0,-1,-1,-1,-1,0,0,0,0,0,0,0,0,0
1521411324555.27,94.8793212890625,0,0,4864.647,0.009544023,0,0,-1,-1,-1,-1,0,0,0,0,0,0,0,0,0
1521411324635.4,94.1124877929688,0,0,4857.662,0.009650754,0,0,-1,-1,-1,-1,0,0,0,0,0,0,0,0,0
1521411324702.78,93.3527038574219,0,0,4850.735,0.009552137,0,0,-1,-1,-1,-1,0,0,0,0,0,0,0,0,0
1521411324770.1,92.7863586425781,0,0.06076009,4845.577,0.009477527,0,0,-1,-1,-1,-1,0,0,0,0,0,0,0,0,0
1521411324837.45,92.4951477050781,0,0.322198,4840.598,0.009398313,0,0,-1,-1,-1,-1,0,0,0,0,0,0,0,0,0
1521411324904.34,92.7532165527344,0,0.5061729,4835.743,0.009301491,0,0,-1,-1,-1,-1,0,0,0,0,0,0,0,0,0
1521411324971.7,93.19775390625,0,0.5642702,4834.048,0.009276189,0,0,-1,-1,-1,-1,0,0,0,0,0,0,0,0,0
1521411325046.6,93.8983093261719,0,0.6126846,4834.243,0.009300197,0,0,-1,-1,-1,-1,0,0,0,0,0,0,0,0,0
1521411325118.64,94.5093444824219,0,0.6514161,4835.878,0.009357473,0,0,-1,-1,-1,-1,0,0,0,0,0,0,0,0,0
1521411325202.13,95.6762573242188,0,0.7191963,4840.956,0.009338294,0,0,-1,-1,-1,-1,0,0,0,0,0,0,0,0,0
1521411325285.39,96.7714294433594,0,0.7772936,4846.865,0.009206908,0,0,-1,-1,-1,-1,0,0,0,0,0,0,0,0,0
1521411325352.95,97.6277587890625,0,0.7869765,4852.256,0.009124273,0,0,-1,-1,-1,-1,0,0,0,0,0,0,0,0,0
1521411325435.96,98.8102416992188,0,0.7772936,4860.423,0.009017838,0,0,-1,-1,-1,-1,0,0,0,0,0,0,0,0,0
1521411325503.09,99.8911010742188,0,0.7191963,4869.311,0.008991055,0,0,-1,-1,-1,-1,0,0,0,0,0,0,0,0,0
1521411325585.96,100.708636474609,0,0.5642702,4878.204,0.009043097,0,0,-1,-1,-1,-1,0,0,0,0,0,0,0,0,0
1521411325652.83,100.992852783203,0,0.322198,4884.241,0.009125793,0,0,-1,-1,-1,-1,0,0,0,0,0,0,0,0,0
1521411325719.49,100.793725585938,0,0.02202855,4888.923,0.009172675,0,0,-1,-1,-1,-1,0,0,0,0,0,0,0,0,0
1521411325786.55,99.9874816894531,0,0,4891.716,0.009182735,0,0,-1,-1,-1,-1,0,0,0,0,0,0,0,0,0
1521411325855.65,99.3783203125,0,0,4891.468,0.009221413,0,0,-1,-1,-1,-1,0,0,0,0,0,0,0,0,0
1521411325936.91,98.5715759277344,0,0,4889.025,0.00922997,0,0,-1,-1,-1,-1,0,0,0,0,0,0,0,0,0
1521411326032.86,97.5726196289063,0,0,4883.754,0.009280832,0,0,-1,-1,-1,-1,0,0,0,0,0,0,0,0,0
1521411326102.56,96.7808471679688,0,0,4878.438,0.009388776,0,0,-1,-1,-1,-1,0,0,0,0,0,0,0,0,0
1521411326185.68,95.9964111328125,0,0,4872.528,0.009548348,0,0,-1,-1,-1,-1,0,0,0,0,0,0,0,0,0
1521411326253.16,95.4125427246094,0,0.002662782,4867.845,0.009656115,0,0,-1,-1,-1,-1,0,0,0,0,0,0,0,0,0
1521411326319.98,95.1167053222656,0,0.3415638,4863.123,0.009742489,0,0,-1,-1,-1,-1,0,0,0,0,0,0,0,0,0
1521411326402.78,95.6817321777344,0,0.5836359,4858.126,0.009923979,0,0,-1,-1,-1,-1,0,0,0,0,0,0,0,0,0
1521411326470.22,96.2814208984375,0,0.6998306,4857.567,0.009998781,0,0,-1,-1,-1,-1,0,0,0,0,0,0,0,0,0
1521411326553.01,97.3504760742188,0,0.8063423,4859.553,0.01011887,0,0,-1,-1,-1,-1,0,0,0,0,0,0,0,0,0
1521411326619.44,98.3160766601563,0,0.8547567,4862.982,0.01023033,0,0,-1,-1,-1,-1,0,0,0,0,0,0,0,0,0
1521411326701.62,100.198870849609,0,0.9806342,4871.98,0.0104525,0,0,-1,-1,-1,-1,0,0,0,0,0,0,0,0,0
1521411326770.89,101.452313232422,0,1,4879.193,0.01060496,0,0,-1,-1,-1,-1,0,0,0,0,0,0,0,0,0
1521411326839.48,102.709716796875,0,1,4887.497,0.01072394,0,0,-1,-1,-1,-1,0,0,0,0,0,0,0,0,0
1521411326906.44,104.37431640625,0,1,4899.749,0.01084989,0,0,-1,-1,-1,-1,0,0,0,0,0,0,0,0,0
1521411326988.32,106.02509765625,0,1,4912.882,0.010942,0,0,-1,-1,-1,-1,0,0,0,0,0,0,0,0,0
1521411327069.45,107.662463378906,0,1,4926.549,0.01100054,0,0,-1,-1,-1,-1,0,0,0,0,0,0,0,0,0
1521411327153.3,109.262438964844,0,0.8547567,4940.527,0.01108451,0,0,-1,-1,-1,-1,0,0,0,0,0,0,0,0,0
1521411327220.47,109.945690917969,0,0.409344,4950.762,0.01115244,0,0,-1,-1,-1,-1,0,0,0,0,0,0,0,0,0
1521411327302.83,109.250817871094,0,0,4962.736,0.01125124,0,0,-1,-1,-1,-1,0,0,0,0,0,0,0,0,0
1521411327369.84,108.591857910156,0,0,4965.613,0.01126565,0,0,-1,-1,-1,-1,0,0,0,0,0,0,0,0,0
1521411327452.72,107.718249511719,0,0,4965.878,0.01124174,0,0,-1,-1,-1,-1,0,0,0,0,0,0,0,0,0
1521411327519.69,107.067700195313,0,0,4964.203,0.01123222,0,0,-1,-1,-1,-1,0,0,0,0,0,0,0,0,0
1521411327587.19,106.225952148438,0,0.1188574,4960.288,0.01117218,0,0,-1,-1,-1,-1,0,0,0,0,0,0,0,0,0
1521411327654,106.0388671875,0,0.4577585,4956.773,0.01114601,0,0,-1,-1,-1,-1,0,0,0,0,0,0,0,0,0
1521411327735.89,106.47314453125,0,0.6223675,4953.78,0.01113556,0,0,-1,-1,-1,-1,0,0,0,0,0,0,0,0,0
1521411327819.28,107.256530761719,0,0.6998306,4953.641,0.01112855,0,0,-1,-1,-1,-1,0,0,0,0,0,0,0,0,0
1521411327886.56,108.249841308594,0,0.7966594,4956.196,0.01110706,0,0,-1,-1,-1,-1,0,0,0,0,0,0,0,0,0
1521411327969.54,109.382641601563,0,0.7869765,4961.159,0.0110121,0,0,-1,-1,-1,-1,0,0,0,0,0,0,0,0,0
1521411328036.54,110.182958984375,0,0.8063423,4966.048,0.01092475,0,0,-1,-1,-1,-1,0,0,0,0,0,0,0,0,0
1521411328112.55,111.431298828125,0,0.9225369,4973.632,0.01076384,0,0,-1,-1,-1,-1,0,0,0,0,0,0,0,0,0
1521411328185.94,112.365051269531,0,0.9225369,4982.172,0.01060832,0,0,-1,-1,-1,-1,0,0,0,0,0,0,0,0,0
1521411328269.35,112.285705566406,0,0.7095134,4988.303,0.01046357,0,0,-1,-1,-1,-1,0,0,0,0,0,0,0,0,0
1521411328352.56,111.803161621094,0,0,4992.326,0.01030991,0,0,-1,-1,-1,-1,0,0,0,0,0,0,0,0,0
1521411328419.81,111.131201171875,0,0,4993.351,0.0101855,0,0,-1,-1,-1,-1,0,0,0,0,0,0,0,0,0
1521411328501.55,110.013842773438,0,0,4991.088,0.009969364,0,0,-1,-1,-1,-1,0,0,0,0,0,0,0,0,0
1521411328573.19,109.349011230469,0,0,4988.123,0.00984398,0,0,-1,-1,-1,-1,0,0,0,0,0,0,0,0,0
1521411328651.26,108.468786621094,0,0,4982.963,0.009664363,0,0,-1,-1,-1,-1,0,0,0,0,0,0,0,0,0
1521411328720.26,107.813244628906,0,0,4978.47,0.009527533,0,0,-1,-1,-1,-1,0,0,0,0,0,0,0,0,0
1521411328803.28,106.729467773438,0,0,4970.224,0.009331032,0,0,-1,-1,-1,-1,0,0,0,0,0,0,0,0,0
1521411328885.07,105.8703125,0,0,4963.203,0.009199274,0,0,-1,-1,-1,-1,0,0,0,0,0,0,0,0,0
1521411328952.16,105.544738769531,0,0.4480756,4957.862,0.009116874,0,0,-1,-1,-1,-1,0,0,0,0,0,0,0,0,0
1521411329036.69,106.026281738281,0,0.6514161,4953.017,0.009040069,0,0,-1,-1,-1,-1,0,0,0,0,0,0,0,0,0
1521411329103.63,106.877099609375,0,0.7288792,4951.854,0.008995072,0,0,-1,-1,-1,-1,0,0,0,0,0,0,0,0,0
1521411329184.98,107.903186035156,0,0.8063423,4953.918,0.009025495,0,0,-1,-1,-1,-1,0,0,0,0,0,0,0,0,0
1521411329257.09,108.796923828125,0,0.8547567,4957.25,0.008919024,0,0,-1,-1,-1,-1,0,0,0,0,0,0,0,0,0
1521411329337.25,110.057482910156,0,0.8450738,4963.689,0.008723492,0,0,-1,-1,-1,-1,0,0,0,0,0,0,0,0,0
1521411329419.18,111.059020996094,0,0.5545873,4971.632,0.00854369,0,0,-1,-1,-1,-1,0,0,0,0,0,0,0,0,0
1521411329486.58,110.757568359375,0,0,4978.565,0.008381257,0,0,-1,-1,-1,-1,0,0,0,0,0,0,0,0,0
1521411329554.01,110.086181640625,0,0,4980.788,0.008281155,0,0,-1,-1,-1,-1,0,0,0,0,0,0,0,0,0
1521411329635.36,109.1962890625,0,0,4980.403,0.008208835,0,0,-1,-1,-1,-1,0,0,0,0,0,0,0,0,0
1521411329719.4,108.375842285156,0,0.1382232,4977.427,0.008199336,0,0,-1,-1,-1,-1,0,0,0,0,0,0,0,0,0
1521411329788.6,108.191918945313,0,0.3512466,4973.676,0.008272439,0,0,-1,-1,-1,-1,0,0,0,0,0,0,0,0,0
1521411329870.49,108.331127929688,0,0.5061729,4971.107,0.008306573,0,0,-1,-1,-1,-1,0,0,0,0,0,0,0,0,0
1521411329951.78,108.793798828125,0,0.5642702,4970.31,0.008341852,0,0,-1,-1,-1,-1,0,0,0,0,0,0,0,0,0
1521411330019.82,109.192199707031,0,0.5642702,4970.942,0.008389263,0,0,-1,-1,-1,-1,0,0,0,0,0,0,0,0,0
1521411330102.39,109.682885742188,0,0.2641007,4973.544,0.008490189,0,0,-1,-1,-1,-1,0,0,0,0,0,0,0,0,0
1521411330187.98,108.970227050781,0,0,4974.824,0.008564308,0,0,-1,-1,-1,-1,0,0,0,0,0,0,0,0,0
1521411330254.8,108.313977050781,0,0,4973.749,0.008630393,0,0,-1,-1,-1,-1,0,0,0,0,0,0,0,0,0
1521411330335.76,107.444079589844,0,0,4970.368,0.00874806,0,0,-1,-1,-1,-1,0,0,0,0,0,0,0,0,0
1521411330402.59,106.581262207031,0,0,4965.487,0.00891138,0,0,-1,-1,-1,-1,0,0,0,0,0,0,0,0,0
1521411330469.4,105.938330078125,0,0,4961.173,0.00900279,0,0,-1,-1,-1,-1,0,0,0,0,0,0,0,0,0
1521411330542.79,105.087243652344,0,0,4954.845,0.009081325,0,0,-1,-1,-1,-1,0,0,0,0,0,0,0,0,0
1521411330619.27,104.49951171875,0,0.1963205,4949.81,0.009141958,0,0,-1,-1,-1,-1,0,0,0,0,0,0,0,0,0
1521411330703.63,104.891320800781,0,0.6320504,4943.126,0.009285809,0,0,-1,-1,-1,-1,0,0,0,0,0,0,0,0,0
1521411330770.97,105.47470703125,0,0.6514161,4941.828,0.00938451,0,0,-1,-1,-1,-1,0,0,0,0,0,0,0,0,0
1521411330852.46,106.094274902344,0,0.3609295,4942.727,0.009502389,0,0,-1,-1,-1,-1,0,0,0,0,0,0,0,0,0
1521411330919.6,105.83125,0,0,4943.904,0.009565056,0,0,-1,-1,-1,-1,0,0,0,0,0,0,0,0,0
1521411330989.03,104.982373046875,0,0,4943.191,0.009624727,0,0,-1,-1,-1,-1,0,0,0,0,0,0,0,0,0
1521411331070.95,104.138854980469,0,0,4940.122,0.00970925,0,0,-1,-1,-1,-1,0,0,0,0,0,0,0,0,0
1521411331173.36,103.093359375,0,0,4934.207,0.00975777,0,0,-1,-1,-1,-1,0,0,0,0,0,0,0,0,0
1521411331253.76,102.264538574219,0,0,4928.445,0.009773542,0,0,-1,-1,-1,-1,0,0,0,0,0,0,0,0,0
1521411331336.24,101.442401123047,0,0,4922.128,0.009795572,0,0,-1,-1,-1,-1,0,0,0,0,0,0,0,0,0
1521411331405.77,100.626910400391,0,0,4915.468,0.009822608,0,0,-1,-1,-1,-1,0,0,0,0,0,0,0,0,0
1521411331486.86,99.82548828125,0,0,4908.603,0.009262364,0,0,-1,-1,-1,-1,0,0,0,0,0,0,0,0,0
1521411331569.7,99.14169921875,0,0.235052,4901.743,0.001087398,0,0,-1,-1,-1,-1,0,0,0,0,0,0,0,0,0
1521411331654.5,99.4992492675781,0,0.5933188,4895.951,-0.007619161,0,0,-1,-1,-1,-1,0,0,0,0,0,0,0,0,0
1521411331736.85,99.2834228515625,0,0.7288792,4892.197,0.0007038782,0,0,-1,-1,-1,-1,0,0,0,0,0,0,0,0,0
1521411331806.67,100.770343017578,0,0.7579279,4892.81,0.01198927,0,0,-1,-1,-1,-1,0,0,0,0,0,0,0,0,0
1521411331873.62,101.939727783203,0,0.8160252,4896.048,0.01317641,0,0,-1,-1,-1,-1,0,0,0,0,0,0,0,0,0
1521411331955.76,103.13515625,0,0.8934883,4902.336,0.01252543,0,0,-1,-1,-1,-1,0,0,0,0,0,0,0,0,0
1521411332023.24,104.628759765625,0,0.9806342,4910.503,0.01178915,0,0,-1,-1,-1,-1,0,0,0,0,0,0,0,0,0
1521411332105.75,106.2384765625,0,0.9612685,4920.667,0.01137045,0,0,-1,-1,-1,-1,0,0,0,0,0,0,0,0,0
1521411332200.08,107.417419433594,0,0.322198,4932.036,0.01116874,0,0,-1,-1,-1,-1,0,0,0,0,0,0,0,0,0
1521411332270.23,106.939562988281,0,0,4941.016,0.01104535,0,0,-1,-1,-1,-1,0,0,0,0,0,0,0,0,0
1521411332355.39,106.076000976563,0,0,4944.679,0.01097042,0,0,-1,-1,-1,-1,0,0,0,0,0,0,0,0,0
1521411332435.96,105.218676757813,0,0,4944.439,0.01094009,0,0,-1,-1,-1,-1,0,0,0,0,0,0,0,0,0
1521411332503.21,104.368212890625,0,0,4941.658,0.01093542,0,0,-1,-1,-1,-1,0,0,0,0,0,0,0,0,0
1521411332570.84,103.734838867188,0,0,4938.455,0.01093966,0,0,-1,-1,-1,-1,0,0,0,0,0,0,0,0,0
1521411332638.58,103.170715332031,0,0.3706124,4934.592,0.0109467,0,0,-1,-1,-1,-1,0,0,0,0,0,0,0,0,0
1521411332719.82,103.503723144531,0,0.5642702,4930.246,0.01098123,0,0,-1,-1,-1,-1,0,0,0,0,0,0,0,0,0
1521411332786.91,104.151281738281,0,0.6417332,4928.915,0.01102077,0,0,-1,-1,-1,-1,0,0,0,0,0,0,0,0,0
1521411332855.67,104.791296386719,0,0.7288792,4929.698,0.01104265,0,0,-1,-1,-1,-1,0,0,0,0,0,0,0,0,0
1521411332938.5,105.780102539063,0,0.7288792,4932.974,0.01106232,0,0,-1,-1,-1,-1,0,0,0,0,0,0,0,0,0
1521411333020.48,106.692358398438,0,0.6320504,4938.121,0.01106857,0,0,-1,-1,-1,-1,0,0,0,0,0,0,0,0,0
1521411333089.02,107.141186523438,0,0.4577585,4943.812,0.01105716,0,0,-1,-1,-1,-1,0,0,0,0,0,0,0,0,0
1521411333170.21,107.492639160156,0,0.5158557,4948.603,0.01104001,0,0,-1,-1,-1,-1,0,0,0,0,0,0,0,0,0
1521411333242.27,107.911450195313,0,0.5158557,4952.963,0.01103224,0,0,-1,-1,-1,-1,0,0,0,0,0,0,0,0,0
1521411333314,108.260339355469,0,0.5836359,4956.104,0.01103044,0,0,-1,-1,-1,-1,0,0,0,0,0,0,0,0,0
1521411333387.78,108.990173339844,0,0.748245,4960.525,0.01103582,0,0,-1,-1,-1,-1,0,0,0,0,0,0,0,0,0
1521411333471.67,110.108068847656,0,0.835391,4966.184,0.01105083,0,0,-1,-1,-1,-1,0,0,0,0,0,0,0,0,0
1521411333552.9,111.24560546875,0,0.748245,4973.488,0.0110626,0,0,-1,-1,-1,-1,0,0,0,0,0,0,0,0,0
1521411333619.57,111.971691894531,0,0.7579279,4979.475,0.01106231,0,0,-1,-1,-1,-1,0,0,0,0,0,0,0,0,0
1521411333687.14,112.270251464844,0,0.7676108,4986.515,0.01105931,0,0,-1,-1,-1,-1,0,0,0,0,0,0,0,0,0
1521411333754.09,112.178247070313,0,0.5449044,4990.17,0.01105617,0,0,-1,-1,-1,-1,0,0,0,0,0,0,0,0,0
1521411333836.85,111.801196289063,0,0,4993.513,0.01103109,0,0,-1,-1,-1,-1,0,0,0,0,0,0,0,0,0
1521411333903.71,110.902807617188,0,0,4994.011,0.01098418,0,0,-1,-1,-1,-1,0,0,0,0,0,0,0,0,0
1521411333971.9,110.230041503906,0,0,4992.398,0.01095917,0,0,-1,-1,-1,-1,0,0,0,0,0,0,0,0,0
1521411334039.84,109.561096191406,0,0,4989.598,0.01095199,0,0,-1,-1,-1,-1,0,0,0,0,0,0,0,0,0
1521411334120.43,108.67392578125,0,0,4984.574,0.01097334,0,0,-1,-1,-1,-1,0,0,0,0,0,0,0,0,0
1521411334203.24,107.65048828125,0,0.05107721,4976.999,0.01101629,0,0,-1,-1,-1,-1,0,0,0,0,0,0,0,0,0
1521411334275.71,107.028894042969,0,0,4972.197,0.01103897,0,0,-1,-1,-1,-1,0,0,0,0,0,0,0,0,0
1521411334348.2,106.162609863281,0,0,4965.408,0.01106505,0,0,-1,-1,-1,-1,0,0,0,0,0,0,0,0,0
1521411334421.99,105.303649902344,0,0,4958.303,0.01109312,0,0,-1,-1,-1,-1,0,0,0,0,0,0,0,0,0
1521411334503.99,104.451892089844,0,0,4951.013,0.01112465,0,0,-1,-1,-1,-1,0,0,0,0,0,0,0,0,0
1521411334574.16,103.817736816406,0,0,4945.477,0.01115022,0,0,-1,-1,-1,-1,0,0,0,0,0,0,0,0,0
1521411334655.61,102.978540039063,0,0,4938.05,0.01118441,0,0,-1,-1,-1,-1,0,0,0,0,0,0,0,0,0
1521411334755.3,101.939654541016,0,0,4928.752,0.01122477,0,0,-1,-1,-1,-1,0,0,0,0,0,0,0,0,0
1521411334826.41,101.116571044922,0,0,4921.331,0.01125388,0,0,-1,-1,-1,-1,0,0,0,0,0,0,0,0,0
1521411334904.13,100.300457763672,0,0,4913.944,0.011275,0,0,-1,-1,-1,-1,0,0,0,0,0,0,0,0,0
1521411334970.79,99.6925964355469,0,0,4908.431,0.011285,0,0,-1,-1,-1,-1,0,0,0,0,0,0,0,0,0
1521411335053.93,98.8877075195313,0,0,4901.122,0.01129725,0,0,-1,-1,-1,-1,0,0,0,0,0,0,0,0,0
1521411335137.75,98.0893432617188,0,0,4893.863,0.01131286,0,0,-1,-1,-1,-1,0,0,0,0,0,0,0,0,0
1521411335206.75,97.2974670410156,0,0,4886.657,0.01132814,0,0,-1,-1,-1,-1,0,0,0,0,0,0,0,0,0
1521411335285.88,96.5119812011719,0,0,4879.506,0.01134098,0,0,-1,-1,-1,-1,0,0,0,0,0,0,0,0,0
1521411335362.02,95.7328369140625,0,0,4872.41,0.0113512,0,0,-1,-1,-1,-1,0,0,0,0,0,0,0,0,0
1521411335429.97,95.1526062011719,0,0,4867.125,0.01135738,0,0,-1,-1,-1,-1,0,0,0,0,0,0,0,0,0
1521411335505.22,94.3844299316406,0,0,4860.126,0.01136408,0,0,-1,-1,-1,-1,0,0,0,0,0,0,0,0,0
1521411335573.1,93.8123657226563,0,0,4854.914,0.01136821,0,0,-1,-1,-1,-1,0,0,0,0,0,0,0,0,0
1521411335674.51,92.8665954589844,0,0,4846.297,0.01137407,0,0,-1,-1,-1,-1,0,0,0,0,0,0,0,0,0
1521411335774.65,91.9303588867188,0,0,4837.766,0.01137883,0,0,-1,-1,-1,-1,0,0,0,0,0,0,0,0,0
1521411335842.9,91.1881408691406,0,0,4831.002,0.01138237,0,0,-1,-1,-1,-1,0,0,0,0,0,0,0,0,0
1521411335934.87,90.4518981933594,0,0,4824.294,0.01138565,0,0,-1,-1,-1,-1,0,0,0,0,0,0,0,0,0
1521411336001.96,90.195068359375,0,0.3996611,4817.864,0.01139766,0,0,-1,-1,-1,-1,0,0,0,0,0,0,0,0,0
1521411336075.22,90.5510192871094,0,0.5255386,4814.701,0.01142337,0,0,-1,-1,-1,-1,0,0,0,0,0,0,0,0,0
1521411336155.37,91.1739013671875,0,0.5836359,4813.313,0.01145518,0,0,-1,-1,-1,-1,0,0,0,0,0,0,0,0,0
1521411336241.63,92.2085327148438,0,0.6514161,4815.217,0.01147983,0,0,-1,-1,-1,-1,0,0,0,0,0,0,0,0,0
1521411336325.5,93.0746520996094,0,0.6320504,4819.097,0.01148834,0,0,-1,-1,-1,-1,0,0,0,0,0,0,0,0,0
1521411336411.68,93.9493957519531,0,0.6901477,4824.242,0.01148899,0,0,-1,-1,-1,-1,0,0,0,0,0,0,0,0,0
1521411336490.18,95.0622131347656,0,0.8257081,4830.536,0.0114925,0,0,-1,-1,-1,-1,0,0,0,0,0,0,0,0,0
1521411336573.56,96.4859069824219,0,0.9419027,4838.491,0.011503,0,0,-1,-1,-1,-1,0,0,0,0,0,0,0,0,0
1521411336674.05,98.3052856445313,0,0.7772936,4851.044,0.01151293,0,0,-1,-1,-1,-1,0,0,0,0,0,0,0,0,0
1521411336757.13,99.161376953125,0,0.5642702,4861.456,0.01149732,0,0,-1,-1,-1,-1,0,0,0,0,0,0,0,0,0
1521411336831.89,99.8196228027344,0,0.6126846,4870.474,0.01147377,0,0,-1,-1,-1,-1,0,0,0,0,0,0,0,0,0
1521411336907,100.537017822266,0,0.6030017,4878.519,0.01146053,0,0,-1,-1,-1,-1,0,0,0,0,0,0,0,0,0
1521411336981.94,101.144201660156,0,0.5061729,4885.948,0.01145249,0,0,-1,-1,-1,-1,0,0,0,0,0,0,0,0,0
1521411337056.72,101.027587890625,0,0,4890.667,0.01143583,0,0,-1,-1,-1,-1,0,0,0,0,0,0,0,0,0
1521411337130.5,100.207342529297,0,0,4893.54,0.01139505,0,0,-1,-1,-1,-1,0,0,0,0,0,0,0,0,0
1521411337216.48,99.3985717773438,0,0,4892.927,0.01136817,0,0,-1,-1,-1,-1,0,0,0,0,0,0,0,0,0
1521411337303.74,98.3967041015625,0,0,4889.077,0.01135712,0,0,-1,-1,-1,-1,0,0,0,0,0,0,0,0,0
1521411337377.99,97.8004028320313,0,0,4885.707,0.01135728,0,0,-1,-1,-1,-1,0,0,0,0,0,0,0,0,0
1521411337458.58,97.0108703613281,0,0,4880.422,0.01136533,0,0,-1,-1,-1,-1,0,0,0,0,0,0,0,0,0
1521411337539.17,96.2266662597656,0,0,4874.537,0.01138767,0,0,-1,-1,-1,-1,0,0,0,0,0,0,0,0,0
1521411337624.89,94.1834289550781,0,0,4866.667,0.01141259,0,0,-1,-1,-1,-1,0,0,0,0,0,0,0,0,0
1521411337723.63,88.7074340820313,0,0,4846.001,0.01540665,0,0,-1,-1,-1,-1,0,0,0,0,0,0,0,0,0
1521411337790.84,86.1170166015625,0,0,4533.503,0.01617789,0,0,-1,-1,-1,-1,0,0,0,0,0,0,0,0,0
1521411337868.88,82.2755798339844,0,0,4631.38,0.01139978,0,0,-1,-1,-1,-1,0,0,0,0,0,0,0,0,0
1521411337957.39,79.1323303222656,0,0,4653.305,0.008828329,0,0,-1,-1,-1,-1,0,0,0,0,0,0,0,0,0
1521411338029.37,75.5144470214844,0,0,4626.028,0.008925318,0,0,-1,-1,-1,-1,0,0,0,0,0,0,0,0,0
1521411338097.13,72.7507446289062,0,0,4581.502,0.009231585,0,0,-1,-1,-1,-1,0,0,0,0,0,0,0,0,0
1521411338178.73,69.0975891113281,0,0,4500.127,0.009558151,0,0,-1,-1,-1,-1,0,0,0,0,0,0,0,0,0
1521411338249.65,65.4993835449219,0,0,4405.021,0.009771021,0,0,-1,-1,-1,-1,0,0,0,0,0,0,0,0,0
1521411338330.12,61.9487915039063,0,0,4034.567,0.009919411,0,0,-1,-1,-1,-1,0,0,0,0,0,0,0,0,0
1521411338400.36,59.3163146972656,0,0,4161.353,0.01001481,0,0,-1,-1,-1,-1,0,0,0,0,0,0,0,0,0
1521411338481.05,55.8442687988281,0,0,4192.675,0.01013038,0,0,-1,-1,-1,-1,0,0,0,0,0,0,0,0,0
1521411338548.32,53.6298278808594,0,0,4123.127,0.01026418,0,0,-1,-1,-1,-1,0,0,0,0,0,0,0,0,0
1521411338629.03,53.0630065917969,0,0,4054.67,0.01042352,0,0,-1,-1,-1,-1,0,0,0,0,0,0,0,0,0
1521411338696.75,53.6059875488281,0,0,4006.798,0.01051872,0,0,-1,-1,-1,-1,0,0,0,0,0,0,0,0,0
1521411338778.35,53.1737976074219,0,0,3955.341,0.01060317,0,0,-1,-1,-1,-1,0,0,0,0,0,0,0,0,0
1521411338860.93,52.7516357421875,0,0,3909.76,0.01066972,0,0,-1,-1,-1,-1,0,0,0,0,0,0,0,0,0
1521411338936.63,52.3337768554688,0,0.1672718,3868.271,0.01073304,0,0,-1,-1,-1,-1,0,0,0,0,0,0,0,0,0
1521411339015.53,52.6789978027344,0,0.4771242,3838.443,0.01082017,0,0,-1,-1,-1,-1,0,0,0,0,0,0,0,0,0
1521411339095.86,53.5068359375,0,0.5158557,3837.487,0.01092421,0,0,-1,-1,-1,-1,0,0,0,0,0,0,0,0,0
1521411339163.29,54.3335571289063,0,0.5061729,3860.744,0.01101755,0,0,-1,-1,-1,-1,0,0,0,0,0,0,0,0,0
1521411339245.27,55.149755859375,0,0.5061729,3899.283,0.0111023,0,0,-1,-1,-1,-1,0,0,0,0,0,0,0,0,0
1521411339330.73,55.9649658203125,0,0.5255386,3947.554,0.01119364,0,0,-1,-1,-1,-1,0,0,0,0,0,0,0,0,0
1521411339413.2,56.8396423339844,0,0.5545873,4003.33,0.01129819,0,0,-1,-1,-1,-1,0,0,0,0,0,0,0,0,0
1521411339482.34,57.7327514648438,0,0.5642702,4065.794,0.01141045,0,0,-1,-1,-1,-1,0,0,0,0,0,0,0,0,0
1521411339578.59,58.641943359375,0,0.5545873,4132.852,0.01150546,0,0,-1,-1,-1,-1,0,0,0,0,0,0,0,0,0
1521411339656.55,59.5661071777344,0,0.5836359,4202.554,0.01156562,0,0,-1,-1,-1,-1,0,0,0,0,0,0,0,0,0
1521411339739.35,60.5581359863281,0,0.6223675,4275.155,0.01163196,0,0,-1,-1,-1,-1,0,0,0,0,0,0,0,0,0
1521411339822.21,61.8631530761719,0,0.6417332,4371.938,0.01174016,0,0,-1,-1,-1,-1,0,0,0,0,0,0,0,0,0
1521411339906.43,63.0386962890625,0,0.6804648,4453.872,0.01189325,0,0,-1,-1,-1,-1,0,0,0,0,0,0,0,0,0
1521411339990.33,64.3684143066406,0,0.7772936,4541.02,0.0120648,0,0,-1,-1,-1,-1,0,0,0,0,0,0,0,0,0
1521411340074.08,65.9267272949219,0,0.8741225,4637.313,0.01224806,0,0,-1,-1,-1,-1,0,0,0,0,0,0,0,0,0
1521411340156.64,67.6138122558594,0,0.9031711,4745.54,0.01239771,0,0,-1,-1,-1,-1,0,0,0,0,0,0,0,0,0
1521411340238.63,69.3087036132813,0,0.8934883,4721.536,0.01245657,0,0,-1,-1,-1,-1,0,0,0,0,0,0,0,0,0
1521411340306.91,70.9048217773438,0,0.835391,4576.321,0.01249965,0,0,-1,-1,-1,-1,0,0,0,0,0,0,0,0,0
1521411340387.57,72.1843017578125,0,0.6707819,4499.372,0.01251923,0,0,-1,-1,-1,-1,0,0,0,0,0,0,0,0,0
1521411340457.05,72.9682922363281,0,0.6514161,4469.195,0.01253046,0,0,-1,-1,-1,-1,0,0,0,0,0,0,0,0,0
1521411340540.42,73.9985412597656,0,0.6223675,4452.683,0.01255769,0,0,-1,-1,-1,-1,0,0,0,0,0,0,0,0,0
1521411340624.27,75.08603515625,0,0.5352215,4456.144,0.01261085,0,0,-1,-1,-1,-1,0,0,0,0,0,0,0,0,0
1521411340707.07,75.2431335449219,0,0.1091745,4467.31,0.01263854,0,0,-1,-1,-1,-1,0,0,0,0,0,0,0,0,0
1521411340806.6,74.5516662597656,0,0,4471.419,0.01263502,0,0,-1,-1,-1,-1,0,0,0,0,0,0,0,0,0
1521411340887.57,73.9495361328125,0,0,4465.344,0.01265375,0,0,-1,-1,-1,-1,0,0,0,0,0,0,0,0,0
1521411340955.18,73.5021667480469,0,0,4457.215,0.01266386,0,0,-1,-1,-1,-1,0,0,0,0,0,0,0,0,0
1521411341040.44,72.9096252441406,0,0,4443.19,0.01268711,0,0,-1,-1,-1,-1,0,0,0,0,0,0,0,0,0
1521411341138.98,72.1750854492188,0,0,4422.349,0.01274366,0,0,-1,-1,-1,-1,0,0,0,0,0,0,0,0,0
1521411341209.01,71.5934814453125,0,0,4404.069,0.01279783,0,0,-1,-1,-1,-1,0,0,0,0,0,0,0,0,0
1521411341301.04,67.7356689453125,0,0,4368.793,0.01273138,0,0,-1,-1,-1,-1,0,0,0,0,0,0,0,0,0
1521411341371.5,64.0372619628906,0,0,3767.94,0.01267967,0,0,-1,-1,-1,-1,0,0,0,0,0,0,0,0,0
1521411341468.64,62.2634216308594,0,0,4133.739,0.01277703,0,0,-1,-1,-1,-1,0,0,0,0,0,0,0,0,0
1521411341549.78,61.8104675292969,0,0,4296.285,0.01288964,0,0,-1,-1,-1,-1,0,0,0,0,0,0,0,0,0
1521411341631.17,61.3363159179688,0,0,4389.167,0.01296698,0,0,-1,-1,-1,-1,0,0,0,0,0,0,0,0,0
1521411341711.44,60.8532165527344,0,0,4436.377,0.01302755,0,0,-1,-1,-1,-1,0,0,0,0,0,0,0,0,0
1521411341782.02,60.4085083007813,0,0.03171144,4453.66,0.01308238,0,0,-1,-1,-1,-1,0,0,0,0,0,0,0,0,0
1521411341861.75,60.3203857421875,0,0.2447349,4454.829,0.01312497,0,0,-1,-1,-1,-1,0,0,0,0,0,0,0,0,0
1521411341928.72,60.7767639160156,0,0.3996611,4455.848,0.01317879,0,0,-1,-1,-1,-1,0,0,0,0,0,0,0,0,0
1521411341995.87,61.0557495117188,0,0.409344,4465.43,0.013248,0,0,-1,-1,-1,-1,0,0,0,0,0,0,0,0,0
1521411342081.3,61.6882568359375,0,0.5061729,4487.168,0.01334965,0,0,-1,-1,-1,-1,0,0,0,0,0,0,0,0,0
1521411342148.68,62.566015625,0,0.5933188,4521.259,0.01342751,0,0,-1,-1,-1,-1,0,0,0,0,0,0,0,0,0
1521411342230.48,63.5738647460938,0,0.5933188,4569.754,0.0135104,0,0,-1,-1,-1,-1,0,0,0,0,0,0,0,0,0
1521411342297.68,64.2196960449219,0,0.3415638,4612.994,0.01357575,0,0,-1,-1,-1,-1,0,0,0,0,0,0,0,0,0
1521411342378.71,64.1637084960937,0,0.1091745,4664.298,0.01359511,0,0,-1,-1,-1,-1,0,0,0,0,0,0,0,0,0
1521411342453.99,63.9545654296875,0,0.1866376,4693.141,0.01360065,0,0,-1,-1,-1,-1,0,0,0,0,0,0,0,0,0
1521411342520.72,63.9310302734375,0,0.1382232,4705.483,0.01362228,0,0,-1,-1,-1,-1,0,0,0,0,0,0,0,0,0
1521411342604.66,63.3663818359375,0,0,4711.255,0.01364048,0,0,-1,-1,-1,-1,0,0,0,0,0,0,0,0,0
1521411342673.11,62.9834533691406,0,0,4703.047,0.01361485,0,0,-1,-1,-1,-1,0,0,0,0,0,0,0,0,0
1521411342773.01,62.3499267578125,0,0,4676.656,0.01358416,0,0,-1,-1,-1,-1,0,0,0,0,0,0,0,0,0
1521411342874.41,61.7199096679688,0,0,4640.301,0.0136156,0,0,-1,-1,-1,-1,0,0,0,0,0,0,0,0,0
1521411342985.96,60.9713989257813,0,0,4589.296,0.01382412,0,0,-1,-1,-1,-1,0,0,0,0,0,0,0,0,0
1521411343057.57,60.6010375976563,0,0,4562.076,0.01392835,0,0,-1,-1,-1,-1,0,0,0,0,0,0,0,0,0
1521411343136.16,60.1078552246094,0,0,4524.754,0.01390368,0,0,-1,-1,-1,-1,0,0,0,0,0,0,0,0,0
1521411343204.72,58.0818969726563,0,0,4480.365,0.01368181,0,0,-1,-1,-1,-1,0,0,0,0,0,0,0,0,0
1521411343276.46,55.4733032226563,0,0,4402.324,0.01349593,0,0,-1,-1,-1,-1,0,0,0,0,0,0,0,0,0
1521411343357.71,52.0186279296875,0,0,4244.807,0.01332975,0,0,-1,-1,-1,-1,0,0,0,0,0,0,0,0,0
1521411343435.61,48.6104187011719,0,0,4046.464,0.01325189,0,0,-1,-1,-1,-1,0,0,0,0,0,0,0,0,0
1521411343515.33,45.2462066650391,0,0,3822.66,0.01320965,0,0,-1,-1,-1,-1,0,0,0,0,0,0,0,0,0
1521411343595.98,41.9448944091797,0,0,3093.881,0.01317264,0,0,-1,-1,-1,-1,0,0,0,0,0,0,0,0,0
1521411343662.76,38.7425872802734,0,0,3545.268,0.01302593,0,0,-1,-1,-1,-1,0,0,0,0,0,0,0,0,0
1521411343742.94,35.4957977294922,0,0,3682.835,0.01276948,0,0,-1,-1,-1,-1,0,0,0,0,0,0,0,0,0
1521411343824.22,32.2739868164063,0,0,3614.132,0.01260536,0,0,-1,-1,-1,-1,0,0,0,0,0,0,0,0,0
1521411343892.54,29.8748352050781,0,0,3471.586,0.01254391,0,0,-1,-1,-1,-1,0,0,0,0,0,0,0,0,0
1521411343974.54,26.7769714355469,0,0,3201.645,0.01262211,0,0,-1,-1,-1,-1,0,0,0,0,0,0,0,0,0
1521411344044.61,23.6122024536133,0,0,2870.886,0.0126901,0,0,-1,-1,-1,-1,0,0,0,0,0,0,0,0,0
1521411344125.37,20.5718719482422,0,0,1601.475,0.01313228,0,0,-1,-1,-1,-1,0,0,0,0,0,0,0,0,0
1521411344202.25,17.5739990234375,0,0,2535.68,0.01384201,0,0,-1,-1,-1,-1,0,0,0,0,0,0,0,0,0
1521411344276.14,15.3408676147461,0,0,2863.404,0.01432828,0,0,-1,-1,-1,-1,0,0,0,0,0,0,0,0,0
1521411344349.53,12.3845878601074,0,0,2963.544,0.01484535,0,0,-1,-1,-1,-1,0,0,0,0,0,0,0,0,0
1521411344419.2,10.1888313293457,0,0,2862.115,0.01514022,0,0,-1,-1,-1,-1,0,0,0,0,0,0,0,0,0
1521411344491.53,7.29004440307617,0,0,2569.004,0.01543028,0,0,-1,-1,-1,-1,0,0,0,0,0,0,0,0,0
1521411344568.59,6.22917861938477,0,0,2207.353,0.01571088,0,0,-1,-1,-1,-1,0,0,0,0,0,0,0,0,0
1521411344642.33,5.64076156616211,0,0,1903.707,0.01597227,0,0,-1,-1,-1,-1,0,0,0,0,0,0,0,0,0
1521411344723.03,5.58459663391113,0,0,1679.47,0.01622512,0,0,-1,-1,-1,-1,0,0,0,0,0,0,0,0,0
1521411344808.1,5.55555572509766,0,0,1529.68,0.016453,0,0,-1,-1,-1,-1,0,0,0,0,0,0,0,0,0
1521411344889.58,5.54958763122559,0,0,1429.686,0.01653895,0,0,-1,-1,-1,-1,0,0,0,0,0,0,0,0,0
1521411344975.13,6.24907684326172,0,0.5158557,1373.86,0.01646701,0,0,-1,-1,-1,-1,0,0,0,0,0,0,0,0,0
1521411345056.31,7.96969985961914,0,0.8160252,1430.378,0.01636623,0,0,-1,-1,-1,-1,0,0,0,0,0,0,0,0,0
1521411345124.73,10.0718765258789,0,0.8838054,1615.19,0.01624044,0,0,-1,-1,-1,-1,0,0,0,0,0,0,0,0,0
1521411345211.99,12.1437309265137,0,0.8644396,1898.607,0.01615285,0,0,-1,-1,-1,-1,0,0,0,0,0,0,0,0,0
1521411345289.7,14.0998886108398,0,0.835391,2239.635,0.01613247,0,0,-1,-1,-1,-1,0,0,0,0,0,0,0,0,0
1521411345358.23,15.5422164916992,0,0.835391,2516.789,0.01613644,0,0,-1,-1,-1,-1,0,0,0,0,0,0,0,0,0
1521411345427.53,17.4371520996094,0,0.8160252,2904.081,0.01614278,0,0,-1,-1,-1,-1,0,0,0,0,0,0,0,0,0
1521411345512.54,19.1396408081055,0,0.7966594,3297.544,0.01616256,0,0,-1,-1,-1,-1,0,0,0,0,0,0,0,0,0
1521411345592.68,20.8068161010742,0,0.7966594,3685.144,-0.01732964,0,0,-1,-1,-1,-1,0,0,0,0,0,0,0,0,0
