1521409850355.52,3.56820470187813E-05,0,0,0.00931818,0.0007340724,0,0,-1,-1,-1,-1,0,0,0,0,0,0,0,0,0
1521409850422.65,3.95039649447426E-05,0,0,0.009125629,0.0007340882,0,0,-1,-1,-1,-1,0,0,0,0,0,0,0,0,0
1521409850505.56,3.98290634620935E-05,0,0,0.009721628,0.000734145,0,0,-1,-1,-1,-1,0,0,0,0,0,0,0,0,0
1521409850589.46,3.04076122120023E-05,0,0,0.009843152,0.0007342037,0,0,-1,-1,-1,-1,0,0,0,0,0,0,0,0,0
1521409850658.29,3.71890113456175E-05,0,0,0.00962695,0.0007341077,0,0,-1,-1,-1,-1,0,0,0,0,0,0,0,0,0
1521409850740.56,2.96193902613595E-05,0,0,0.01067245,0.0007341385,0,0,-1,-1,-1,-1,0,0,0,0,0,0,0,0,0
1521409850821.71,3.43144871294498E-05,0,0,0.009835901,0.0007341953,0,0,-1,-1,-1,-1,0,0,0,0,0,0,0,0,0
1521409850888.79,3.1196721829474E-05,0,0,0.009659247,0.0007341562,0,0,-1,-1,-1,-1,0,0,0,0,0,0,0,0,0
1521409850958.58,3.38280049618334E-05,0,0,0.009912348,0.0007340845,0,0,-1,-1,-1,-1,0,0,0,0,0,0,0,0,0
1521409851048.15,2.96611455269158E-05,0,0,0.009604705,0.0007341227,0,0,-1,-1,-1,-1,0,0,0,0,0,0,0,0,0
1521409851121.28,3.89160442864522E-05,0,0,0.01001005,0.0007341646,0,0,-1,-1,-1,-1,0,0,0,0,0,0,0,0,0
1521409851188.2,3.05522931739688E-05,0,0,0.009537226,0.0007341999,0,0,-1,-1,-1,-1,0,0,0,0,0,0,0,0,0
1521409851254.91,3.20364080835134E-05,0,0,0.009202201,0.0007342084,0,0,-1,-1,-1,-1,0,0,0,0,0,0,0,0,0
1521409851324.63,3.50870919646695E-05,0,0,0.009300143,0.0007342223,0,0,-1,-1,-1,-1,0,0,0,0,0,0,0,0,0
1521409851408.45,6.23436877503991E-05,0,0,0.009290604,0.0007340798,0,0,-1,-1,-1,-1,0,0,0,0,0,0,0,0,0
1521409851493.69,3.3378170337528E-05,0,0,0.009991339,0.0007341264,0,0,-1,-1,-1,-1,0,0,0,0,0,0,0,0,0
1521409851571.97,3.28239897498861E-05,0,0,0.009661911,0.000734131,0,0,-1,-1,-1,-1,0,0,0,0,0,0,0,0,0
1521409851654.2,3.50707938196138E-05,0,0,0.009326289,0.0007341022,0,0,-1,-1,-1,-1,0,0,0,0,0,0,0,0,0
1521409851723.22,3.4875629353337E-05,0,0,0.00915716,0.0007340891,0,0,-1,-1,-1,-1,0,0,0,0,0,0,0,0,0
1521409851804.21,3.46656743204221E-05,0,0,0.009014077,0.0007340873,0,0,-1,-1,-1,-1,0,0,0,0,0,0,0,0,0
1521409851871.2,3.15152865368873E-05,0,0,0.008799131,0.0007342493,0,0,-1,-1,-1,-1,0,0,0,0,0,0,0,0,0
1521409851938.16,3.23649757774547E-05,0,0,0.008714411,0.0007342493,0,0,-1,-1,-1,-1,0,0,0,0,0,0,0,0,0
1521409852005.05,3.16298130201176E-05,0,0,0.008839631,0.0007341897,0,0,-1,-1,-1,-1,0,0,0,0,0,0,0,0,0
1521409852092.96,3.19529790431261E-05,0,0,0.008769113,0.0007341944,0,0,-1,-1,-1,-1,0,0,0,0,0,0,0,0,0
1521409852176.11,3.19357874104753E-05,0,0,0.008862755,0.0007341822,0,0,-1,-1,-1,-1,0,0,0,0,0,0,0,0,0
1521409852259.18,3.66443389793858E-05,0,0,0.008673793,0.0007341543,0,0,-1,-1,-1,-1,0,0,0,0,0,0,0,0,0
1521409852338.02,2.99768638797104E-05,0,0,0.009752501,0.0007341683,0,0,-1,-1,-1,-1,0,0,0,0,0,0,0,0,0
1521409852404.99,2.99039063975215E-05,0,0,0.009313854,0.0007342158,0,0,-1,-1,-1,-1,0,0,0,0,0,0,0,0,0
1521409852491.4,3.15775600029156E-05,0,0,0.009734942,0.0007341087,0,0,-1,-1,-1,-1,0,0,0,0,0,0,0,0,0
1521409852574.16,5.16133790370077E-05,0,0,0.009321491,0.0007341953,0,0,-1,-1,-1,-1,0,0,0,0,0,0,0,0,0
1521409852656.32,3.26741457683966E-05,0,0,0.01013236,0.000734199,0,0,-1,-1,-1,-1,0,0,0,0,0,0,0,0,0
1521409852723.46,3.09700844809413E-05,0,0,0.00994908,0.0007342046,0,0,-1,-1,-1,-1,0,0,0,0,0,0,0,0,0
1521409852821,3.06413101498038E-05,0,0,0.009367487,0.0007341664,0,0,-1,-1,-1,-1,0,0,0,0,0,0,0,0,0
1521409852888.45,0.249047875404358,0,0.409344,0.3382004,0.0007341375,0,0,-1,-1,-1,-1,0,0,0,0,0,0,0,0,0
1521409852958.5,1.83787155151367,0,1,49.79447,0.0007322025,0,0,-1,-1,-1,-1,0,0,0,0,0,0,0,0,0
1521409853040.88,4.30126762390137,0,1,291.0945,0.0007424148,0,0,-1,-1,-1,-1,0,0,0,0,0,0,0,0,0
1521409853121.96,6.6914306640625,0,1,676.7278,0.0007522021,0,0,-1,-1,-1,-1,0,0,0,0,0,0,0,0,0
1521409853189.13,9.10827865600586,0,1,1151.213,0.0007705886,0,0,-1,-1,-1,-1,0,0,0,0,0,0,0,0,0
1521409853256.97,10.9243995666504,0,1,1547.532,0.0007885172,0,0,-1,-1,-1,-1,0,0,0,0,0,0,0,0,0
1521409853323.73,12.7235382080078,0,1,1967.796,0.0008002862,0,0,-1,-1,-1,-1,0,0,0,0,0,0,0,0,0
1521409853391.14,15.106396484375,0,1,2552.762,0.0008058267,0,0,-1,-1,-1,-1,0,0,0,0,0,0,0,0,0
1521409853471.93,17.4712448120117,0,1,3155.385,0.0008072378,0,0,-1,-1,-1,-1,0,0,0,0,0,0,0,0,0
1521409853540.23,19.23232421875,0,1,3614.159,0.0007998458,0,0,-1,-1,-1,-1,0,0,0,0,0,0,0,0,0
1521409853607.84,21.5647064208984,0,1,4230.61,0.0007862333,0,0,-1,-1,-1,-1,0,0,0,0,0,0,0,0,0
1521409853689.19,23.8791351318359,0,1,4874.513,0.0007741138,0,0,-1,-1,-1,-1,0,0,0,0,0,0,0,0,0
1521409853756.82,25.603271484375,0,1,4236.203,0.000766684,0,0,-1,-1,-1,-1,0,0,0,0,0,0,0,0,0
1521409853825.61,27.3171997070313,0,1,3850.806,0.0007617192,0,0,-1,-1,-1,-1,0,0,0,0,0,0,0,0,0
1521409853911.03,29.7257415771484,0,1,3596.053,0.0007526245,0,0,-1,-1,-1,-1,0,0,0,0,0,0,0,0,0
1521409853993.59,32.3433776855469,0,1,3604.494,0.0007665014,0,0,-1,-1,-1,-1,0,0,0,0,0,0,0,0,0
1521409854073.3,34.4977447509766,0,1,3744.948,0.0007927003,0,0,-1,-1,-1,-1,0,0,0,0,0,0,0,0,0
1521409854141.37,36.4832946777344,0,1,3908.473,0.000826689,0,0,-1,-1,-1,-1,0,0,0,0,0,0,0,0,0
1521409854225.22,38.5090484619141,0,1,4177.309,0.0008865696,0,0,-1,-1,-1,-1,0,0,0,0,0,0,0,0,0
1521409854308.51,41.1180023193359,0,1,4563.99,0.0009653801,0,0,-1,-1,-1,-1,0,0,0,0,0,0,0,0,0
1521409854376.19,42.8796661376953,0,1,4811.283,0.0009756306,0,0,-1,-1,-1,-1,0,0,0,0,0,0,0,0,0
1521409854457.27,45.0151641845703,0,1,5155.14,0.001042283,0,0,-1,-1,-1,-1,0,0,0,0,0,0,0,0,0
1521409854525.26,46.5472595214844,0,1,5261.284,0.001136784,0,0,-1,-1,-1,-1,0,0,0,0,0,0,0,0,0
1521409854607.78,49.2384704589844,0,1,4795.558,0.001253735,0,0,-1,-1,-1,-1,0,0,0,0,0,0,0,0,0
1521409854675.77,50.785107421875,0,1,4667.001,0.001294111,0,0,-1,-1,-1,-1,0,0,0,0,0,0,0,0,0
1521409854758.5,52.8704467773438,0,1,4609.73,0.001352581,0,0,-1,-1,-1,-1,0,0,0,0,0,0,0,0,0
1521409854826.82,54.9386474609375,0,1,4641.055,0.001453375,0,0,-1,-1,-1,-1,0,0,0,0,0,0,0,0,0
1521409854906.22,56.9934020996094,0,1,4729.923,0.001562764,0,0,-1,-1,-1,-1,0,0,0,0,0,0,0,0,0
1521409854975.96,58.5289733886719,0,1,4821.721,0.001550129,0,0,-1,-1,-1,-1,0,0,0,0,0,0,0,0,0
1521409855059.76,60.5445373535156,0,1,4966.509,0.001532397,0,0,-1,-1,-1,-1,0,0,0,0,0,0,0,0,0
1521409855141.92,62.5446899414063,0,1,5128.223,0.001558997,0,0,-1,-1,-1,-1,0,0,0,0,0,0,0,0,0
1521409855225.62,64.5298583984375,0,1,5300.505,0.001633127,0,0,-1,-1,-1,-1,0,0,0,0,0,0,0,0,0
1521409855307.12,66.9887512207031,0,1,5524.504,0.001791893,0,0,-1,-1,-1,-1,0,0,0,0,0,0,0,0,0
1521409855374.36,68.4525329589844,0,1,5752.487,0.001920552,0,0,-1,-1,-1,-1,0,0,0,0,0,0,0,0,0
1521409855457.76,70.3909423828125,0,1,5537.593,0.002129002,0,0,-1,-1,-1,-1,0,0,0,0,0,0,0,0,0
1521409855537.17,72.3136413574219,0,1,5425.093,0.002301152,0,0,-1,-1,-1,-1,0,0,0,0,0,0,0,0,0
1521409855603.89,73.7421630859375,0,1,5386.047,0.002424278,0,0,-1,-1,-1,-1,0,0,0,0,0,0,0,0,0
1521409855671.22,75.6363159179688,0,1,5374.866,0.00264872,0,0,-1,-1,-1,-1,0,0,0,0,0,0,0,0,0
1521409855754.86,77.5167419433594,0,1,5395.395,0.002774707,0,0,-1,-1,-1,-1,0,0,0,0,0,0,0,0,0
1521409855822.44,78.9133117675781,0,1,5424.695,0.002809899,0,0,-1,-1,-1,-1,0,0,0,0,0,0,0,0,0
1521409855903.99,80.7649536132813,0,1,5476.181,0.002909266,0,0,-1,-1,-1,-1,0,0,0,0,0,0,0,0,0
1521409855971.06,82.6035461425781,0,1,5537.173,0.003080944,0,0,-1,-1,-1,-1,0,0,0,0,0,0,0,0,0
1521409856055.2,84.4288146972656,0,1,5604.209,0.003317805,0,0,-1,-1,-1,-1,0,0,0,0,0,0,0,0,0
1521409856122.61,85.7881530761719,0,1,5657.047,0.003540239,0,0,-1,-1,-1,-1,0,0,0,0,0,0,0,0,0
1521409856190.54,87.5884338378906,0,1,5729.673,0.003815118,0,0,-1,-1,-1,-1,0,0,0,0,0,0,0,0,0
1521409856276.06,89.3681884765625,0,1,5803.702,0.004117283,0,0,-1,-1,-1,-1,0,0,0,0,0,0,0,0,0
1521409856354.69,91.1417419433594,0,1,5923.83,0.004417163,0,0,-1,-1,-1,-1,0,0,0,0,0,0,0,0,0
1521409856439.12,92.8906127929688,0,1,5875.797,0.004541539,0,0,-1,-1,-1,-1,0,0,0,0,0,0,0,0,0
1521409856521.64,94.6349426269531,0,1,5850.724,0.004690189,0,0,-1,-1,-1,-1,0,0,0,0,0,0,0,0,0
1521409856604.32,96.3657958984375,0,1,5840.681,0.004927852,0,0,-1,-1,-1,-1,0,0,0,0,0,0,0,0,0
1521409856672.91,98.0825073242188,0,1,5840.447,0.005245219,0,0,-1,-1,-1,-1,0,0,0,0,0,0,0,0,0
1521409856756.04,99.7837707519531,0,1,5846.604,0.00556516,0,0,-1,-1,-1,-1,0,0,0,0,0,0,0,0,0
1521409856824.35,101.047857666016,0,1,5854.014,0.005825301,0,0,-1,-1,-1,-1,0,0,0,0,0,0,0,0,0
1521409856891.63,102.724694824219,0,1,5866.394,0.006085685,0,0,-1,-1,-1,-1,0,0,0,0,0,0,0,0,0
1521409856972.62,104.385388183594,0,1,5880.661,0.006221538,0,0,-1,-1,-1,-1,0,0,0,0,0,0,0,0,0
1521409857039.5,105.625,0,1,5892.178,0.006330905,0,0,-1,-1,-1,-1,0,0,0,0,0,0,0,0,0
1521409857113.01,107.265551757813,0,1,5908.238,0.006532234,0,0,-1,-1,-1,-1,0,0,0,0,0,0,0,0,0
1521409857188.22,108.891711425781,0,1,5924.798,0.006790375,0,0,-1,-1,-1,-1,0,0,0,0,0,0,0,0,0
1521409857256.85,110.101684570313,0,1,5937.408,0.006969715,0,0,-1,-1,-1,-1,0,0,0,0,0,0,0,0,0
1521409857339.11,111.704614257813,0,1,5954.352,0.007133726,0,0,-1,-1,-1,-1,0,0,0,0,0,0,0,0,0
1521409857406.53,112.415563964844,0,1,5969.819,0.007249895,0,0,-1,-1,-1,-1,0,0,0,0,0,0,0,0,0
1521409857488.58,112.415197753906,0,1,5980.199,0.007322981,0,0,-1,-1,-1,-1,0,0,0,0,0,0,0,0,0
1521409857555.96,112.414147949219,0,1,5985.565,0.007423772,0,0,-1,-1,-1,-1,0,0,0,0,0,0,0,0,0
1521409857639.31,112.413293457031,0,1,5990.529,0.007617202,0,0,-1,-1,-1,-1,0,0,0,0,0,0,0,0,0
1521409857722.6,112.414392089844,0,1,5993.786,0.007854865,0,0,-1,-1,-1,-1,0,0,0,0,0,0,0,0,0
1521409857805.69,112.414074707031,0,1,5995.923,0.00801963,0,0,-1,-1,-1,-1,0,0,0,0,0,0,0,0,0
1521409857888.24,112.414636230469,0,1,5997.592,0.008202989,0,0,-1,-1,-1,-1,0,0,0,0,0,0,0,0,0
1521409857955.11,112.415576171875,0,1,5998.245,0.008274647,0,0,-1,-1,-1,-1,0,0,0,0,0,0,0,0,0
1521409858024.48,112.415808105469,0,1,5998.721,0.008369026,0,0,-1,-1,-1,-1,0,0,0,0,0,0,0,0,0
1521409858105.16,112.416101074219,0,1,5999.161,0.00854089,0,0,-1,-1,-1,-1,0,0,0,0,0,0,0,0,0
1521409858173.67,112.416394042969,0,1,5999.449,0.008749926,0,0,-1,-1,-1,-1,0,0,0,0,0,0,0,0,0
1521409858257.53,112.4166015625,0,1,5999.639,0.008927013,0,0,-1,-1,-1,-1,0,0,0,0,0,0,0,0,0
1521409858326.45,112.41640625,0,1,5999.763,0.009037905,0,0,-1,-1,-1,-1,0,0,0,0,0,0,0,0,0
1521409858407.41,112.41630859375,0,1,5999.844,0.009091102,0,0,-1,-1,-1,-1,0,0,0,0,0,0,0,0,0
1521409858490.16,112.416333007813,0,1,5999.898,0.009120979,0,0,-1,-1,-1,-1,0,0,0,0,0,0,0,0,0
1521409858557.57,112.416345214844,0,1,5999.926,0.009154767,0,0,-1,-1,-1,-1,0,0,0,0,0,0,0,0,0
1521409858627.62,112.416259765625,0,1,5999.951,0.009209911,0,0,-1,-1,-1,-1,0,0,0,0,0,0,0,0,0
1521409858709.15,112.416235351563,0,1,5999.968,0.00927035,0,0,-1,-1,-1,-1,0,0,0,0,0,0,0,0,0
1521409858789.24,112.415783691406,0,1,5999.979,0.009289839,0,0,-1,-1,-1,-1,0,0,0,0,0,0,0,0,0
1521409858871.39,112.416369628906,0,1,5999.986,0.009284172,0,0,-1,-1,-1,-1,0,0,0,0,0,0,0,0,0
1521409858939.05,112.415747070313,0,1,5999.99,0.009231902,0,0,-1,-1,-1,-1,0,0,0,0,0,0,0,0,0
1521409859025.48,112.415051269531,0,1,5999.993,0.009162948,0,0,-1,-1,-1,-1,0,0,0,0,0,0,0,0,0
1521409859108.29,112.41484375,0,1,5999.996,0.009141482,0,0,-1,-1,-1,-1,0,0,0,0,0,0,0,0,0
1521409859180.06,112.41513671875,0,1,5999.997,0.009150472,0,0,-1,-1,-1,-1,0,0,0,0,0,0,0,0,0
1521409859257.59,112.415344238281,0,1,5999.998,0.009187083,0,0,-1,-1,-1,-1,0,0,0,0,0,0,0,0,0
1521409859341.13,112.415747070313,0,1,5999.999,0.009191873,0,0,-1,-1,-1,-1,0,0,0,0,0,0,0,0,0
1521409859408.72,112.416662597656,0,1,6000,0.00918861,0,0,-1,-1,-1,-1,0,0,0,0,0,0,0,0,0
1521409859492.42,112.416357421875,0,1,6000,0.009139367,0,0,-1,-1,-1,-1,0,0,0,0,0,0,0,0,0
1521409859570.6,112.416247558594,0,1,6000,0.00911348,0,0,-1,-1,-1,-1,0,0,0,0,0,0,0,0,0
1521409859637.26,112.416174316406,0,1,6000,0.009118142,0,0,-1,-1,-1,-1,0,0,0,0,0,0,0,0,0
1521409859705.44,112.416125488281,0,1,6000,0.009138905,0,0,-1,-1,-1,-1,0,0,0,0,0,0,0,0,0
1521409859788.05,112.416064453125,0,1,6000,0.009203262,0,0,-1,-1,-1,-1,0,0,0,0,0,0,0,0,0
1521409859871.85,112.41591796875,0,1,6000,0.009243317,0,0,-1,-1,-1,-1,0,0,0,0,0,0,0,0,0
1521409859954.96,112.416345214844,0,1,6000,0.009252612,0,0,-1,-1,-1,-1,0,0,0,0,0,0,0,0,0
1521409860037.92,112.416638183594,0,1,6000,0.009275178,0,0,-1,-1,-1,-1,0,0,0,0,0,0,0,0,0
1521409860105.07,112.415734863281,0,1,6000,0.009245142,0,0,-1,-1,-1,-1,0,0,0,0,0,0,0,0,0
1521409860199.56,112.4158203125,0,1,6000,0.009222506,0,0,-1,-1,-1,-1,0,0,0,0,0,0,0,0,0
1521409860271.08,112.416125488281,0,1,6000,0.009242898,0,0,-1,-1,-1,-1,0,0,0,0,0,0,0,0,0
1521409860338.73,112.416174316406,0,1,6000,0.009279028,0,0,-1,-1,-1,-1,0,0,0,0,0,0,0,0,0
1521409860407.58,112.418286132813,0,1,6000,0.009346944,0,0,-1,-1,-1,-1,0,0,0,0,0,0,0,0,0
1521409860489.04,112.415759277344,0,1,6000,0.009445578,0,0,-1,-1,-1,-1,0,0,0,0,0,0,0,0,0
1521409860570.99,112.415698242188,0,1,6000,0.009538133,0,0,-1,-1,-1,-1,0,0,0,0,0,0,0,0,0
1521409860659.97,112.41572265625,0,1,6000,0.009547696,0,0,-1,-1,-1,-1,0,0,0,0,0,0,0,0,0
1521409860742.78,112.416149902344,0,1,6000,0.009575519,0,0,-1,-1,-1,-1,0,0,0,0,0,0,0,0,0
1521409860822.25,112.416491699219,0,1,6000,0.009635007,0,0,-1,-1,-1,-1,0,0,0,0,0,0,0,0,0
1521409860904.78,112.416589355469,0,1,6000,0.00972023,0,0,-1,-1,-1,-1,0,0,0,0,0,0,0,0,0
1521409860972.08,112.417395019531,0,1,6000,0.009879041,0,0,-1,-1,-1,-1,0,0,0,0,0,0,0,0,0
1521409861054.66,112.4169921875,0,1,6000,0.01004346,0,0,-1,-1,-1,-1,0,0,0,0,0,0,0,0,0
1521409861123.97,112.416918945313,0,1,6000,0.01017909,0,0,-1,-1,-1,-1,0,0,0,0,0,0,0,0,0
1521409861225.13,112.415893554688,0,1,6000,0.01029055,0,0,-1,-1,-1,-1,0,0,0,0,0,0,0,0,0
1521409861304.41,112.416198730469,0,1,6000,0.01036435,0,0,-1,-1,-1,-1,0,0,0,0,0,0,0,0,0
1521409861388.41,112.416235351563,0,1,6000,0.01048121,0,0,-1,-1,-1,-1,0,0,0,0,0,0,0,0,0
1521409861485.78,112.416320800781,0,1,6000,0.01058992,0,0,-1,-1,-1,-1,0,0,0,0,0,0,0,0,0
1521409861554.82,112.416284179688,0,1,6000,0.01071143,0,0,-1,-1,-1,-1,0,0,0,0,0,0,0,0,0
1521409861621.66,112.415991210938,0,1,6000,0.01080575,0,0,-1,-1,-1,-1,0,0,0,0,0,0,0,0,0
1521409861694.65,112.416271972656,0,1,6000,0.01091016,0,0,-1,-1,-1,-1,0,0,0,0,0,0,0,0,0
1521409861774.34,112.415979003906,0,1,6000,0.0110046,0,0,-1,-1,-1,-1,0,0,0,0,0,0,0,0,0
1521409861855.58,112.416357421875,0,1,6000,0.01107598,0,0,-1,-1,-1,-1,0,0,0,0,0,0,0,0,0
1521409861922.44,112.416333007813,0,1,6000,0.01112683,0,0,-1,-1,-1,-1,0,0,0,0,0,0,0,0,0
1521409861989.39,112.41630859375,0,1,6000,0.01120375,0,0,-1,-1,-1,-1,0,0,0,0,0,0,0,0,0
1521409862056.06,112.416345214844,0,1,6000,0.01126695,0,0,-1,-1,-1,-1,0,0,0,0,0,0,0,0,0
1521409862138.73,112.416345214844,0,1,6000,0.01135419,0,0,-1,-1,-1,-1,0,0,0,0,0,0,0,0,0
1521409862204.8,112.416345214844,0,1,6000,0.01142024,0,0,-1,-1,-1,-1,0,0,0,0,0,0,0,0,0
1521409862288.19,112.416369628906,0,1,6000,0.01150119,0,0,-1,-1,-1,-1,0,0,0,0,0,0,0,0,0
1521409862355.31,112.416455078125,0,1,6000,0.01154024,0,0,-1,-1,-1,-1,0,0,0,0,0,0,0,0,0
1521409862422.64,112.416345214844,0,1,6000,0.01156164,0,0,-1,-1,-1,-1,0,0,0,0,0,0,0,0,0
1521409862505.05,112.416369628906,0,1,6000,0.01158256,0,0,-1,-1,-1,-1,0,0,0,0,0,0,0,0,0
1521409862574.59,112.416320800781,0,1,6000,0.01160626,0,0,-1,-1,-1,-1,0,0,0,0,0,0,0,0,0
1521409862643.53,112.416345214844,0,1,6000,0.01162608,0,0,-1,-1,-1,-1,0,0,0,0,0,0,0,0,0
1521409862724.77,112.087023925781,0,1,6000,0.01105164,0,0,-1,-1,-1,-1,0,0,0,0,0,0,0,0,0
1521409862810.92,112.105383300781,0,1,6000,-0.0008741079,0,0,-1,-1,-1,-1,0,0,0,0,0,0,0,0,0
1521409862877.72,110.84423828125,0,1,6000,-0.005841536,0,0,-1,-1,-1,-1,0,0,0,0,0,0,0,0,0
1521409862959.54,111.868688964844,0,1,5998.461,0.004475918,0,0,-1,-1,-1,-1,0,0,0,0,0,0,0,0,0
1521409863040.61,112.582788085938,0,1,5998.839,0.01224101,0,0,-1,-1,-1,-1,0,0,0,0,0,0,0,0,0
1521409863109.62,112.392407226563,0,1,5999.239,0.01263166,0,0,-1,-1,-1,-1,0,0,0,0,0,0,0,0,0
1521409863190.2,112.414001464844,0,1,5999.5,0.01195882,0,0,-1,-1,-1,-1,0,0,0,0,0,0,0,0,0
1521409863274.19,112.419482421875,0,1,5999.672,0.01145892,0,0,-1,-1,-1,-1,0,0,0,0,0,0,0,0,0
1521409863341.17,112.418481445313,0,1,5999.761,0.01124712,0,0,-1,-1,-1,-1,0,0,0,0,0,0,0,0,0
1521409863424.07,112.416687011719,0,1,5999.843,0.01110323,0,0,-1,-1,-1,-1,0,0,0,0,0,0,0,0,0
1521409863505.9,112.415759277344,0,1,5999.897,0.01104416,0,0,-1,-1,-1,-1,0,0,0,0,0,0,0,0,0
1521409863589.21,112.414978027344,0,1,5999.939,0.01103619,0,0,-1,-1,-1,-1,0,0,0,0,0,0,0,0,0
1521409863657.83,112.4146484375,0,1,5999.956,0.01105588,0,0,-1,-1,-1,-1,0,0,0,0,0,0,0,0,0
1521409863739.61,112.414831542969,0,1,5999.971,0.01108351,0,0,-1,-1,-1,-1,0,0,0,0,0,0,0,0,0
1521409863807.34,112.414916992188,0,1,5999.981,0.01110703,0,0,-1,-1,-1,-1,0,0,0,0,0,0,0,0,0
1521409863889.94,112.415002441406,0,1,5999.987,0.01113047,0,0,-1,-1,-1,-1,0,0,0,0,0,0,0,0,0
1521409863957.94,112.415270996094,0,1,5999.991,0.01114583,0,0,-1,-1,-1,-1,0,0,0,0,0,0,0,0,0
1521409864039.15,112.415356445313,0,1,5999.994,0.01115672,0,0,-1,-1,-1,-1,0,0,0,0,0,0,0,0,0
1521409864106.26,112.415295410156,0,1,5999.996,0.0111583,0,0,-1,-1,-1,-1,0,0,0,0,0,0,0,0,0
1521409864174.54,112.41533203125,0,1,5999.997,0.01116367,0,0,-1,-1,-1,-1,0,0,0,0,0,0,0,0,0
1521409864257.69,112.415344238281,0,1,5999.998,0.01117528,0,0,-1,-1,-1,-1,0,0,0,0,0,0,0,0,0
1521409864325.32,112.415368652344,0,1,5999.999,0.01118431,0,0,-1,-1,-1,-1,0,0,0,0,0,0,0,0,0
1521409864406.44,112.415356445313,0,1,6000,0.01119696,0,0,-1,-1,-1,-1,0,0,0,0,0,0,0,0,0
1521409864490.07,112.415356445313,0,1,6000,0.01120452,0,0,-1,-1,-1,-1,0,0,0,0,0,0,0,0,0
1521409864557.81,112.415368652344,0,1,6000,0.01120876,0,0,-1,-1,-1,-1,0,0,0,0,0,0,0,0,0
1521409864626.9,112.415393066406,0,1,6000,0.01121302,0,0,-1,-1,-1,-1,0,0,0,0,0,0,0,0,0
1521409864707.58,112.415368652344,0,1,6000,0.01121579,0,0,-1,-1,-1,-1,0,0,0,0,0,0,0,0,0
1521409864794.89,112.415344238281,0,1,6000,0.01121776,0,0,-1,-1,-1,-1,0,0,0,0,0,0,0,0,0
1521409864871.84,112.415368652344,0,1,6000,0.01121919,0,0,-1,-1,-1,-1,0,0,0,0,0,0,0,0,0
1521409864939.22,112.415368652344,0,1,6000,0.01121997,0,0,-1,-1,-1,-1,0,0,0,0,0,0,0,0,0
1521409865006.53,112.415417480469,0,1,6000,0.01122063,0,0,-1,-1,-1,-1,0,0,0,0,0,0,0,0,0
1521409865089.78,112.415368652344,0,1,6000,0.01122115,0,0,-1,-1,-1,-1,0,0,0,0,0,0,0,0,0
1521409865157.51,112.415393066406,0,1,6000,0.01122144,0,0,-1,-1,-1,-1,0,0,0,0,0,0,0,0,0
1521409865239.98,112.415344238281,0,1,6000,0.01122165,0,0,-1,-1,-1,-1,0,0,0,0,0,0,0,0,0
1521409865307.6,112.415393066406,0,1,6000,0.01122188,0,0,-1,-1,-1,-1,0,0,0,0,0,0,0,0,0
1521409865388.68,112.415393066406,0,1,6000,0.01122189,0,0,-1,-1,-1,-1,0,0,0,0,0,0,0,0,0
1521409865456.32,112.415380859375,0,1,6000,0.01122203,0,0,-1,-1,-1,-1,0,0,0,0,0,0,0,0,0
1521409865540.07,112.415356445313,0,1,6000,0.01122205,0,0,-1,-1,-1,-1,0,0,0,0,0,0,0,0,0
1521409865608.88,112.41533203125,0,1,6000,0.01122213,0,0,-1,-1,-1,-1,0,0,0,0,0,0,0,0,0
1521409865688.7,112.415393066406,0,1,6000,0.01122217,0,0,-1,-1,-1,-1,0,0,0,0,0,0,0,0,0
1521409865755.83,112.415368652344,0,1,6000,0.01122219,0,0,-1,-1,-1,-1,0,0,0,0,0,0,0,0,0
1521409865840.48,112.415417480469,0,1,6000,0.01122223,0,0,-1,-1,-1,-1,0,0,0,0,0,0,0,0,0
1521409865915.6,112.4154296875,0,1,6000,0.01122223,0,0,-1,-1,-1,-1,0,0,0,0,0,0,0,0,0
1521409865986.81,112.415405273438,0,1,6000,0.01122226,0,0,-1,-1,-1,-1,0,0,0,0,0,0,0,0,0
1521409866057.25,112.415393066406,0,1,6000,0.01122219,0,0,-1,-1,-1,-1,0,0,0,0,0,0,0,0,0
1521409866124.12,112.4154296875,0,1,6000,0.01122219,0,0,-1,-1,-1,-1,0,0,0,0,0,0,0,0,0
1521409866209.01,112.415368652344,0,1,6000,0.01122226,0,0,-1,-1,-1,-1,0,0,0,0,0,0,0,0,0
1521409866276.79,112.4154296875,0,1,6000,0.01122231,0,0,-1,-1,-1,-1,0,0,0,0,0,0,0,0,0
1521409866357.99,112.415393066406,0,1,6000,0.01122242,0,0,-1,-1,-1,-1,0,0,0,0,0,0,0,0,0
1521409866424.89,112.415356445313,0,1,6000,0.01122239,0,0,-1,-1,-1,-1,0,0,0,0,0,0,0,0,0
1521409866508.92,112.415356445313,0,1,6000,0.01122247,0,0,-1,-1,-1,-1,0,0,0,0,0,0,0,0,0
1521409866592.21,112.415356445313,0,1,6000,0.01122243,0,0,-1,-1,-1,-1,0,0,0,0,0,0,0,0,0
1521409866673.89,112.415344238281,0,1,6000,0.01122246,0,0,-1,-1,-1,-1,0,0,0,0,0,0,0,0,0
1521409866757.4,112.415356445313,0,1,6000,0.01122707,0,0,-1,-1,-1,-1,0,0,0,0,0,0,0,0,0
1521409866824.75,112.415380859375,0,1,6000,0.01123506,0,0,-1,-1,-1,-1,0,0,0,0,0,0,0,0,0
1521409866909.88,112.415380859375,0,1,6000,0.01124519,0,0,-1,-1,-1,-1,0,0,0,0,0,0,0,0,0
1521409866989.9,112.415393066406,0,1,6000,0.01125214,0,0,-1,-1,-1,-1,0,0,0,0,0,0,0,0,0
1521409867057.99,112.415283203125,0,1,6000,0.0112606,0,0,-1,-1,-1,-1,0,0,0,0,0,0,0,0,0
1521409867127.11,112.415112304688,0,1,6000,0.01128147,0,0,-1,-1,-1,-1,0,0,0,0,0,0,0,0,0
1521409867198.11,112.415026855469,0,1,6000,0.01130257,0,0,-1,-1,-1,-1,0,0,0,0,0,0,0,0,0
1521409867280.71,112.415173339844,0,1,6000,0.01132919,0,0,-1,-1,-1,-1,0,0,0,0,0,0,0,0,0
1521409867365.6,112.415222167969,0,1,6000,0.01135423,0,0,-1,-1,-1,-1,0,0,0,0,0,0,0,0,0
1521409867435.77,112.415380859375,0,1,6000,0.01137793,0,0,-1,-1,-1,-1,0,0,0,0,0,0,0,0,0
1521409867515.25,112.415393066406,0,1,6000,0.01140393,0,0,-1,-1,-1,-1,0,0,0,0,0,0,0,0,0
1521409867583.18,112.415393066406,0,1,6000,0.01142519,0,0,-1,-1,-1,-1,0,0,0,0,0,0,0,0,0
1521409867656.91,112.415502929688,0,1,6000,0.01145305,0,0,-1,-1,-1,-1,0,0,0,0,0,0,0,0,0
1521409867726.62,112.415661621094,0,1,6000,0.01147367,0,0,-1,-1,-1,-1,0,0,0,0,0,0,0,0,0
1521409867808.79,112.415637207031,0,1,6000,0.01148358,0,0,-1,-1,-1,-1,0,0,0,0,0,0,0,0,0
1521409867882.71,112.415649414063,0,1,6000,0.01149378,0,0,-1,-1,-1,-1,0,0,0,0,0,0,0,0,0
1521409867959.42,112.415612792969,0,1,6000,0.01151273,0,0,-1,-1,-1,-1,0,0,0,0,0,0,0,0,0
1521409868050.63,112.415441894531,0,1,6000,0.0115458,0,0,-1,-1,-1,-1,0,0,0,0,0,0,0,0,0
1521409868119.16,112.415515136719,0,1,6000,0.01156702,0,0,-1,-1,-1,-1,0,0,0,0,0,0,0,0,0
1521409868193.48,112.415502929688,0,1,6000,0.01159136,0,0,-1,-1,-1,-1,0,0,0,0,0,0,0,0,0
1521409868275.06,112.634826660156,0,1,6000,0.0108818,0,0,-1,-1,-1,-1,0,0,0,0,0,0,0,0,0
1521409868341.75,112.311657714844,0,1,6000,0.01503213,0,0,-1,-1,-1,-1,0,0,0,0,0,0,0,0,0
1521409868417.79,112.449560546875,0,1,6000,0.01644746,0,0,-1,-1,-1,-1,0,0,0,0,0,0,0,0,0
1521409868493.82,112.340051269531,0,1,6000,0.01005239,0,0,-1,-1,-1,-1,0,0,0,0,0,0,0,0,0
1521409868564.87,112.476782226563,0,1,6000,0.009315859,0,0,-1,-1,-1,-1,0,0,0,0,0,0,0,0,0
1521409868642.84,112.423840332031,0,1,6000,0.009509654,0,0,-1,-1,-1,-1,0,0,0,0,0,0,0,0,0
1521409868711.3,112.416259765625,0,1,6000,0.009853381,0,0,-1,-1,-1,-1,0,0,0,0,0,0,0,0,0
1521409868780.94,112.414904785156,0,1,6000,0.01006799,0,0,-1,-1,-1,-1,0,0,0,0,0,0,0,0,0
1521409868868.43,112.416711425781,0,1,6000,0.01036784,0,0,-1,-1,-1,-1,0,0,0,0,0,0,0,0,0
1521409868943.03,112.41484375,0,1,6000,0.01049351,0,0,-1,-1,-1,-1,0,0,0,0,0,0,0,0,0
1521409869018.11,112.415734863281,0,1,6000,0.01064599,0,0,-1,-1,-1,-1,0,0,0,0,0,0,0,0,0
1521409869093.8,112.41640625,0,1,6000,0.01081408,0,0,-1,-1,-1,-1,0,0,0,0,0,0,0,0,0
1521409869174.73,112.416528320313,0,1,6000,0.01100597,0,0,-1,-1,-1,-1,0,0,0,0,0,0,0,0,0
1521409869245.92,112.41611328125,0,1,6000,0.01117565,0,0,-1,-1,-1,-1,0,0,0,0,0,0,0,0,0
1521409869325.54,112.416528320313,0,1,6000,0.01144676,0,0,-1,-1,-1,-1,0,0,0,0,0,0,0,0,0
1521409869398,112.416284179688,0,1,6000,0.01167608,0,0,-1,-1,-1,-1,0,0,0,0,0,0,0,0,0
1521409869471.8,112.414929199219,0,1,6000,0.01200929,0,0,-1,-1,-1,-1,0,0,0,0,0,0,0,0,0
1521409869547.97,112.418615722656,0,1,6000,0.01244648,0,0,-1,-1,-1,-1,0,0,0,0,0,0,0,0,0
1521409869616.15,112.414331054688,0,1,6000,0.01271974,0,0,-1,-1,-1,-1,0,0,0,0,0,0,0,0,0
1521409869684.41,112.415197753906,0,1,6000,0.01289296,0,0,-1,-1,-1,-1,0,0,0,0,0,0,0,0,0
1521409869760.41,112.416320800781,0,1,6000,0.01310167,0,0,-1,-1,-1,-1,0,0,0,0,0,0,0,0,0
1521409869842.71,112.416381835938,0,1,6000,0.01329305,0,0,-1,-1,-1,-1,0,0,0,0,0,0,0,0,0
1521409869917.14,112.4162109375,0,1,6000,0.01350065,0,0,-1,-1,-1,-1,0,0,0,0,0,0,0,0,0
1521409869992.2,112.416101074219,0,1,6000,0.01373034,0,0,-1,-1,-1,-1,0,0,0,0,0,0,0,0,0
1521409870069.29,112.415930175781,0,1,6000,0.01393576,0,0,-1,-1,-1,-1,0,0,0,0,0,0,0,0,0
1521409870143.23,112.415808105469,0,1,6000,0.01409161,0,0,-1,-1,-1,-1,0,0,0,0,0,0,0,0,0
1521409870214.3,112.415844726563,0,1,6000,0.01426998,0,0,-1,-1,-1,-1,0,0,0,0,0,0,0,0,0
1521409870291.22,112.4158203125,0,1,6000,0.01444745,0,0,-1,-1,-1,-1,0,0,0,0,0,0,0,0,0
1521409870374.6,112.415661621094,0,1,6000,0.01462709,0,0,-1,-1,-1,-1,0,0,0,0,0,0,0,0,0
1521409870442.78,112.414660644531,0,1,6000,0.01474265,0,0,-1,-1,-1,-1,0,0,0,0,0,0,0,0,0
1521409870523.6,112.414270019531,0,1,6000,0.01497713,0,0,-1,-1,-1,-1,0,0,0,0,0,0,0,0,0
1521409870606.98,112.415808105469,0,1,6000,0.01533448,0,0,-1,-1,-1,-1,0,0,0,0,0,0,0,0,0
1521409870674.36,112.410913085938,0,1,6000,0.01553597,0,0,-1,-1,-1,-1,0,0,0,0,0,0,0,0,0
1521409870750.09,112.411706542969,0,1,6000,0.01554753,0,0,-1,-1,-1,-1,0,0,0,0,0,0,0,0,0
1521409870830.28,112.411279296875,0,1,6000,0.015558,0,0,-1,-1,-1,-1,0,0,0,0,0,0,0,0,0
1521409870906.75,112.412622070313,0,1,6000,0.01572068,0,0,-1,-1,-1,-1,0,0,0,0,0,0,0,0,0
1521409870973.65,112.413500976563,0,1,6000,0.01576317,0,0,-1,-1,-1,-1,0,0,0,0,0,0,0,0,0
1521409871042.84,112.410266113281,0,1,6000,0.0157089,0,0,-1,-1,-1,-1,0,0,0,0,0,0,0,0,0
1521409871119.16,112.40703125,0,1,6000,0.01569467,0,0,-1,-1,-1,-1,0,0,0,0,0,0,0,0,0
1521409871192.92,112.400866699219,0,1,6000,0.01584817,0,0,-1,-1,-1,-1,0,0,0,0,0,0,0,0,0
1521409871267.39,112.406591796875,0,1,6000,0.01578479,0,0,-1,-1,-1,-1,0,0,0,0,0,0,0,0,0
1521409871340.18,112.401940917969,0,1,6000,0.0157178,0,0,-1,-1,-1,-1,0,0,0,0,0,0,0,0,0
1521409871417.08,112.406042480469,0,1,6000,0.01581761,0,0,-1,-1,-1,-1,0,0,0,0,0,0,0,0,0
1521409871484.74,112.410034179688,0,1,6000,0.01577981,0,0,-1,-1,-1,-1,0,0,0,0,0,0,0,0,0
1521409871559.27,112.404455566406,0,1,6000,0.01570039,0,0,-1,-1,-1,-1,0,0,0,0,0,0,0,0,0
1521409871644.4,112.405358886719,0,1,6000,0.01584382,0,0,-1,-1,-1,-1,0,0,0,0,0,0,0,0,0
1521409871716.66,112.40341796875,0,1,6000,0.01595352,0,0,-1,-1,-1,-1,0,0,0,0,0,0,0,0,0
1521409871791.12,112.403283691406,0,1,6000,0.01599338,0,0,-1,-1,-1,-1,0,0,0,0,0,0,0,0,0
1521409871860.13,112.403967285156,0,1,6000,0.01599414,0,0,-1,-1,-1,-1,0,0,0,0,0,0,0,0,0
1521409871930.82,112.405749511719,0,1,6000,0.01595175,0,0,-1,-1,-1,-1,0,0,0,0,0,0,0,0,0
1521409872007.22,112.405603027344,0,1,6000,0.01596216,0,0,-1,-1,-1,-1,0,0,0,0,0,0,0,0,0
1521409872082.03,112.4041015625,0,1,6000,0.01595969,0,0,-1,-1,-1,-1,0,0,0,0,0,0,0,0,0
1521409872160.63,112.405773925781,0,1,6000,0.01593697,0,0,-1,-1,-1,-1,0,0,0,0,0,0,0,0,0
1521409872245.24,112.407360839844,0,1,6000,0.01596412,0,0,-1,-1,-1,-1,0,0,0,0,0,0,0,0,0
1521409872317.61,112.408020019531,0,1,6000,0.01597515,0,0,-1,-1,-1,-1,0,0,0,0,0,0,0,0,0
1521409872396.42,112.405712890625,0,1,6000,0.01599471,0,0,-1,-1,-1,-1,0,0,0,0,0,0,0,0,0
1521409872468.07,112.407897949219,0,1,6000,0.01611173,0,0,-1,-1,-1,-1,0,0,0,0,0,0,0,0,0
1521409872544.87,112.40869140625,0,1,6000,0.01628721,0,0,-1,-1,-1,-1,0,0,0,0,0,0,0,0,0
1521409872629.67,112.405383300781,0,1,6000,0.01670624,0,0,-1,-1,-1,-1,0,0,0,0,0,0,0,0,0
1521409872708.39,112.39697265625,0,1,6000,0.01674547,0,0,-1,-1,-1,-1,0,0,0,0,0,0,0,0,0
1521409872780.86,112.403430175781,0,1,6000,0.01662525,0,0,-1,-1,-1,-1,0,0,0,0,0,0,0,0,0
1521409872864.69,112.403674316406,0,1,6000,0.01664128,0,0,-1,-1,-1,-1,0,0,0,0,0,0,0,0,0
1521409872944.69,112.417834472656,0,1,6000,0.01670461,0,0,-1,-1,-1,-1,0,0,0,0,0,0,0,0,0
1521409873012.47,112.418273925781,0,1,6000,0.01660402,0,0,-1,-1,-1,-1,0,0,0,0,0,0,0,0,0
1521409873081.38,112.416101074219,0,1,6000,0.01661957,0,0,-1,-1,-1,-1,0,0,0,0,0,0,0,0,0
1521409873165.83,112.415905761719,0,1,6000,0.01674133,0,0,-1,-1,-1,-1,0,0,0,0,0,0,0,0,0
1521409873249.46,112.412707519531,0,1,6000,0.01670087,0,0,-1,-1,-1,-1,0,0,0,0,0,0,0,0,0
1521409873324.78,112.412316894531,0,1,6000,0.01665146,0,0,-1,-1,-1,-1,0,0,0,0,0,0,0,0,0
1521409873399.01,112.412951660156,0,1,6000,0.01671158,0,0,-1,-1,-1,-1,0,0,0,0,0,0,0,0,0
1521409873480.74,112.414294433594,0,1,6000,0.01674938,0,0,-1,-1,-1,-1,0,0,0,0,0,0,0,0,0
1521409873566.19,112.416430664063,0,1,6000,0.01665104,0,0,-1,-1,-1,-1,0,0,0,0,0,0,0,0,0
1521409873651.52,112.414794921875,0,1,6000,0.01666823,0,0,-1,-1,-1,-1,0,0,0,0,0,0,0,0,0
1521409873726.94,112.417956542969,0,1,6000,0.01671595,0,0,-1,-1,-1,-1,0,0,0,0,0,0,0,0,0
1521409873799.04,112.413146972656,0,1,6000,0.0166701,0,0,-1,-1,-1,-1,0,0,0,0,0,0,0,0,0
1521409873880.8,112.415185546875,0,1,6000,0.01655943,0,0,-1,-1,-1,-1,0,0,0,0,0,0,0,0,0
1521409873957.27,112.415270996094,0,1,6000,0.01653313,0,0,-1,-1,-1,-1,0,0,0,0,0,0,0,0,0
1521409874027.04,112.418725585938,0,1,6000,0.01653839,0,0,-1,-1,-1,-1,0,0,0,0,0,0,0,0,0
1521409874095.44,112.415112304688,0,1,6000,0.01647764,0,0,-1,-1,-1,-1,0,0,0,0,0,0,0,0,0
1521409874173.76,112.416027832031,0,1,6000,0.01634663,0,0,-1,-1,-1,-1,0,0,0,0,0,0,0,0,0
1521409874241.99,112.41591796875,0,1,6000,0.01626999,0,0,-1,-1,-1,-1,0,0,0,0,0,0,0,0,0
1521409874309.74,112.416589355469,0,1,6000,0.01622647,0,0,-1,-1,-1,-1,0,0,0,0,0,0,0,0,0
1521409874391.71,112.416320800781,0,1,6000,0.01615555,0,0,-1,-1,-1,-1,0,0,0,0,0,0,0,0,0
1521409874459.15,112.416967773438,0,1,6000,0.01606443,0,0,-1,-1,-1,-1,0,0,0,0,0,0,0,0,0
1521409874546.93,112.417944335938,0,1,6000,0.01591832,0,0,-1,-1,-1,-1,0,0,0,0,0,0,0,0,0
1521409874624.3,112.416748046875,0,1,6000,0.01587987,0,0,-1,-1,-1,-1,0,0,0,0,0,0,0,0,0
1521409874691.56,112.418518066406,0,1,6000,0.01584315,0,0,-1,-1,-1,-1,0,0,0,0,0,0,0,0,0
1521409874775.23,112.415759277344,0,1,6000,0.01579651,0,0,-1,-1,-1,-1,0,0,0,0,0,0,0,0,0
1521409874855.7,112.415979003906,0,1,6000,0.01583987,0,0,-1,-1,-1,-1,0,0,0,0,0,0,0,0,0
1521409874923.52,112.417224121094,0,1,6000,0.01590016,0,0,-1,-1,-1,-1,0,0,0,0,0,0,0,0,0
1521409874990.62,112.415563964844,0,1,6000,0.01592238,0,0,-1,-1,-1,-1,0,0,0,0,0,0,0,0,0
1521409875058.6,112.41572265625,0,1,6000,0.01588161,0,0,-1,-1,-1,-1,0,0,0,0,0,0,0,0,0
1521409875159.36,112.416418457031,0,1,6000,0.01581444,0,0,-1,-1,-1,-1,0,0,0,0,0,0,0,0,0
1521409875241.6,112.416394042969,0,1,6000,0.01576676,0,0,-1,-1,-1,-1,0,0,0,0,0,0,0,0,0
1521409875308.95,112.416357421875,0,1,6000,0.01573046,0,0,-1,-1,-1,-1,0,0,0,0,0,0,0,0,0
1521409875390.19,112.416394042969,0,1,6000,0.01569872,0,0,-1,-1,-1,-1,0,0,0,0,0,0,0,0,0
1521409875458.24,112.416320800781,0,1,6000,0.01567937,0,0,-1,-1,-1,-1,0,0,0,0,0,0,0,0,0
1521409875539.85,112.416381835938,0,1,6000,0.01565778,0,0,-1,-1,-1,-1,0,0,0,0,0,0,0,0,0
1521409875619.03,112.416320800781,0,1,6000,0.0156358,0,0,-1,-1,-1,-1,0,0,0,0,0,0,0,0,0
1521409875690.41,112.41630859375,0,1,6000,0.01561925,0,0,-1,-1,-1,-1,0,0,0,0,0,0,0,0,0
1521409875772.65,112.416418457031,0,1,6000,0.01560449,0,0,-1,-1,-1,-1,0,0,0,0,0,0,0,0,0
1521409875840.63,112.41630859375,0,1,6000,0.01559703,0,0,-1,-1,-1,-1,0,0,0,0,0,0,0,0,0
1521409875922.46,112.416369628906,0,1,6000,0.01558951,0,0,-1,-1,-1,-1,0,0,0,0,0,0,0,0,0
1521409875989.57,112.416345214844,0,1,6000,0.01558139,0,0,-1,-1,-1,-1,0,0,0,0,0,0,0,0,0
1521409876057.19,112.416223144531,0,1,6000,0.01557728,0,0,-1,-1,-1,-1,0,0,0,0,0,0,0,0,0
1521409876124.29,112.416333007813,0,1,6000,0.01557571,0,0,-1,-1,-1,-1,0,0,0,0,0,0,0,0,0
1521409876205.13,112.416247558594,0,1,6000,0.01557413,0,0,-1,-1,-1,-1,0,0,0,0,0,0,0,0,0
1521409876273.24,112.416333007813,0,1,6000,0.01557707,0,0,-1,-1,-1,-1,0,0,0,0,0,0,0,0,0
1521409876356,112.416296386719,0,1,6000,0.01558034,0,0,-1,-1,-1,-1,0,0,0,0,0,0,0,0,0
1521409876439.41,112.416296386719,0,1,6000,0.01558243,0,0,-1,-1,-1,-1,0,0,0,0,0,0,0,0,0
1521409876505.71,112.416381835938,0,1,6000,0.01558109,0,0,-1,-1,-1,-1,0,0,0,0,0,0,0,0,0
1521409876590.99,112.416455078125,0,1,6000,0.01557789,0,0,-1,-1,-1,-1,0,0,0,0,0,0,0,0,0
1521409876672.16,112.416345214844,0,1,6000,0.01557161,0,0,-1,-1,-1,-1,0,0,0,0,0,0,0,0,0
1521409876738.89,112.416345214844,0,1,6000,0.01556654,0,0,-1,-1,-1,-1,0,0,0,0,0,0,0,0,0
1521409876805.64,112.416333007813,0,1,6000,0.015562,0,0,-1,-1,-1,-1,0,0,0,0,0,0,0,0,0
1521409876873.85,112.416284179688,0,1,6000,0.0155482,0,0,-1,-1,-1,-1,0,0,0,0,0,0,0,0,0
1521409876957.22,112.416052246094,0,1,6000,0.01553376,0,0,-1,-1,-1,-1,0,0,0,0,0,0,0,0,0
1521409877024.26,112.415588378906,0,1,6000,0.01552692,0,0,-1,-1,-1,-1,0,0,0,0,0,0,0,0,0
1521409877104.89,112.413342285156,0,1,6000,0.01552418,0,0,-1,-1,-1,-1,0,0,0,0,0,0,0,0,0
1521409877172.82,112.413293457031,0,1,6000,0.0155361,0,0,-1,-1,-1,-1,0,0,0,0,0,0,0,0,0
1521409877256.91,112.413940429688,0,1,6000,0.01554642,0,0,-1,-1,-1,-1,0,0,0,0,0,0,0,0,0
1521409877339.55,112.410046386719,0,1,6000,0.01556132,0,0,-1,-1,-1,-1,0,0,0,0,0,0,0,0,0
1521409877422.08,112.411694335938,0,1,6000,0.0155963,0,0,-1,-1,-1,-1,0,0,0,0,0,0,0,0,0
1521409877489.12,112.411364746094,0,1,6000,0.01563106,0,0,-1,-1,-1,-1,0,0,0,0,0,0,0,0,0
1521409877556.29,112.4119140625,0,1,6000,0.01567155,0,0,-1,-1,-1,-1,0,0,0,0,0,0,0,0,0
1521409877639.9,112.415966796875,0,1,6000,0.01572195,0,0,-1,-1,-1,-1,0,0,0,0,0,0,0,0,0
1521409877720.08,112.41650390625,0,1,6000,0.01575617,0,0,-1,-1,-1,-1,0,0,0,0,0,0,0,0,0
1521409877793.3,112.416174316406,0,1,6000,0.01580021,0,0,-1,-1,-1,-1,0,0,0,0,0,0,0,0,0
1521409877870.9,112.415173339844,0,1,6000,0.01583906,0,0,-1,-1,-1,-1,0,0,0,0,0,0,0,0,0
1521409877938.04,112.413134765625,0,1,6000,0.0158803,0,0,-1,-1,-1,-1,0,0,0,0,0,0,0,0,0
1521409878005.25,112.410571289063,0,1,6000,0.01590408,0,0,-1,-1,-1,-1,0,0,0,0,0,0,0,0,0
1521409878089.02,112.410290527344,0,1,6000,0.01595521,0,0,-1,-1,-1,-1,0,0,0,0,0,0,0,0,0
1521409878170.08,112.409008789063,0,1,6000,0.01599056,0,0,-1,-1,-1,-1,0,0,0,0,0,0,0,0,0
1521409878237.34,112.400671386719,0,1,6000,0.01602067,0,0,-1,-1,-1,-1,0,0,0,0,0,0,0,0,0
1521409878306.52,112.39091796875,0,1,6000,0.01604774,0,0,-1,-1,-1,-1,0,0,0,0,0,0,0,0,0
1521409878389.96,112.381762695313,0,1,6000,0.01608486,0,0,-1,-1,-1,-1,0,0,0,0,0,0,0,0,0
1521409878472.42,112.373059082031,0,1,6000,0.01614067,0,0,-1,-1,-1,-1,0,0,0,0,0,0,0,0,0
1521409878554.63,112.38076171875,0,1,6000,0.01617515,0,0,-1,-1,-1,-1,0,0,0,0,0,0,0,0,0
1521409878637.53,112.386169433594,0,1,6000,0.01617471,0,0,-1,-1,-1,-1,0,0,0,0,0,0,0,0,0
1521409878721.47,112.378686523438,0,1,6000,0.01618745,0,0,-1,-1,-1,-1,0,0,0,0,0,0,0,0,0
1521409878789.12,112.391442871094,0,1,6000,0.01618602,0,0,-1,-1,-1,-1,0,0,0,0,0,0,0,0,0
1521409878855.9,112.398571777344,0,1,6000,0.01616662,0,0,-1,-1,-1,-1,0,0,0,0,0,0,0,0,0
1521409878939.08,112.407849121094,0,1,6000,0.01614777,0,0,-1,-1,-1,-1,0,0,0,0,0,0,0,0,0
1521409879022.1,112.41279296875,0,1,6000,0.01611388,0,0,-1,-1,-1,-1,0,0,0,0,0,0,0,0,0
1521409879104.92,112.414294433594,0,1,6000,0.01608985,0,0,-1,-1,-1,-1,0,0,0,0,0,0,0,0,0
1521409879189.12,112.409020996094,0,1,6000,0.01606867,0,0,-1,-1,-1,-1,0,0,0,0,0,0,0,0,0
1521409879256.79,112.403649902344,0,1,6000,0.01604136,0,0,-1,-1,-1,-1,0,0,0,0,0,0,0,0,0
1521409879339.19,112.399584960938,0,1,6000,0.01598071,0,0,-1,-1,-1,-1,0,0,0,0,0,0,0,0,0
1521409879426,112.399963378906,0,1,6000,0.01591879,0,0,-1,-1,-1,-1,0,0,0,0,0,0,0,0,0
1521409879506.09,112.399438476563,0,1,6000,0.01604662,0,0,-1,-1,-1,-1,0,0,0,0,0,0,0,0,0
1521409879590.81,112.405004882813,0,1,6000,0.01608051,0,0,-1,-1,-1,-1,0,0,0,0,0,0,0,0,0
1521409879674.93,112.401599121094,0,1,6000,0.01581358,0,0,-1,-1,-1,-1,0,0,0,0,0,0,0,0,0
1521409879758.24,112.411352539063,0,1,6000,0.01539249,0,0,-1,-1,-1,-1,0,0,0,0,0,0,0,0,0
1521409879840.4,112.419604492188,0,1,6000,0.0152081,0,0,-1,-1,-1,-1,0,0,0,0,0,0,0,0,0
1521409879923.07,112.424584960938,0,1,6000,0.01518705,0,0,-1,-1,-1,-1,0,0,0,0,0,0,0,0,0
1521409880005.59,112.415466308594,0,1,6000,0.01512309,0,0,-1,-1,-1,-1,0,0,0,0,0,0,0,0,0
1521409880090.78,112.415698242188,0,1,6000,0.01490547,0,0,-1,-1,-1,-1,0,0,0,0,0,0,0,0,0
1521409880174.43,112.41591796875,0,1,6000,0.01472335,0,0,-1,-1,-1,-1,0,0,0,0,0,0,0,0,0
1521409880241.19,112.415856933594,0,1,6000,0.01459582,0,0,-1,-1,-1,-1,0,0,0,0,0,0,0,0,0
1521409880321.47,112.415795898438,0,1,6000,0.0144419,0,0,-1,-1,-1,-1,0,0,0,0,0,0,0,0,0
1521409880388.48,112.416003417969,0,1,6000,0.01433066,0,0,-1,-1,-1,-1,0,0,0,0,0,0,0,0,0
1521409880459.69,112.416064453125,0,1,6000,0.01425003,0,0,-1,-1,-1,-1,0,0,0,0,0,0,0,0,0
1521409880527.27,112.4154296875,0,1,6000,0.01415565,0,0,-1,-1,-1,-1,0,0,0,0,0,0,0,0,0
1521409880606.34,112.416271972656,0,1,6000,0.01409241,0,0,-1,-1,-1,-1,0,0,0,0,0,0,0,0,0
1521409880676.7,112.415441894531,0,1,6000,0.01404853,0,0,-1,-1,-1,-1,0,0,0,0,0,0,0,0,0
1521409880745.19,112.416320800781,0,1,6000,0.01402636,0,0,-1,-1,-1,-1,0,0,0,0,0,0,0,0,0
1521409880822.19,112.416296386719,0,1,6000,0.01400205,0,0,-1,-1,-1,-1,0,0,0,0,0,0,0,0,0
1521409880890.2,112.416333007813,0,1,6000,0.01397419,0,0,-1,-1,-1,-1,0,0,0,0,0,0,0,0,0
1521409880972.96,112.416357421875,0,1,6000,0.01396581,0,0,-1,-1,-1,-1,0,0,0,0,0,0,0,0,0
1521409881055.71,112.41650390625,0,1,6000,0.01396531,0,0,-1,-1,-1,-1,0,0,0,0,0,0,0,0,0
1521409881122.91,112.416333007813,0,1,6000,0.01397654,0,0,-1,-1,-1,-1,0,0,0,0,0,0,0,0,0
1521409881204.94,112.41630859375,0,1,6000,0.0140003,0,0,-1,-1,-1,-1,0,0,0,0,0,0,0,0,0
1521409881272.75,112.416381835938,0,1,6000,0.01402219,0,0,-1,-1,-1,-1,0,0,0,0,0,0,0,0,0
1521409881341.15,112.416442871094,0,1,6000,0.01403784,0,0,-1,-1,-1,-1,0,0,0,0,0,0,0,0,0
1521409881422.21,112.416320800781,0,1,6000,0.01407076,0,0,-1,-1,-1,-1,0,0,0,0,0,0,0,0,0
1521409881489.08,112.416491699219,0,1,6000,0.0141071,0,0,-1,-1,-1,-1,0,0,0,0,0,0,0,0,0
1521409881558.85,112.416369628906,0,1,6000,0.01414198,0,0,-1,-1,-1,-1,0,0,0,0,0,0,0,0,0
1521409881638.17,112.416284179688,0,1,6000,0.01419074,0,0,-1,-1,-1,-1,0,0,0,0,0,0,0,0,0
1521409881705.3,112.416345214844,0,1,6000,0.01422644,0,0,-1,-1,-1,-1,0,0,0,0,0,0,0,0,0
1521409881782.4,112.416381835938,0,1,6000,0.01427303,0,0,-1,-1,-1,-1,0,0,0,0,0,0,0,0,0
1521409881856.38,112.416381835938,0,1,6000,0.01432254,0,0,-1,-1,-1,-1,0,0,0,0,0,0,0,0,0
1521409881940.14,112.416381835938,0,1,6000,0.01437304,0,0,-1,-1,-1,-1,0,0,0,0,0,0,0,0,0
1521409882024.29,112.416381835938,0,1,6000,0.01442652,0,0,-1,-1,-1,-1,0,0,0,0,0,0,0,0,0
1521409882103.94,112.416394042969,0,1,6000,0.01448006,0,0,-1,-1,-1,-1,0,0,0,0,0,0,0,0,0
1521409882173.6,112.416345214844,0,1,6000,0.0145333,0,0,-1,-1,-1,-1,0,0,0,0,0,0,0,0,0
1521409882240.74,112.416418457031,0,1,6000,0.01457245,0,0,-1,-1,-1,-1,0,0,0,0,0,0,0,0,0
1521409882321.28,112.41630859375,0,1,6000,0.01461909,0,0,-1,-1,-1,-1,0,0,0,0,0,0,0,0,0
1521409882390.67,112.41640625,0,1,6000,0.01466388,0,0,-1,-1,-1,-1,0,0,0,0,0,0,0,0,0
1521409882471.92,112.416284179688,0,1,6000,0.01470388,0,0,-1,-1,-1,-1,0,0,0,0,0,0,0,0,0
1521409882556.15,112.416320800781,0,1,6000,0.01474364,0,0,-1,-1,-1,-1,0,0,0,0,0,0,0,0,0
1521409882639.85,112.416394042969,0,1,6000,0.01478399,0,0,-1,-1,-1,-1,0,0,0,0,0,0,0,0,0
1521409882724.31,112.416381835938,0,1,6000,0.01481626,0,0,-1,-1,-1,-1,0,0,0,0,0,0,0,0,0
1521409882795.39,112.416333007813,0,1,6000,0.01483889,0,0,-1,-1,-1,-1,0,0,0,0,0,0,0,0,0
1521409882871.15,112.416333007813,0,1,6000,0.0148521,0,0,-1,-1,-1,-1,0,0,0,0,0,0,0,0,0
1521409882939.3,112.41640625,0,1,6000,0.01485633,0,0,-1,-1,-1,-1,0,0,0,0,0,0,0,0,0
1521409883008.78,112.416333007813,0,1,6000,0.01486309,0,0,-1,-1,-1,-1,0,0,0,0,0,0,0,0,0
1521409883088.97,112.416394042969,0,1,6000,0.0148712,0,0,-1,-1,-1,-1,0,0,0,0,0,0,0,0,0
1521409883170.27,112.416345214844,0,1,6000,0.01485865,0,0,-1,-1,-1,-1,0,0,0,0,0,0,0,0,0
1521409883244.4,112.416357421875,0,1,6000,0.01484157,0,0,-1,-1,-1,-1,0,0,0,0,0,0,0,0,0
1521409883311.14,112.416418457031,0,1,6000,0.01480589,0,0,-1,-1,-1,-1,0,0,0,0,0,0,0,0,0
1521409883391.95,112.416296386719,0,1,6000,0.01475602,0,0,-1,-1,-1,-1,0,0,0,0,0,0,0,0,0
1521409883458.69,112.416394042969,0,1,6000,0.01471951,0,0,-1,-1,-1,-1,0,0,0,0,0,0,0,0,0
1521409883539.05,112.415185546875,0,1,6000,0.01468672,0,0,-1,-1,-1,-1,0,0,0,0,0,0,0,0,0
1521409883607.29,112.413171386719,0,1,6000,0.01466081,0,0,-1,-1,-1,-1,0,0,0,0,0,0,0,0,0
1521409883690.33,112.410754394531,0,1,6000,0.01464897,0,0,-1,-1,-1,-1,0,0,0,0,0,0,0,0,0
1521409883770.19,112.410803222656,0,1,6000,0.01463316,0,0,-1,-1,-1,-1,0,0,0,0,0,0,0,0,0
1521409883838.1,112.41162109375,0,1,6000,0.01462812,0,0,-1,-1,-1,-1,0,0,0,0,0,0,0,0,0
1521409883904.36,112.410876464844,0,1,6000,0.01464494,0,0,-1,-1,-1,-1,0,0,0,0,0,0,0,0,0
1521409883987.83,112.409155273438,0,1,6000,0.01473085,0,0,-1,-1,-1,-1,0,0,0,0,0,0,0,0,0
1521409884071.46,112.408715820313,0,1,6000,0.0148117,0,0,-1,-1,-1,-1,0,0,0,0,0,0,0,0,0
1521409884153.53,112.410046386719,0,1,6000,0.01491893,0,0,-1,-1,-1,-1,0,0,0,0,0,0,0,0,0
1521409884222.31,112.410229492188,0,1,6000,0.01500253,0,0,-1,-1,-1,-1,0,0,0,0,0,0,0,0,0
1521409884304.26,112.410510253906,0,1,6000,0.0151516,0,0,-1,-1,-1,-1,0,0,0,0,0,0,0,0,0
1521409884373.52,112.412170410156,0,1,6000,0.01533086,0,0,-1,-1,-1,-1,0,0,0,0,0,0,0,0,0
1521409884454.76,112.415808105469,0,1,6000,0.01547649,0,0,-1,-1,-1,-1,0,0,0,0,0,0,0,0,0
1521409884539.13,112.416467285156,0,1,6000,0.01563088,0,0,-1,-1,-1,-1,0,0,0,0,0,0,0,0,0
1521409884606.53,112.414660644531,0,1,6000,0.01577031,0,0,-1,-1,-1,-1,0,0,0,0,0,0,0,0,0
1521409884688.33,112.410473632813,0,1,6000,0.0160769,0,0,-1,-1,-1,-1,0,0,0,0,0,0,0,0,0
1521409884774.21,112.412976074219,0,1,6000,0.0165519,0,0,-1,-1,-1,-1,0,0,0,0,0,0,0,0,0
1521409884851.42,112.409802246094,0,1,6000,0.01668849,0,0,-1,-1,-1,-1,0,0,0,0,0,0,0,0,0
1521409884920.86,112.407849121094,0,1,6000,0.01670092,0,0,-1,-1,-1,-1,0,0,0,0,0,0,0,0,0
1521409884989.71,112.410119628906,0,1,6000,0.01689592,0,0,-1,-1,-1,-1,0,0,0,0,0,0,0,0,0
1521409885072.95,112.407507324219,0,1,6000,0.01718092,0,0,-1,-1,-1,-1,0,0,0,0,0,0,0,0,0
1521409885143.14,112.410522460938,0,1,6000,0.01722358,0,0,-1,-1,-1,-1,0,0,0,0,0,0,0,0,0
1521409885222.85,112.407775878906,0,1,6000,0.01705519,0,0,-1,-1,-1,-1,0,0,0,0,0,0,0,0,0
1521409885303.64,112.411572265625,0,1,6000,0.01703776,0,0,-1,-1,-1,-1,0,0,0,0,0,0,0,0,0
1521409885371.95,112.408996582031,0,1,6000,0.01723451,0,0,-1,-1,-1,-1,0,0,0,0,0,0,0,0,0
1521409885454.06,112.411254882813,0,1,6000,0.01731005,0,0,-1,-1,-1,-1,0,0,0,0,0,0,0,0,0
1521409885523.17,112.410363769531,0,1,6000,0.01708903,0,0,-1,-1,-1,-1,0,0,0,0,0,0,0,0,0
1521409885606.95,112.412731933594,0,1,6000,0.01679966,0,0,-1,-1,-1,-1,0,0,0,0,0,0,0,0,0
1521409885687.6,112.410095214844,0,1,6000,0.01691269,0,0,-1,-1,-1,-1,0,0,0,0,0,0,0,0,0
1521409885754.78,112.396008300781,0,1,6000,0.01698274,0,0,-1,-1,-1,-1,0,0,0,0,0,0,0,0,0
1521409885821.63,112.409265136719,0,1,6000,0.01674972,0,0,-1,-1,-1,-1,0,0,0,0,0,0,0,0,0
1521409885904.87,112.400268554688,0,1,6000,0.01628435,0,0,-1,-1,-1,-1,0,0,0,0,0,0,0,0,0
1521409885972.5,112.410766601563,0,1,6000,0.01622516,0,0,-1,-1,-1,-1,0,0,0,0,0,0,0,0,0
1521409886052.49,112.406323242188,0,1,6000,0.01634674,0,0,-1,-1,-1,-1,0,0,0,0,0,0,0,0,0
1521409886124.29,112.408544921875,0,1,6000,0.01628604,0,0,-1,-1,-1,-1,0,0,0,0,0,0,0,0,0
1521409886203.57,112.400268554688,0,1,6000,0.0158525,0,0,-1,-1,-1,-1,0,0,0,0,0,0,0,0,0
1521409886271.12,112.405407714844,0,1,6000,0.01558209,0,0,-1,-1,-1,-1,0,0,0,0,0,0,0,0,0
1521409886338.38,112.404333496094,0,1,6000,0.01564301,0,0,-1,-1,-1,-1,0,0,0,0,0,0,0,0,0
1521409886420.64,112.405981445313,0,1,6000,0.01577833,0,0,-1,-1,-1,-1,0,0,0,0,0,0,0,0,0
1521409886490.06,112.41181640625,0,1,6000,0.01569946,0,0,-1,-1,-1,-1,0,0,0,0,0,0,0,0,0
1521409886572.02,112.409729003906,0,1,6000,0.0152926,0,0,-1,-1,-1,-1,0,0,0,0,0,0,0,0,0
1521409886655.25,112.414990234375,0,1,6000,0.01512857,0,0,-1,-1,-1,-1,0,0,0,0,0,0,0,0,0
1521409886725.31,112.413916015625,0,1,6000,0.01519772,0,0,-1,-1,-1,-1,0,0,0,0,0,0,0,0,0
1521409886805.59,112.415197753906,0,1,6000,0.0152975,0,0,-1,-1,-1,-1,0,0,0,0,0,0,0,0,0
1521409886872.57,112.408996582031,0,1,6000,0.01531419,0,0,-1,-1,-1,-1,0,0,0,0,0,0,0,0,0
1521409886940.63,112.417724609375,0,1,6000,0.01512614,0,0,-1,-1,-1,-1,0,0,0,0,0,0,0,0,0
1521409887010.32,112.412719726563,0,1,6000,0.01473183,0,0,-1,-1,-1,-1,0,0,0,0,0,0,0,0,0
1521409887092.57,112.418786621094,0,1,6000,0.01466515,0,0,-1,-1,-1,-1,0,0,0,0,0,0,0,0,0
1521409887174.75,112.41650390625,0,1,6000,0.01473164,0,0,-1,-1,-1,-1,0,0,0,0,0,0,0,0,0
1521409887255.01,112.415783691406,0,1,6000,0.01477379,0,0,-1,-1,-1,-1,0,0,0,0,0,0,0,0,0
1521409887323.2,112.415368652344,0,1,6000,0.01477495,0,0,-1,-1,-1,-1,0,0,0,0,0,0,0,0,0
1521409887406.39,112.4171875,0,1,6000,0.01452994,0,0,-1,-1,-1,-1,0,0,0,0,0,0,0,0,0
1521409887488.8,112.406970214844,0,1,6000,0.01421774,0,0,-1,-1,-1,-1,0,0,0,0,0,0,0,0,0
1521409887555.62,112.415844726563,0,1,6000,0.01421794,0,0,-1,-1,-1,-1,0,0,0,0,0,0,0,0,0
1521409887622.76,112.41279296875,0,1,6000,0.01429152,0,0,-1,-1,-1,-1,0,0,0,0,0,0,0,0,0
1521409887706.82,112.411303710938,0,1,6000,0.01439938,0,0,-1,-1,-1,-1,0,0,0,0,0,0,0,0,0
1521409887788.16,112.4119140625,0,1,6000,0.01444689,0,0,-1,-1,-1,-1,0,0,0,0,0,0,0,0,0
1521409887856.82,112.405297851563,0,1,6000,0.01444683,0,0,-1,-1,-1,-1,0,0,0,0,0,0,0,0,0
1521409887925.67,112.414221191406,0,1,6000,0.01431669,0,0,-1,-1,-1,-1,0,0,0,0,0,0,0,0,0
1521409888010.69,112.40576171875,0,1,6000,0.01401753,0,0,-1,-1,-1,-1,0,0,0,0,0,0,0,0,0
1521409888089.93,112.413049316406,0,1,6000,0.01409715,0,0,-1,-1,-1,-1,0,0,0,0,0,0,0,0,0
1521409888171.46,112.4111328125,0,1,6000,0.01424879,0,0,-1,-1,-1,-1,0,0,0,0,0,0,0,0,0
1521409888240.34,112.4140625,0,1,6000,0.01430527,0,0,-1,-1,-1,-1,0,0,0,0,0,0,0,0,0
1521409888321.85,112.414086914063,0,1,6000,0.01422862,0,0,-1,-1,-1,-1,0,0,0,0,0,0,0,0,0
1521409888389.01,112.413671875,0,1,6000,0.01415042,0,0,-1,-1,-1,-1,0,0,0,0,0,0,0,0,0
1521409888457.7,112.4171875,0,1,6000,0.01404784,0,0,-1,-1,-1,-1,0,0,0,0,0,0,0,0,0
1521409888538.57,112.413000488281,0,1,6000,0.01377684,0,0,-1,-1,-1,-1,0,0,0,0,0,0,0,0,0
1521409888607.13,112.41787109375,0,1,6000,0.01366609,0,0,-1,-1,-1,-1,0,0,0,0,0,0,0,0,0
1521409888689.63,112.416027832031,0,1,6000,0.0136579,0,0,-1,-1,-1,-1,0,0,0,0,0,0,0,0,0
1521409888772.75,112.415991210938,0,1,6000,0.01360317,0,0,-1,-1,-1,-1,0,0,0,0,0,0,0,0,0
1521409888840.84,112.416088867188,0,1,6000,0.01359124,0,0,-1,-1,-1,-1,0,0,0,0,0,0,0,0,0
1521409888922.91,112.416796875,0,1,6000,0.01358284,0,0,-1,-1,-1,-1,0,0,0,0,0,0,0,0,0
1521409888990.5,112.414953613281,0,1,6000,0.01348572,0,0,-1,-1,-1,-1,0,0,0,0,0,0,0,0,0
1521409889059.1,112.418054199219,0,1,6000,0.0133282,0,0,-1,-1,-1,-1,0,0,0,0,0,0,0,0,0
1521409889140.84,112.41669921875,0,1,6000,0.01302387,0,0,-1,-1,-1,-1,0,0,0,0,0,0,0,0,0
1521409889222.6,112.419348144531,0,1,6000,0.01295416,0,0,-1,-1,-1,-1,0,0,0,0,0,0,0,0,0
1521409889307.85,112.415612792969,0,1,6000,0.01315941,0,0,-1,-1,-1,-1,0,0,0,0,0,0,0,0,0
1521409889374.8,112.414526367188,0,1,6000,0.01329888,0,0,-1,-1,-1,-1,0,0,0,0,0,0,0,0,0
1521409889456.24,112.412719726563,0,1,6000,0.01337875,0,0,-1,-1,-1,-1,0,0,0,0,0,0,0,0,0
1521409889540.19,112.413391113281,0,1,6000,0.01336695,0,0,-1,-1,-1,-1,0,0,0,0,0,0,0,0,0
1521409889623.43,112.413122558594,0,1,6000,0.01332443,0,0,-1,-1,-1,-1,0,0,0,0,0,0,0,0,0
1521409889691.08,112.412707519531,0,1,6000,0.01332314,0,0,-1,-1,-1,-1,0,0,0,0,0,0,0,0,0
1521409889772.28,112.41328125,0,1,6000,0.01333161,0,0,-1,-1,-1,-1,0,0,0,0,0,0,0,0,0
1521409889840.48,112.41337890625,0,1,6000,0.01337569,0,0,-1,-1,-1,-1,0,0,0,0,0,0,0,0,0
1521409889922.57,112.413757324219,0,1,6000,0.01343436,0,0,-1,-1,-1,-1,0,0,0,0,0,0,0,0,0
1521409889990.3,112.413952636719,0,1,6000,0.01345068,0,0,-1,-1,-1,-1,0,0,0,0,0,0,0,0,0
1521409890057.37,112.414013671875,0,1,6000,0.01343206,0,0,-1,-1,-1,-1,0,0,0,0,0,0,0,0,0
1521409890139.8,112.414233398438,0,1,6000,0.01336826,0,0,-1,-1,-1,-1,0,0,0,0,0,0,0,0,0
1521409890211,112.415441894531,0,1,6000,0.01326938,0,0,-1,-1,-1,-1,0,0,0,0,0,0,0,0,0
1521409890290.03,112.4169921875,0,1,6000,0.01315926,0,0,-1,-1,-1,-1,0,0,0,0,0,0,0,0,0
1521409890357.95,112.416491699219,0,1,6000,0.01313441,0,0,-1,-1,-1,-1,0,0,0,0,0,0,0,0,0
1521409890441.32,112.416296386719,0,1,6000,0.01309448,0,0,-1,-1,-1,-1,0,0,0,0,0,0,0,0,0
1521409890523.67,112.4146484375,0,1,6000,0.01310219,0,0,-1,-1,-1,-1,0,0,0,0,0,0,0,0,0
1521409890606.34,112.413891601563,0,1,6000,0.01308896,0,0,-1,-1,-1,-1,0,0,0,0,0,0,0,0,0
1521409890675.92,112.413696289063,0,1,6000,0.0130482,0,0,-1,-1,-1,-1,0,0,0,0,0,0,0,0,0
1521409890757.29,112.4140625,0,1,6000,0.01296201,0,0,-1,-1,-1,-1,0,0,0,0,0,0,0,0,0
1521409890823.86,112.414196777344,0,1,6000,0.01287264,0,0,-1,-1,-1,-1,0,0,0,0,0,0,0,0,0
1521409890892.06,112.414343261719,0,1,6000,0.01271818,0,0,-1,-1,-1,-1,0,0,0,0,0,0,0,0,0
1521409890974.73,112.414978027344,0,1,6000,0.01252514,0,0,-1,-1,-1,-1,0,0,0,0,0,0,0,0,0
1521409891047.39,112.414477539063,0,1,6000,0.01241196,0,0,-1,-1,-1,-1,0,0,0,0,0,0,0,0,0
1521409891121.51,112.41455078125,0,1,6000,0.01232181,0,0,-1,-1,-1,-1,0,0,0,0,0,0,0,0,0
1521409891190.75,112.414697265625,0,1,6000,0.01226168,0,0,-1,-1,-1,-1,0,0,0,0,0,0,0,0,0
1521409891273,112.415759277344,0,1,6000,0.01221555,0,0,-1,-1,-1,-1,0,0,0,0,0,0,0,0,0
1521409891340.69,112.41650390625,0,1,6000,0.01216119,0,0,-1,-1,-1,-1,0,0,0,0,0,0,0,0,0
1521409891424.01,112.416247558594,0,1,6000,0.01205626,0,0,-1,-1,-1,-1,0,0,0,0,0,0,0,0,0
1521409891491.42,112.415966796875,0,1,6000,0.01190377,0,0,-1,-1,-1,-1,0,0,0,0,0,0,0,0,0
1521409891574.03,112.415795898438,0,1,6000,0.01171437,0,0,-1,-1,-1,-1,0,0,0,0,0,0,0,0,0
1521409891642.71,112.415844726563,0,1,6000,0.01155339,0,0,-1,-1,-1,-1,0,0,0,0,0,0,0,0,0
1521409891723.78,112.414855957031,0,1,6000,0.01136542,0,0,-1,-1,-1,-1,0,0,0,0,0,0,0,0,0
1521409891806.17,112.41611328125,0,1,6000,0.01123786,0,0,-1,-1,-1,-1,0,0,0,0,0,0,0,0,0
1521409891894.58,112.41591796875,0,1,6000,0.01119289,0,0,-1,-1,-1,-1,0,0,0,0,0,0,0,0,0
1521409891973.92,112.4154296875,0,1,6000,0.01117269,0,0,-1,-1,-1,-1,0,0,0,0,0,0,0,0,0
1521409892051.22,112.414331054688,0,1,6000,0.01110066,0,0,-1,-1,-1,-1,0,0,0,0,0,0,0,0,0
1521409892125.03,112.414526367188,0,1,6000,0.01101801,0,0,-1,-1,-1,-1,0,0,0,0,0,0,0,0,0
1521409892208.13,112.414831542969,0,1,6000,0.01084362,0,0,-1,-1,-1,-1,0,0,0,0,0,0,0,0,0
1521409892275.6,112.414990234375,0,1,6000,0.01071404,0,0,-1,-1,-1,-1,0,0,0,0,0,0,0,0,0
1521409892357.75,112.415124511719,0,1,6000,0.01050761,0,0,-1,-1,-1,-1,0,0,0,0,0,0,0,0,0
1521409892441.65,112.415454101563,0,1,6000,0.01028379,0,0,-1,-1,-1,-1,0,0,0,0,0,0,0,0,0
1521409892527.52,112.416052246094,0,1,6000,0.01010558,0,0,-1,-1,-1,-1,0,0,0,0,0,0,0,0,0
1521409892607.12,112.415954589844,0,1,6000,0.009991833,0,0,-1,-1,-1,-1,0,0,0,0,0,0,0,0,0
1521409892675.98,112.415991210938,0,1,6000,0.009937935,0,0,-1,-1,-1,-1,0,0,0,0,0,0,0,0,0
1521409892757.12,112.415966796875,0,1,6000,0.009835407,0,0,-1,-1,-1,-1,0,0,0,0,0,0,0,0,0
1521409892823.54,112.416345214844,0,1,6000,0.009739769,0,0,-1,-1,-1,-1,0,0,0,0,0,0,0,0,0
1521409892909.66,112.416418457031,0,1,6000,0.009577111,0,0,-1,-1,-1,-1,0,0,0,0,0,0,0,0,0
1521409892978.1,112.416333007813,0,1,6000,0.009473506,0,0,-1,-1,-1,-1,0,0,0,0,0,0,0,0,0
1521409893060.09,112.41630859375,0,1,6000,0.009316481,0,0,-1,-1,-1,-1,0,0,0,0,0,0,0,0,0
1521409893139.73,112.416296386719,0,1,6000,0.009147314,0,0,-1,-1,-1,-1,0,0,0,0,0,0,0,0,0
1521409893224.38,112.413696289063,0,1,6000,0.008985969,0,0,-1,-1,-1,-1,0,0,0,0,0,0,0,0,0
1521409893305.36,112.417150878906,0,1,6000,0.00895879,0,0,-1,-1,-1,-1,0,0,0,0,0,0,0,0,0
1521409893376.28,112.416271972656,0,1,6000,0.008900868,0,0,-1,-1,-1,-1,0,0,0,0,0,0,0,0,0
1521409893456.94,112.417272949219,0,1,6000,0.009020924,0,0,-1,-1,-1,-1,0,0,0,0,0,0,0,0,0
1521409893540.22,112.416198730469,0,1,6000,0.009096255,0,0,-1,-1,-1,-1,0,0,0,0,0,0,0,0,0
1521409893609.47,112.416320800781,0,1,6000,0.009150137,0,0,-1,-1,-1,-1,0,0,0,0,0,0,0,0,0
1521409893679.71,112.416357421875,0,1,6000,0.009186412,0,0,-1,-1,-1,-1,0,0,0,0,0,0,0,0,0
1521409893755.07,112.416345214844,0,1,6000,0.009232917,0,0,-1,-1,-1,-1,0,0,0,0,0,0,0,0,0
1521409893827.58,112.416357421875,0,1,6000,0.009278633,0,0,-1,-1,-1,-1,0,0,0,0,0,0,0,0,0
1521409893906.12,112.416345214844,0,1,6000,0.009323286,0,0,-1,-1,-1,-1,0,0,0,0,0,0,0,0,0
1521409893990.44,112.416247558594,0,1,6000,0.009377347,0,0,-1,-1,-1,-1,0,0,0,0,0,0,0,0,0
1521409894095.28,112.416320800781,0,1,6000,0.009553574,0,0,-1,-1,-1,-1,0,0,0,0,0,0,0,0,0
1521409894173.12,112.415869140625,0,1,6000,0.009725242,0,0,-1,-1,-1,-1,0,0,0,0,0,0,0,0,0
1521409894239.92,112.415417480469,0,1,6000,0.009876616,0,0,-1,-1,-1,-1,0,0,0,0,0,0,0,0,0
1521409894322.42,112.415661621094,0,1,6000,0.01006897,0,0,-1,-1,-1,-1,0,0,0,0,0,0,0,0,0
1521409894390.33,112.415856933594,0,1,6000,0.01024565,0,0,-1,-1,-1,-1,0,0,0,0,0,0,0,0,0
1521409894457.59,112.41591796875,0,1,6000,0.01036409,0,0,-1,-1,-1,-1,0,0,0,0,0,0,0,0,0
1521409894541.46,112.41572265625,0,1,6000,0.01049939,0,0,-1,-1,-1,-1,0,0,0,0,0,0,0,0,0
1521409894621.51,112.415539550781,0,1,6000,0.0105997,0,0,-1,-1,-1,-1,0,0,0,0,0,0,0,0,0
1521409894690.94,112.415625,0,1,6000,0.0106729,0,0,-1,-1,-1,-1,0,0,0,0,0,0,0,0,0
1521409894776.29,112.415954589844,0,1,6000,0.01072626,0,0,-1,-1,-1,-1,0,0,0,0,0,0,0,0,0
1521409894861.14,112.416381835938,0,1,6000,0.01078589,0,0,-1,-1,-1,-1,0,0,0,0,0,0,0,0,0
1521409894939.69,112.416040039063,0,1,6000,0.01088964,0,0,-1,-1,-1,-1,0,0,0,0,0,0,0,0,0
1521409895023.41,112.416564941406,0,1,6000,0.01101592,0,0,-1,-1,-1,-1,0,0,0,0,0,0,0,0,0
1521409895127.42,112.414855957031,0,1,6000,0.0114098,0,0,-1,-1,-1,-1,0,0,0,0,0,0,0,0,0
1521409895206.68,112.415454101563,0,1,6000,0.01163624,0,0,-1,-1,-1,-1,0,0,0,0,0,0,0,0,0
1521409895289.89,112.414013671875,0,1,6000,0.01170618,0,0,-1,-1,-1,-1,0,0,0,0,0,0,0,0,0
1521409895372.5,112.41484375,0,1,6000,0.01169381,0,0,-1,-1,-1,-1,0,0,0,0,0,0,0,0,0
1521409895440.07,112.415209960938,0,1,6000,0.01165828,0,0,-1,-1,-1,-1,0,0,0,0,0,0,0,0,0
1521409895523.69,112.415441894531,0,1,6000,0.0115758,0,0,-1,-1,-1,-1,0,0,0,0,0,0,0,0,0
1521409895605.31,112.415649414063,0,1,6000,0.01144715,0,0,-1,-1,-1,-1,0,0,0,0,0,0,0,0,0
1521409895674.48,112.416455078125,0,1,6000,0.01128032,0,0,-1,-1,-1,-1,0,0,0,0,0,0,0,0,0
1521409895755.81,112.415637207031,0,1,6000,0.01120535,0,0,-1,-1,-1,-1,0,0,0,0,0,0,0,0,0
1521409895823.33,112.416052246094,0,1,6000,0.01119772,0,0,-1,-1,-1,-1,0,0,0,0,0,0,0,0,0
1521409895890.62,112.41484375,0,1,6000,0.01116972,0,0,-1,-1,-1,-1,0,0,0,0,0,0,0,0,0
1521409895971.72,112.415881347656,0,1,6000,0.01109682,0,0,-1,-1,-1,-1,0,0,0,0,0,0,0,0,0
1521409896042.54,112.416223144531,0,1,6000,0.01101081,0,0,-1,-1,-1,-1,0,0,0,0,0,0,0,0,0
1521409896123.13,112.41640625,0,1,6000,0.01086348,0,0,-1,-1,-1,-1,0,0,0,0,0,0,0,0,0
1521409896191.09,112.4166015625,0,1,6000,0.01068747,0,0,-1,-1,-1,-1,0,0,0,0,0,0,0,0,0
1521409896272.48,112.416882324219,0,1,6000,0.0105051,0,0,-1,-1,-1,-1,0,0,0,0,0,0,0,0,0
1521409896341.57,112.416833496094,0,1,6000,0.01037036,0,0,-1,-1,-1,-1,0,0,0,0,0,0,0,0,0
1521409896423.97,112.418017578125,0,1,6000,0.0101708,0,0,-1,-1,-1,-1,0,0,0,0,0,0,0,0,0
1521409896490.93,112.4158203125,0,1,6000,0.009962661,0,0,-1,-1,-1,-1,0,0,0,0,0,0,0,0,0
1521409896573.44,112.417443847656,0,1,6000,0.009831592,0,0,-1,-1,-1,-1,0,0,0,0,0,0,0,0,0
1521409896655.63,112.41552734375,0,1,6000,0.009701286,0,0,-1,-1,-1,-1,0,0,0,0,0,0,0,0,0
1521409896723.38,112.415979003906,0,1,6000,0.009644189,0,0,-1,-1,-1,-1,0,0,0,0,0,0,0,0,0
1521409896805.46,112.416296386719,0,1,6000,0.009603865,0,0,-1,-1,-1,-1,0,0,0,0,0,0,0,0,0
1521409896873.16,112.416345214844,0,1,6000,0.009598334,0,0,-1,-1,-1,-1,0,0,0,0,0,0,0,0,0
1521409896955.32,112.416125488281,0,1,6000,0.009568191,0,0,-1,-1,-1,-1,0,0,0,0,0,0,0,0,0
1521409897022.88,112.416003417969,0,1,6000,0.009533657,0,0,-1,-1,-1,-1,0,0,0,0,0,0,0,0,0
1521409897106.88,112.415844726563,0,1,6000,0.009454845,0,0,-1,-1,-1,-1,0,0,0,0,0,0,0,0,0
1521409897184.79,112.416015625,0,1,6000,0.009398039,0,0,-1,-1,-1,-1,0,0,0,0,0,0,0,0,0
1521409897256.53,112.416357421875,0,1,6000,0.009324829,0,0,-1,-1,-1,-1,0,0,0,0,0,0,0,0,0
1521409897339.89,112.416357421875,0,1,6000,0.009265824,0,0,-1,-1,-1,-1,0,0,0,0,0,0,0,0,0
1521409897425.51,112.416345214844,0,1,6000,0.009190843,0,0,-1,-1,-1,-1,0,0,0,0,0,0,0,0,0
1521409897505.26,112.416333007813,0,1,6000,0.009100772,0,0,-1,-1,-1,-1,0,0,0,0,0,0,0,0,0
1521409897573.56,112.416247558594,0,1,6000,0.009035422,0,0,-1,-1,-1,-1,0,0,0,0,0,0,0,0,0
1521409897656.66,112.416162109375,0,1,6000,0.008991081,0,0,-1,-1,-1,-1,0,0,0,0,0,0,0,0,0
1521409897740.82,112.416174316406,0,1,6000,0.008991635,0,0,-1,-1,-1,-1,0,0,0,0,0,0,0,0,0
1521409897822.65,112.416198730469,0,1,6000,0.009013365,0,0,-1,-1,-1,-1,0,0,0,0,0,0,0,0,0
1521409897890.32,112.416259765625,0,1,6000,0.009020909,0,0,-1,-1,-1,-1,0,0,0,0,0,0,0,0,0
1521409897972.2,112.416162109375,0,1,6000,0.009010521,0,0,-1,-1,-1,-1,0,0,0,0,0,0,0,0,0
1521409898040.27,112.415698242188,0,1,6000,0.008980965,0,0,-1,-1,-1,-1,0,0,0,0,0,0,0,0,0
1521409898111.33,112.415576171875,0,1,6000,0.008911666,0,0,-1,-1,-1,-1,0,0,0,0,0,0,0,0,0
1521409898216.27,112.415844726563,0,1,6000,0.008805755,0,0,-1,-1,-1,-1,0,0,0,0,0,0,0,0,0
1521409898288.3,112.416064453125,0,1,6000,0.0087027,0,0,-1,-1,-1,-1,0,0,0,0,0,0,0,0,0
1521409898356.06,112.416394042969,0,1,6000,0.008623314,0,0,-1,-1,-1,-1,0,0,0,0,0,0,0,0,0
1521409898423.38,112.416442871094,0,1,6000,0.008544306,0,0,-1,-1,-1,-1,0,0,0,0,0,0,0,0,0
1521409898505.65,112.416430664063,0,1,6000,0.008453062,0,0,-1,-1,-1,-1,0,0,0,0,0,0,0,0,0
1521409898572.6,112.416345214844,0,1,6000,0.008393284,0,0,-1,-1,-1,-1,0,0,0,0,0,0,0,0,0
1521409898659.95,112.416320800781,0,1,6000,0.008349326,0,0,-1,-1,-1,-1,0,0,0,0,0,0,0,0,0
1521409898739.23,112.416040039063,0,1,6000,0.00832542,0,0,-1,-1,-1,-1,0,0,0,0,0,0,0,0,0
1521409898806.43,112.416088867188,0,1,6000,0.008279865,0,0,-1,-1,-1,-1,0,0,0,0,0,0,0,0,0
1521409898873.14,112.416149902344,0,1,6000,0.008242856,0,0,-1,-1,-1,-1,0,0,0,0,0,0,0,0,0
1521409898956.22,112.416369628906,0,1,6000,0.008199355,0,0,-1,-1,-1,-1,0,0,0,0,0,0,0,0,0
1521409899028.5,112.416357421875,0,1,6000,0.008164118,0,0,-1,-1,-1,-1,0,0,0,0,0,0,0,0,0
1521409899106.22,112.416357421875,0,1,6000,0.008115768,0,0,-1,-1,-1,-1,0,0,0,0,0,0,0,0,0
1521409899189.61,112.416357421875,0,1,6000,0.008057678,0,0,-1,-1,-1,-1,0,0,0,0,0,0,0,0,0
1521409899256.72,112.416320800781,0,1,6000,0.008011684,0,0,-1,-1,-1,-1,0,0,0,0,0,0,0,0,0
1521409899328.45,112.416320800781,0,1,6000,0.007949356,0,0,-1,-1,-1,-1,0,0,0,0,0,0,0,0,0
1521409899405.7,112.416357421875,0,1,6000,0.007902477,0,0,-1,-1,-1,-1,0,0,0,0,0,0,0,0,0
1521409899473.1,112.416333007813,0,1,6000,0.007870147,0,0,-1,-1,-1,-1,0,0,0,0,0,0,0,0,0
1521409899542.09,112.416320800781,0,1,6000,0.007875008,0,0,-1,-1,-1,-1,0,0,0,0,0,0,0,0,0
1521409899625.48,112.416357421875,0,1,6000,0.007907393,0,0,-1,-1,-1,-1,0,0,0,0,0,0,0,0,0
1521409899706.83,112.416357421875,0,1,6000,0.007996177,0,0,-1,-1,-1,-1,0,0,0,0,0,0,0,0,0
1521409899790.1,112.416345214844,0,1,6000,0.008062416,0,0,-1,-1,-1,-1,0,0,0,0,0,0,0,0,0
1521409899857.12,112.416345214844,0,1,6000,0.008108445,0,0,-1,-1,-1,-1,0,0,0,0,0,0,0,0,0
1521409899926.51,112.416125488281,0,1,6000,0.008153717,0,0,-1,-1,-1,-1,0,0,0,0,0,0,0,0,0
1521409900009.02,112.414819335938,0,1,6000,0.008151565,0,0,-1,-1,-1,-1,0,0,0,0,0,0,0,0,0
1521409900077.08,112.413232421875,0,1,6000,0.008113264,0,0,-1,-1,-1,-1,0,0,0,0,0,0,0,0,0
1521409900148.34,112.411975097656,0,1,6000,0.008024257,0,0,-1,-1,-1,-1,0,0,0,0,0,0,0,0,0
1521409900236.38,112.412536621094,0,1,6000,0.007894867,0,0,-1,-1,-1,-1,0,0,0,0,0,0,0,0,0
1521409900310.19,112.414099121094,0,1,6000,0.007735576,0,0,-1,-1,-1,-1,0,0,0,0,0,0,0,0,0
1521409900384.08,112.415905761719,0,1,6000,0.007603034,0,0,-1,-1,-1,-1,0,0,0,0,0,0,0,0,0
1521409900459.81,112.416052246094,0,1,6000,0.007502872,0,0,-1,-1,-1,-1,0,0,0,0,0,0,0,0,0
1521409900541.56,112.416333007813,0,1,6000,0.00740399,0,0,-1,-1,-1,-1,0,0,0,0,0,0,0,0,0
1521409900613.89,112.416345214844,0,1,6000,0.007292639,0,0,-1,-1,-1,-1,0,0,0,0,0,0,0,0,0
1521409900688.2,112.416333007813,0,1,6000,0.007173332,0,0,-1,-1,-1,-1,0,0,0,0,0,0,0,0,0
1521409900758.59,112.41630859375,0,1,6000,0.007076074,0,0,-1,-1,-1,-1,0,0,0,0,0,0,0,0,0
1521409900848.53,112.416320800781,0,1,6000,0.006909355,0,0,-1,-1,-1,-1,0,0,0,0,0,0,0,0,0
1521409900922.05,112.41630859375,0,1,6000,0.006809268,0,0,-1,-1,-1,-1,0,0,0,0,0,0,0,0,0
1521409900991.5,112.416296386719,0,1,6000,0.006676611,0,0,-1,-1,-1,-1,0,0,0,0,0,0,0,0,0
1521409901073.5,112.416369628906,0,1,6000,0.006544916,0,0,-1,-1,-1,-1,0,0,0,0,0,0,0,0,0
1521409901160.41,112.416320800781,0,1,6000,0.006413615,0,0,-1,-1,-1,-1,0,0,0,0,0,0,0,0,0
1521409901240.93,112.416345214844,0,1,6000,0.006282452,0,0,-1,-1,-1,-1,0,0,0,0,0,0,0,0,0
1521409901323.31,112.416333007813,0,1,6000,0.006151457,0,0,-1,-1,-1,-1,0,0,0,0,0,0,0,0,0
1521409901406.71,112.416345214844,0,1,6000,0.006014955,0,0,-1,-1,-1,-1,0,0,0,0,0,0,0,0,0
1521409901488.6,112.416345214844,0,1,6000,0.005949997,0,0,-1,-1,-1,-1,0,0,0,0,0,0,0,0,0
1521409901557.17,112.416357421875,0,1,6000,0.00592393,0,0,-1,-1,-1,-1,0,0,0,0,0,0,0,0,0
1521409901639.79,112.416345214844,0,1,6000,0.005920842,0,0,-1,-1,-1,-1,0,0,0,0,0,0,0,0,0
1521409901707.57,112.416369628906,0,1,6000,0.005914367,0,0,-1,-1,-1,-1,0,0,0,0,0,0,0,0,0
1521409901790.3,112.416320800781,0,1,6000,0.00590201,0,0,-1,-1,-1,-1,0,0,0,0,0,0,0,0,0
1521409901858.55,112.41640625,0,1,6000,0.005890778,0,0,-1,-1,-1,-1,0,0,0,0,0,0,0,0,0
1521409901932,112.416333007813,0,1,6000,0.005874099,0,0,-1,-1,-1,-1,0,0,0,0,0,0,0,0,0
1521409902001,112.416333007813,0,1,6000,0.005861221,0,0,-1,-1,-1,-1,0,0,0,0,0,0,0,0,0
1521409902084.15,112.416333007813,0,1,6000,0.005843664,0,0,-1,-1,-1,-1,0,0,0,0,0,0,0,0,0
1521409902157.94,112.416320800781,0,1,6000,0.005825913,0,0,-1,-1,-1,-1,0,0,0,0,0,0,0,0,0
1521409902231.8,112.416357421875,0,1,6000,0.005808012,0,0,-1,-1,-1,-1,0,0,0,0,0,0,0,0,0
1521409902305.39,112.416357421875,0,1,6000,0.005794654,0,0,-1,-1,-1,-1,0,0,0,0,0,0,0,0,0
1521409902378.42,112.416516113281,0,1,6000,0.005796609,0,0,-1,-1,-1,-1,0,0,0,0,0,0,0,0,0
1521409902447.53,112.416345214844,0,1,6000,0.005843876,0,0,-1,-1,-1,-1,0,0,0,0,0,0,0,0,0
1521409902523.78,112.416650390625,0,1,6000,0.005897422,0,0,-1,-1,-1,-1,0,0,0,0,0,0,0,0,0
1521409902596.67,112.416357421875,0,1,6000,0.00600713,0,0,-1,-1,-1,-1,0,0,0,0,0,0,0,0,0
1521409902665.91,112.416333007813,0,1,6000,0.006089254,0,0,-1,-1,-1,-1,0,0,0,0,0,0,0,0,0
1521409902735.24,112.416369628906,0,1,6000,0.006193372,0,0,-1,-1,-1,-1,0,0,0,0,0,0,0,0,0
1521409902812.86,112.416394042969,0,1,6000,0.006293552,0,0,-1,-1,-1,-1,0,0,0,0,0,0,0,0,0
1521409902880.31,112.416345214844,0,1,6000,0.006367846,0,0,-1,-1,-1,-1,0,0,0,0,0,0,0,0,0
1521409902958.48,112.416345214844,0,1,6000,0.006465911,0,0,-1,-1,-1,-1,0,0,0,0,0,0,0,0,0
1521409903041.16,112.41630859375,0,1,6000,0.006563826,0,0,-1,-1,-1,-1,0,0,0,0,0,0,0,0,0
1521409903109.7,112.416320800781,0,1,6000,0.00666182,0,0,-1,-1,-1,-1,0,0,0,0,0,0,0,0,0
1521409903181.7,112.416333007813,0,1,6000,0.006735063,0,0,-1,-1,-1,-1,0,0,0,0,0,0,0,0,0
1521409903259.55,112.416320800781,0,1,6000,0.006833068,0,0,-1,-1,-1,-1,0,0,0,0,0,0,0,0,0
1521409903344.99,112.416870117188,0,1,6000,0.006946307,0,0,-1,-1,-1,-1,0,0,0,0,0,0,0,0,0
1521409903426.81,112.416394042969,0,1,6000,0.007150963,0,0,-1,-1,-1,-1,0,0,0,0,0,0,0,0,0
1521409903509.13,112.41630859375,0,1,6000,0.007358633,0,0,-1,-1,-1,-1,0,0,0,0,0,0,0,0,0
1521409903598.54,112.416345214844,0,1,6000,0.007588212,0,0,-1,-1,-1,-1,0,0,0,0,0,0,0,0,0
1521409903676.82,112.416333007813,0,1,6000,0.007811704,0,0,-1,-1,-1,-1,0,0,0,0,0,0,0,0,0
1521409903746.55,112.415783691406,0,1,6000,0.008001814,0,0,-1,-1,-1,-1,0,0,0,0,0,0,0,0,0
1521409903827.23,112.41650390625,0,1,6000,0.008162945,0,0,-1,-1,-1,-1,0,0,0,0,0,0,0,0,0
1521409903899.94,112.414196777344,0,1,6000,0.008333591,0,0,-1,-1,-1,-1,0,0,0,0,0,0,0,0,0
1521409903986.59,112.417724609375,0,1,6000,0.00862306,0,0,-1,-1,-1,-1,0,0,0,0,0,0,0,0,0
1521409904065.38,112.412487792969,0,1,6000,0.008732418,0,0,-1,-1,-1,-1,0,0,0,0,0,0,0,0,0
1521409904132.58,112.413732910156,0,1,6000,0.008792489,0,0,-1,-1,-1,-1,0,0,0,0,0,0,0,0,0
1521409904214.05,112.4146484375,0,1,6000,0.00880249,0,0,-1,-1,-1,-1,0,0,0,0,0,0,0,0,0
1521409904281.81,112.416064453125,0,1,6000,0.008778902,0,0,-1,-1,-1,-1,0,0,0,0,0,0,0,0,0
1521409904360.8,112.415197753906,0,1,6000,0.008806269,0,0,-1,-1,-1,-1,0,0,0,0,0,0,0,0,0
1521409904429.92,112.419201660156,0,1,6000,0.008855701,0,0,-1,-1,-1,-1,0,0,0,0,0,0,0,0,0
1521409904509.4,112.415795898438,0,1,6000,0.008901504,0,0,-1,-1,-1,-1,0,0,0,0,0,0,0,0,0
1521409904582.61,112.416149902344,0,1,6000,0.008890542,0,0,-1,-1,-1,-1,0,0,0,0,0,0,0,0,0
1521409904663.71,112.416198730469,0,1,6000,0.0088278,0,0,-1,-1,-1,-1,0,0,0,0,0,0,0,0,0
1521409904748.54,112.416394042969,0,1,6000,0.008696296,0,0,-1,-1,-1,-1,0,0,0,0,0,0,0,0,0
1521409904826.79,112.416638183594,0,1,6000,0.008585357,0,0,-1,-1,-1,-1,0,0,0,0,0,0,0,0,0
1521409904908.68,112.41669921875,0,1,6000,0.008474281,0,0,-1,-1,-1,-1,0,0,0,0,0,0,0,0,0
1521409904981.29,112.416613769531,0,1,6000,0.008375957,0,0,-1,-1,-1,-1,0,0,0,0,0,0,0,0,0
1521409905057.54,112.416613769531,0,1,6000,0.00822878,0,0,-1,-1,-1,-1,0,0,0,0,0,0,0,0,0
1521409905144.13,112.416369628906,0,1,6000,0.008055693,0,0,-1,-1,-1,-1,0,0,0,0,0,0,0,0,0
1521409905217.15,112.418273925781,0,1,6000,0.007853554,0,0,-1,-1,-1,-1,0,0,0,0,0,0,0,0,0
1521409905291.11,112.41572265625,0,1,6000,0.00775276,0,0,-1,-1,-1,-1,0,0,0,0,0,0,0,0,0
1521409905358.93,112.417248535156,0,1,6000,0.00769231,0,0,-1,-1,-1,-1,0,0,0,0,0,0,0,0,0
1521409905425.76,112.415161132813,0,1,6000,0.007649854,0,0,-1,-1,-1,-1,0,0,0,0,0,0,0,0,0
1521409905508.55,112.416198730469,0,1,6000,0.007552264,0,0,-1,-1,-1,-1,0,0,0,0,0,0,0,0,0
1521409905588.97,112.416137695313,0,1,6000,0.00741993,0,0,-1,-1,-1,-1,0,0,0,0,0,0,0,0,0
1521409905655.63,112.416186523438,0,1,6000,0.007289716,0,0,-1,-1,-1,-1,0,0,0,0,0,0,0,0,0
1521409905725.54,112.416186523438,0,1,6000,0.007140412,0,0,-1,-1,-1,-1,0,0,0,0,0,0,0,0,0
1521409905793.29,112.416809082031,0,1,6000,0.00692332,0,0,-1,-1,-1,-1,0,0,0,0,0,0,0,0,0
1521409905878.4,112.418872070313,0,1,6000,0.006717609,0,0,-1,-1,-1,-1,0,0,0,0,0,0,0,0,0
1521409905949.09,112.41630859375,0,1,6000,0.006561603,0,0,-1,-1,-1,-1,0,0,0,0,0,0,0,0,0
1521409906024.7,112.419604492188,0,1,6000,0.006427096,0,0,-1,-1,-1,-1,0,0,0,0,0,0,0,0,0
1521409906106.93,112.415698242188,0,1,6000,0.006176809,0,0,-1,-1,-1,-1,0,0,0,0,0,0,0,0,0
1521409906175.61,112.4162109375,0,1,6000,0.006066221,0,0,-1,-1,-1,-1,0,0,0,0,0,0,0,0,0
1521409906258.05,112.416369628906,0,1,6000,0.005943792,0,0,-1,-1,-1,-1,0,0,0,0,0,0,0,0,0
1521409906330.09,112.41630859375,0,1,6000,0.005881896,0,0,-1,-1,-1,-1,0,0,0,0,0,0,0,0,0
1521409906408.61,112.416345214844,0,1,6000,0.005833645,0,0,-1,-1,-1,-1,0,0,0,0,0,0,0,0,0
1521409906487.25,112.41640625,0,1,6000,0.005777254,0,0,-1,-1,-1,-1,0,0,0,0,0,0,0,0,0
1521409906563.76,112.416198730469,0,1,6000,0.005724829,0,0,-1,-1,-1,-1,0,0,0,0,0,0,0,0,0
1521409906630.65,112.415795898438,0,1,6000,0.00562068,0,0,-1,-1,-1,-1,0,0,0,0,0,0,0,0,0
1521409906707.92,112.415783691406,0,1,6000,0.005497239,0,0,-1,-1,-1,-1,0,0,0,0,0,0,0,0,0
1521409906775.72,112.415893554688,0,1,6000,0.005401402,0,0,-1,-1,-1,-1,0,0,0,0,0,0,0,0,0
1521409906858.01,112.416174316406,0,1,6000,0.005268931,0,0,-1,-1,-1,-1,0,0,0,0,0,0,0,0,0
1521409906940.27,112.416357421875,0,1,6000,0.005142896,0,0,-1,-1,-1,-1,0,0,0,0,0,0,0,0,0
1521409907009.84,112.416809082031,0,1,6000,0.005039061,0,0,-1,-1,-1,-1,0,0,0,0,0,0,0,0,0
1521409907076.69,112.41640625,0,1,6000,0.004997559,0,0,-1,-1,-1,-1,0,0,0,0,0,0,0,0,0
1521409907156.79,112.41650390625,0,1,6000,0.004951495,0,0,-1,-1,-1,-1,0,0,0,0,0,0,0,0,0
1521409907225.92,112.416345214844,0,1,6000,0.004962347,0,0,-1,-1,-1,-1,0,0,0,0,0,0,0,0,0
1521409907311.57,112.41640625,0,1,6000,0.004987,0,0,-1,-1,-1,-1,0,0,0,0,0,0,0,0,0
1521409907380.32,112.416320800781,0,1,6000,0.004996194,0,0,-1,-1,-1,-1,0,0,0,0,0,0,0,0,0
1521409907447.68,112.416369628906,0,1,6000,0.005004338,0,0,-1,-1,-1,-1,0,0,0,0,0,0,0,0,0
1521409907526.3,112.41630859375,0,1,6000,0.00501033,0,0,-1,-1,-1,-1,0,0,0,0,0,0,0,0,0
1521409907594.11,112.416369628906,0,1,6000,0.005014531,0,0,-1,-1,-1,-1,0,0,0,0,0,0,0,0,0
1521409907667.6,112.416235351563,0,1,6000,0.00500832,0,0,-1,-1,-1,-1,0,0,0,0,0,0,0,0,0
1521409907737.43,112.416101074219,0,1,6000,0.004989481,0,0,-1,-1,-1,-1,0,0,0,0,0,0,0,0,0
1521409907820.67,112.4162109375,0,1,6000,0.004963808,0,0,-1,-1,-1,-1,0,0,0,0,0,0,0,0,0
1521409907895.33,112.416174316406,0,1,6000,0.004992902,0,0,-1,-1,-1,-1,0,0,0,0,0,0,0,0,0
1521409907963.61,112.415991210938,0,1,6000,0.00503976,0,0,-1,-1,-1,-1,0,0,0,0,0,0,0,0,0
1521409908034.15,112.415307617188,0,1,6000,0.005115897,0,0,-1,-1,-1,-1,0,0,0,0,0,0,0,0,0
1521409908195.18,112.415368652344,0,1,6000,0.005265156,0,0,-1,-1,-1,-1,0,0,0,0,0,0,0,0,0
1521409908264.87,112.415466308594,0,1,6000,0.00529121,0,0,-1,-1,-1,-1,0,0,0,0,0,0,0,0,0
1521409908339.05,112.415759277344,0,1,6000,0.005294079,0,0,-1,-1,-1,-1,0,0,0,0,0,0,0,0,0
1521409908407.95,112.415649414063,0,1,6000,0.005258253,0,0,-1,-1,-1,-1,0,0,0,0,0,0,0,0,0
1521409908488.03,112.415710449219,0,1,6000,0.005183276,0,0,-1,-1,-1,-1,0,0,0,0,0,0,0,0,0
1521409908563.04,112.415979003906,0,1,6000,0.005102943,0,0,-1,-1,-1,-1,0,0,0,0,0,0,0,0,0
1521409908634.26,112.416003417969,0,1,6000,0.004973575,0,0,-1,-1,-1,-1,0,0,0,0,0,0,0,0,0
1521409908705.28,112.415979003906,0,1,6000,0.004902682,0,0,-1,-1,-1,-1,0,0,0,0,0,0,0,0,0
1521409908776.75,112.415893554688,0,1,6000,0.004831609,0,0,-1,-1,-1,-1,0,0,0,0,0,0,0,0,0
1521409908856.75,112.415698242188,0,1,6000,0.004796806,0,0,-1,-1,-1,-1,0,0,0,0,0,0,0,0,0
1521409908938.43,112.415783691406,0,1,6000,0.00477648,0,0,-1,-1,-1,-1,0,0,0,0,0,0,0,0,0
1521409909007.45,112.415869140625,0,1,6000,0.004715291,0,0,-1,-1,-1,-1,0,0,0,0,0,0,0,0,0
1521409909076.04,112.415759277344,0,1,6000,0.004641814,0,0,-1,-1,-1,-1,0,0,0,0,0,0,0,0,0
1521409909148.7,112.415783691406,0,1,6000,0.004511793,0,0,-1,-1,-1,-1,0,0,0,0,0,0,0,0,0
1521409909220.58,112.415771484375,0,1,6000,0.004391155,0,0,-1,-1,-1,-1,0,0,0,0,0,0,0,0,0
1521409909291.53,112.415747070313,0,1,6000,0.004201643,0,0,-1,-1,-1,-1,0,0,0,0,0,0,0,0,0
1521409909363.66,112.415698242188,0,1,6000,0.004037519,0,0,-1,-1,-1,-1,0,0,0,0,0,0,0,0,0
1521409909438.27,112.416088867188,0,1,6000,0.003808149,0,0,-1,-1,-1,-1,0,0,0,0,0,0,0,0,0
1521409909510.39,112.415710449219,0,1,6000,0.003651245,0,0,-1,-1,-1,-1,0,0,0,0,0,0,0,0,0
1521409909588.69,112.416320800781,0,1,6000,0.003508414,0,0,-1,-1,-1,-1,0,0,0,0,0,0,0,0,0
1521409909677.72,112.416088867188,0,1,6000,0.003430495,0,0,-1,-1,-1,-1,0,0,0,0,0,0,0,0,0
1521409909755.01,112.4162109375,0,1,6000,0.00333242,0,0,-1,-1,-1,-1,0,0,0,0,0,0,0,0,0
1521409909822.49,112.416259765625,0,1,6000,0.003231564,0,0,-1,-1,-1,-1,0,0,0,0,0,0,0,0,0
1521409909890.66,112.416088867188,0,1,6000,0.003064511,0,0,-1,-1,-1,-1,0,0,0,0,0,0,0,0,0
1521409909958.29,112.416088867188,0,1,6000,0.002920108,0,0,-1,-1,-1,-1,0,0,0,0,0,0,0,0,0
1521409910026.17,112.416052246094,0,1,6000,0.002705443,0,0,-1,-1,-1,-1,0,0,0,0,0,0,0,0,0
1521409910107.89,112.416076660156,0,1,6000,0.002467934,0,0,-1,-1,-1,-1,0,0,0,0,0,0,0,0,0
1521409910175.23,112.416528320313,0,1,6000,0.002318826,0,0,-1,-1,-1,-1,0,0,0,0,0,0,0,0,0
1521409910255.06,112.416076660156,0,1,6000,0.002187034,0,0,-1,-1,-1,-1,0,0,0,0,0,0,0,0,0
1521409910323.16,112.416638183594,0,1,6000,0.002110382,0,0,-1,-1,-1,-1,0,0,0,0,0,0,0,0,0
1521409910403.44,112.416027832031,0,1,6000,0.002076397,0,0,-1,-1,-1,-1,0,0,0,0,0,0,0,0,0
1521409910474.93,112.415991210938,0,1,6000,0.002019408,0,0,-1,-1,-1,-1,0,0,0,0,0,0,0,0,0
1521409910542.45,112.415869140625,0,1,6000,0.001949225,0,0,-1,-1,-1,-1,0,0,0,0,0,0,0,0,0
1521409910623.03,112.415759277344,0,1,6000,0.001822997,0,0,-1,-1,-1,-1,0,0,0,0,0,0,0,0,0
1521409910709.82,112.415759277344,0,1,6000,0.001618368,0,0,-1,-1,-1,-1,0,0,0,0,0,0,0,0,0
1521409910794.53,112.415698242188,0,1,6000,0.001420275,0,0,-1,-1,-1,-1,0,0,0,0,0,0,0,0,0
1521409910902.7,112.415515136719,0,1,6000,0.00125864,0,0,-1,-1,-1,-1,0,0,0,0,0,0,0,0,0
1521409910979.38,112.414721679688,0,1,6000,0.001166468,0,0,-1,-1,-1,-1,0,0,0,0,0,0,0,0,0
1521409911062.89,112.41533203125,0,1,6000,0.001157752,0,0,-1,-1,-1,-1,0,0,0,0,0,0,0,0,0
1521409911141.47,112.415454101563,0,1,6000,0.001126303,0,0,-1,-1,-1,-1,0,0,0,0,0,0,0,0,0
1521409911225.56,112.415441894531,0,1,6000,0.001044421,0,0,-1,-1,-1,-1,0,0,0,0,0,0,0,0,0
1521409911292.38,112.41552734375,0,1,6000,0.0009151541,0,0,-1,-1,-1,-1,0,0,0,0,0,0,0,0,0
1521409911383.03,112.415612792969,0,1,6000,0.0007435464,0,0,-1,-1,-1,-1,0,0,0,0,0,0,0,0,0
1521409911454.48,112.4146484375,0,1,6000,0.0005419722,0,0,-1,-1,-1,-1,0,0,0,0,0,0,0,0,0
1521409911525.14,112.415502929688,0,1,6000,0.0004708546,0,0,-1,-1,-1,-1,0,0,0,0,0,0,0,0,0
1521409911592.18,112.415014648438,0,1,6000,0.0003873689,0,0,-1,-1,-1,-1,0,0,0,0,0,0,0,0,0
1521409911675.41,112.415600585938,0,1,6000,0.0004042326,0,0,-1,-1,-1,-1,0,0,0,0,0,0,0,0,0
1521409911753.39,112.415563964844,0,1,6000,0.0004129313,0,0,-1,-1,-1,-1,0,0,0,0,0,0,0,0,0
1521409911821.01,112.415551757813,0,1,6000,0.0003837971,0,0,-1,-1,-1,-1,0,0,0,0,0,0,0,0,0
1521409911889.5,112.415478515625,0,1,6000,0.0003003093,0,0,-1,-1,-1,-1,0,0,0,0,0,0,0,0,0
1521409911971.07,112.415295410156,0,1,6000,0.0001662799,0,0,-1,-1,-1,-1,0,0,0,0,0,0,0,0,0
1521409912038.54,112.414282226563,0,1,6000,3.914947E-05,0,0,-1,-1,-1,-1,0,0,0,0,0,0,0,0,0
1521409912105.12,112.41484375,0,1,6000,-8.464796E-06,0,0,-1,-1,-1,-1,0,0,0,0,0,0,0,0,0
1521409912187.33,112.414050292969,0,1,6000,-5.300063E-05,0,0,-1,-1,-1,-1,0,0,0,0,0,0,0,0,0
1521409912255.29,112.412524414063,0,1,6000,-2.558467E-05,0,0,-1,-1,-1,-1,0,0,0,0,0,0,0,0,0
1521409912325.34,112.411206054688,0,1,6000,-3.306925E-05,0,0,-1,-1,-1,-1,0,0,0,0,0,0,0,0,0
1521409912404.27,112.412231445313,0,1,6000,-0.0001070154,0,0,-1,-1,-1,-1,0,0,0,0,0,0,0,0,0
1521409912487.72,112.412927246094,0,1,6000,-0.0002938866,0,0,-1,-1,-1,-1,0,0,0,0,0,0,0,0,0
1521409912554.84,112.413159179688,0,1,6000,-0.0004635203,0,0,-1,-1,-1,-1,0,0,0,0,0,0,0,0,0
1521409912625.5,112.414526367188,0,1,6000,-0.0006235288,0,0,-1,-1,-1,-1,0,0,0,0,0,0,0,0,0
1521409912704.11,112.413391113281,0,1,6000,-0.000769348,0,0,-1,-1,-1,-1,0,0,0,0,0,0,0,0,0
1521409912771.24,112.413513183594,0,1,6000,-0.0009038797,0,0,-1,-1,-1,-1,0,0,0,0,0,0,0,0,0
1521409912854.91,112.413391113281,0,1,6000,-0.0009970814,0,0,-1,-1,-1,-1,0,0,0,0,0,0,0,0,0
1521409912938.21,112.413354492188,0,1,6000,-0.001178384,0,0,-1,-1,-1,-1,0,0,0,0,0,0,0,0,0
1521409913005.4,112.413391113281,0,1,6000,-0.001376559,0,0,-1,-1,-1,-1,0,0,0,0,0,0,0,0,0
1521409913072.72,112.413366699219,0,1,6000,-0.001716082,0,0,-1,-1,-1,-1,0,0,0,0,0,0,0,0,0
1521409913154.29,112.413256835938,0,1,6000,-0.002019258,0,0,-1,-1,-1,-1,0,0,0,0,0,0,0,0,0
1521409913221.5,112.413562011719,0,1,6000,-0.002210969,0,0,-1,-1,-1,-1,0,0,0,0,0,0,0,0,0
1521409913305.38,112.414440917969,0,1,6000,-0.002426019,0,0,-1,-1,-1,-1,0,0,0,0,0,0,0,0,0
1521409913372.01,112.414367675781,0,1,6000,-0.002586456,0,0,-1,-1,-1,-1,0,0,0,0,0,0,0,0,0
1521409913454.41,112.414245605469,0,1,6000,-0.00283416,0,0,-1,-1,-1,-1,0,0,0,0,0,0,0,0,0
1521409913540.63,112.414050292969,0,1,6000,-0.0031694,0,0,-1,-1,-1,-1,0,0,0,0,0,0,0,0,0
1521409913638.81,112.413952636719,0,1,6000,-0.003597176,0,0,-1,-1,-1,-1,0,0,0,0,0,0,0,0,0
1521409913709.85,112.413952636719,0,1,6000,-0.003856395,0,0,-1,-1,-1,-1,0,0,0,0,0,0,0,0,0
1521409913788.74,112.413928222656,0,1,6000,-0.004053344,0,0,-1,-1,-1,-1,0,0,0,0,0,0,0,0,0
1521409913873.14,112.414001464844,0,1,6000,-0.004220436,0,0,-1,-1,-1,-1,0,0,0,0,0,0,0,0,0
1521409913957.76,112.41396484375,0,1,6000,-0.004469052,0,0,-1,-1,-1,-1,0,0,0,0,0,0,0,0,0
1521409914038.7,112.413940429688,0,1,6000,-0.00479709,0,0,-1,-1,-1,-1,0,0,0,0,0,0,0,0,0
1521409914121.35,112.413952636719,0,1,6000,-0.005073577,0,0,-1,-1,-1,-1,0,0,0,0,0,0,0,0,0
1521409914204.78,112.413916015625,0,1,6000,-0.005305077,0,0,-1,-1,-1,-1,0,0,0,0,0,0,0,0,0
1521409914273.7,112.413989257813,0,1,6000,-0.00544802,0,0,-1,-1,-1,-1,0,0,0,0,0,0,0,0,0
1521409914341.14,112.413952636719,0,1,6000,-0.00555156,0,0,-1,-1,-1,-1,0,0,0,0,0,0,0,0,0
1521409914420.33,112.414013671875,0,1,6000,-0.005760752,0,0,-1,-1,-1,-1,0,0,0,0,0,0,0,0,0
1521409914487.64,112.413977050781,0,1,6000,-0.00605033,0,0,-1,-1,-1,-1,0,0,0,0,0,0,0,0,0
1521409914571.26,112.413952636719,0,1,6000,-0.006290838,0,0,-1,-1,-1,-1,0,0,0,0,0,0,0,0,0
1521409914667.28,112.416271972656,0,1,6000,-0.006523301,0,0,-1,-1,-1,-1,0,0,0,0,0,0,0,0,0
1521409914737.74,112.415515136719,0,1,6000,-0.006576964,0,0,-1,-1,-1,-1,0,0,0,0,0,0,0,0,0
1521409914823.46,112.415258789063,0,1,6000,-0.006670565,0,0,-1,-1,-1,-1,0,0,0,0,0,0,0,0,0
1521409914903.21,112.414892578125,0,1,6000,-0.006844666,0,0,-1,-1,-1,-1,0,0,0,0,0,0,0,0,0
1521409914971.56,112.415222167969,0,1,6000,-0.007089077,0,0,-1,-1,-1,-1,0,0,0,0,0,0,0,0,0
1521409915040.79,112.414147949219,0,1,6000,-0.007204428,0,0,-1,-1,-1,-1,0,0,0,0,0,0,0,0,0
1521409915123.2,112.414270019531,0,1,6000,-0.00735138,0,0,-1,-1,-1,-1,0,0,0,0,0,0,0,0,0
1521409915203.94,112.414428710938,0,1,6000,-0.007409259,0,0,-1,-1,-1,-1,0,0,0,0,0,0,0,0,0
1521409915288.03,112.414562988281,0,1,6000,-0.007507054,0,0,-1,-1,-1,-1,0,0,0,0,0,0,0,0,0
1521409915356.01,112.414501953125,0,1,6000,-0.007619365,0,0,-1,-1,-1,-1,0,0,0,0,0,0,0,0,0
1521409915423,112.414453125,0,1,6000,-0.007769018,0,0,-1,-1,-1,-1,0,0,0,0,0,0,0,0,0
1521409915503.82,112.414514160156,0,1,6000,-0.007934576,0,0,-1,-1,-1,-1,0,0,0,0,0,0,0,0,0
1521409915570.82,112.414501953125,0,1,6000,-0.008067804,0,0,-1,-1,-1,-1,0,0,0,0,0,0,0,0,0
1521409915638.53,112.415112304688,0,1,6000,-0.008123364,0,0,-1,-1,-1,-1,0,0,0,0,0,0,0,0,0
1521409915708.16,112.415832519531,0,1,6000,-0.00816318,0,0,-1,-1,-1,-1,0,0,0,0,0,0,0,0,0
1521409915791,112.41572265625,0,1,6000,-0.008256065,0,0,-1,-1,-1,-1,0,0,0,0,0,0,0,0,0
1521409915871.63,112.415710449219,0,1,6000,-0.008409055,0,0,-1,-1,-1,-1,0,0,0,0,0,0,0,0,0
1521409915958.5,112.415441894531,0,1,6000,-0.008562151,0,0,-1,-1,-1,-1,0,0,0,0,0,0,0,0,0
1521409916038.04,112.416076660156,0,1,6000,-0.008641899,0,0,-1,-1,-1,-1,0,0,0,0,0,0,0,0,0
1521409916105.01,112.414794921875,0,1,6000,-0.008683935,0,0,-1,-1,-1,-1,0,0,0,0,0,0,0,0,0
1521409916172.17,112.415844726563,0,1,6000,-0.008684426,0,0,-1,-1,-1,-1,0,0,0,0,0,0,0,0,0
1521409916255.49,112.415893554688,0,1,6000,-0.008714641,0,0,-1,-1,-1,-1,0,0,0,0,0,0,0,0,0
1521409916322.6,112.415844726563,0,1,6000,-0.008763189,0,0,-1,-1,-1,-1,0,0,0,0,0,0,0,0,0
1521409916404.25,112.415783691406,0,1,6000,-0.00885711,0,0,-1,-1,-1,-1,0,0,0,0,0,0,0,0,0
1521409916510.51,112.415869140625,0,1,6000,-0.00892336,0,0,-1,-1,-1,-1,0,0,0,0,0,0,0,0,0
1521409916588.09,112.415026855469,0,1,6000,-0.008926829,0,0,-1,-1,-1,-1,0,0,0,0,0,0,0,0,0
1521409916656.09,112.4158203125,0,1,6000,-0.00888841,0,0,-1,-1,-1,-1,0,0,0,0,0,0,0,0,0
1521409916737.91,112.415710449219,0,1,6000,-0.008859778,0,0,-1,-1,-1,-1,0,0,0,0,0,0,0,0,0
1521409916804.96,112.415563964844,0,1,6000,-0.008866871,0,0,-1,-1,-1,-1,0,0,0,0,0,0,0,0,0
1521409916886.66,112.415661621094,0,1,6000,-0.008924422,0,0,-1,-1,-1,-1,0,0,0,0,0,0,0,0,0
1521409916956.78,112.415234375,0,1,6000,-0.008964358,0,0,-1,-1,-1,-1,0,0,0,0,0,0,0,0,0
1521409917038.71,112.415661621094,0,1,6000,-0.008967359,0,0,-1,-1,-1,-1,0,0,0,0,0,0,0,0,0
1521409917121.84,112.415344238281,0,1,6000,-0.008959997,0,0,-1,-1,-1,-1,0,0,0,0,0,0,0,0,0
1521409917204.12,112.415673828125,0,1,6000,-0.008919418,0,0,-1,-1,-1,-1,0,0,0,0,0,0,0,0,0
1521409917271.27,112.415759277344,0,1,6000,-0.008912878,0,0,-1,-1,-1,-1,0,0,0,0,0,0,0,0,0
1521409917340.46,112.415673828125,0,1,6000,-0.008932945,0,0,-1,-1,-1,-1,0,0,0,0,0,0,0,0,0
1521409917421.29,112.415698242188,0,1,6000,-0.008988895,0,0,-1,-1,-1,-1,0,0,0,0,0,0,0,0,0
1521409917489.18,112.415380859375,0,1,6000,-0.009059397,0,0,-1,-1,-1,-1,0,0,0,0,0,0,0,0,0
1521409917571.69,112.415966796875,0,1,6000,-0.009090239,0,0,-1,-1,-1,-1,0,0,0,0,0,0,0,0,0
1521409917655.33,112.415856933594,0,1,6000,-0.009105866,0,0,-1,-1,-1,-1,0,0,0,0,0,0,0,0,0
1521409917740.36,112.416003417969,0,1,6000,-0.009098693,0,0,-1,-1,-1,-1,0,0,0,0,0,0,0,0,0
1521409917821.17,112.415954589844,0,1,6000,-0.00912172,0,0,-1,-1,-1,-1,0,0,0,0,0,0,0,0,0
1521409917888.12,112.41591796875,0,1,6000,-0.009175237,0,0,-1,-1,-1,-1,0,0,0,0,0,0,0,0,0
1521409917955.83,112.415979003906,0,1,6000,-0.009231073,0,0,-1,-1,-1,-1,0,0,0,0,0,0,0,0,0
1521409918025.65,112.416223144531,0,1,6000,-0.009294196,0,0,-1,-1,-1,-1,0,0,0,0,0,0,0,0,0
1521409918110.09,112.416296386719,0,1,6000,-0.009351246,0,0,-1,-1,-1,-1,0,0,0,0,0,0,0,0,0
1521409918187.68,112.415686035156,0,1,6000,-0.009373986,0,0,-1,-1,-1,-1,0,0,0,0,0,0,0,0,0
1521409918254.39,112.416198730469,0,1,6000,-0.009361034,0,0,-1,-1,-1,-1,0,0,0,0,0,0,0,0,0
1521409918337.5,112.415844726563,0,1,6000,-0.009336942,0,0,-1,-1,-1,-1,0,0,0,0,0,0,0,0,0
1521409918404.17,112.41611328125,0,1,6000,-0.009324655,0,0,-1,-1,-1,-1,0,0,0,0,0,0,0,0,0
1521409918491.41,112.416320800781,0,1,6000,-0.009337529,0,0,-1,-1,-1,-1,0,0,0,0,0,0,0,0,0
1521409918572.11,112.416418457031,0,1,6000,-0.009367103,0,0,-1,-1,-1,-1,0,0,0,0,0,0,0,0,0
1521409918659.33,112.415539550781,0,1,6000,-0.009400352,0,0,-1,-1,-1,-1,0,0,0,0,0,0,0,0,0
1521409918736.99,112.416003417969,0,1,6000,-0.009457907,0,0,-1,-1,-1,-1,0,0,0,0,0,0,0,0,0
1521409918821.14,112.415100097656,0,1,6000,-0.009429752,0,0,-1,-1,-1,-1,0,0,0,0,0,0,0,0,0
1521409918904.28,112.415869140625,0,1,6000,-0.009351849,0,0,-1,-1,-1,-1,0,0,0,0,0,0,0,0,0
1521409918971.54,112.415979003906,0,1,6000,-0.009294627,0,0,-1,-1,-1,-1,0,0,0,0,0,0,0,0,0
1521409919056.19,112.415673828125,0,1,6000,-0.009267472,0,0,-1,-1,-1,-1,0,0,0,0,0,0,0,0,0
1521409919138.79,112.415661621094,0,1,6000,-0.009269834,0,0,-1,-1,-1,-1,0,0,0,0,0,0,0,0,0
1521409919221.44,112.417626953125,0,1,6000,-0.00928429,0,0,-1,-1,-1,-1,0,0,0,0,0,0,0,0,0
1521409919303.88,112.415466308594,0,1,6000,-0.009321823,0,0,-1,-1,-1,-1,0,0,0,0,0,0,0,0,0
1521409919387.21,112.4150390625,0,1,6000,-0.009351558,0,0,-1,-1,-1,-1,0,0,0,0,0,0,0,0,0
1521409919453.92,112.415588378906,0,1,6000,-0.009326861,0,0,-1,-1,-1,-1,0,0,0,0,0,0,0,0,0
1521409919536.81,112.416015625,0,1,6000,-0.009315648,0,0,-1,-1,-1,-1,0,0,0,0,0,0,0,0,0
1521409919620.96,112.416162109375,0,1,6000,-0.009339453,0,0,-1,-1,-1,-1,0,0,0,0,0,0,0,0,0
1521409919707.12,112.41630859375,0,1,6000,-0.009412786,0,0,-1,-1,-1,-1,0,0,0,0,0,0,0,0,0
1521409919787.7,112.416296386719,0,1,6000,-0.009503121,0,0,-1,-1,-1,-1,0,0,0,0,0,0,0,0,0
1521409919869.67,112.416040039063,0,1,6000,-0.009612109,0,0,-1,-1,-1,-1,0,0,0,0,0,0,0,0,0
1521409919937.34,112.416320800781,0,1,6000,-0.009719337,0,0,-1,-1,-1,-1,0,0,0,0,0,0,0,0,0
1521409920005.71,112.415771484375,0,1,6000,-0.00979082,0,0,-1,-1,-1,-1,0,0,0,0,0,0,0,0,0
1521409920087.52,112.416467285156,0,1,6000,-0.009872913,0,0,-1,-1,-1,-1,0,0,0,0,0,0,0,0,0
1521409920154.43,112.4166015625,0,1,6000,-0.009935565,0,0,-1,-1,-1,-1,0,0,0,0,0,0,0,0,0
1521409920237.69,112.416833496094,0,1,6000,-0.01003496,0,0,-1,-1,-1,-1,0,0,0,0,0,0,0,0,0
1521409920304.98,112.416857910156,0,1,6000,-0.01011678,0,0,-1,-1,-1,-1,0,0,0,0,0,0,0,0,0
1521409920371.95,112.416955566406,0,1,6000,-0.01025868,0,0,-1,-1,-1,-1,0,0,0,0,0,0,0,0,0
1521409920438.66,112.416015625,0,1,6000,-0.01040886,0,0,-1,-1,-1,-1,0,0,0,0,0,0,0,0,0
1521409920521.44,112.41728515625,0,1,6000,-0.01060355,0,0,-1,-1,-1,-1,0,0,0,0,0,0,0,0,0
1521409920604.62,112.415344238281,0,1,6000,-0.01075427,0,0,-1,-1,-1,-1,0,0,0,0,0,0,0,0,0
1521409920674.75,112.416174316406,0,1,6000,-0.01080786,0,0,-1,-1,-1,-1,0,0,0,0,0,0,0,0,0
1521409920741.62,112.416333007813,0,1,6000,-0.01084271,0,0,-1,-1,-1,-1,0,0,0,0,0,0,0,0,0
1521409920814.03,112.416430664063,0,1,6000,-0.01089662,0,0,-1,-1,-1,-1,0,0,0,0,0,0,0,0,0
1521409920888.98,112.416357421875,0,1,6000,-0.01095817,0,0,-1,-1,-1,-1,0,0,0,0,0,0,0,0,0
1521409920972.02,112.094934082031,0,1,6000,-0.007388327,0,0,-1,-1,-1,-1,0,0,0,0,0,0,0,0,0
1521409921042.14,112.105395507813,0,1,6000,0.001608538,0,0,-1,-1,-1,-1,0,0,0,0,0,0,0,0,0
1521409921127.11,111.458642578125,0,1,5998.549,0.002301373,0,0,-1,-1,-1,-1,0,0,0,0,0,0,0,0,0
1521409921209.99,113.604821777344,0,1,5998.276,-0.01039461,0,0,-1,-1,-1,-1,0,0,0,0,0,0,0,0,0
1521409921292.07,112.406860351563,0,1,5998.732,-0.01289173,0,0,-1,-1,-1,-1,0,0,0,0,0,0,0,0,0
1521409921376.14,112.405200195313,0,1,5999.168,-0.0123956,0,0,-1,-1,-1,-1,0,0,0,0,0,0,0,0,0
1521409921456.85,112.418286132813,0,1,5999.454,-0.01177958,0,0,-1,-1,-1,-1,0,0,0,0,0,0,0,0,0
1521409921540.3,112.418835449219,0,1,5999.642,-0.01142401,0,0,-1,-1,-1,-1,0,0,0,0,0,0,0,0,0
1521409921622.93,112.417138671875,0,1,5999.765,-0.01125633,0,0,-1,-1,-1,-1,0,0,0,0,0,0,0,0,0
1521409921706.34,112.415771484375,0,1,5999.861,-0.01118211,0,0,-1,-1,-1,-1,0,0,0,0,0,0,0,0,0
1521409921791.79,112.415441894531,0,1,5999.909,-0.01117379,0,0,-1,-1,-1,-1,0,0,0,0,0,0,0,0,0
1521409921880.16,112.415307617188,0,1,5999.94,-0.01118328,0,0,-1,-1,-1,-1,0,0,0,0,0,0,0,0,0
1521409921955.37,112.415270996094,0,1,5999.96,-0.0111993,0,0,-1,-1,-1,-1,0,0,0,0,0,0,0,0,0
1521409922038.67,112.415393066406,0,1,5999.974,-0.0112163,0,0,-1,-1,-1,-1,0,0,0,0,0,0,0,0,0
1521409922123.2,112.415393066406,0,1,5999.983,-0.01122617,0,0,-1,-1,-1,-1,0,0,0,0,0,0,0,0,0
1521409922204.96,112.415393066406,0,1,5999.989,-0.01123011,0,0,-1,-1,-1,-1,0,0,0,0,0,0,0,0,0
1521409922272.21,112.415405273438,0,1,5999.993,-0.01123622,0,0,-1,-1,-1,-1,0,0,0,0,0,0,0,0,0
1521409922357.04,112.415393066406,0,1,5999.995,-0.01124362,0,0,-1,-1,-1,-1,0,0,0,0,0,0,0,0,0
1521409922440.26,112.415393066406,0,1,5999.997,-0.01125013,0,0,-1,-1,-1,-1,0,0,0,0,0,0,0,0,0
1521409922521.77,112.415417480469,0,1,5999.998,-0.0112553,0,0,-1,-1,-1,-1,0,0,0,0,0,0,0,0,0
1521409922589,112.415380859375,0,1,5999.999,-0.01125915,0,0,-1,-1,-1,-1,0,0,0,0,0,0,0,0,0
1521409922673.45,112.415405273438,0,1,6000,-0.01126193,0,0,-1,-1,-1,-1,0,0,0,0,0,0,0,0,0
1521409922755.49,112.415405273438,0,1,6000,-0.01126371,0,0,-1,-1,-1,-1,0,0,0,0,0,0,0,0,0
1521409922822.3,112.415417480469,0,1,6000,-0.01126475,0,0,-1,-1,-1,-1,0,0,0,0,0,0,0,0,0
1521409922897.04,112.415405273438,0,1,6000,-0.01126586,0,0,-1,-1,-1,-1,0,0,0,0,0,0,0,0,0
1521409922975.32,112.415405273438,0,1,6000,-0.01126644,0,0,-1,-1,-1,-1,0,0,0,0,0,0,0,0,0
1521409923056.51,112.415417480469,0,1,6000,-0.01126695,0,0,-1,-1,-1,-1,0,0,0,0,0,0,0,0,0
1521409923123.81,112.4154296875,0,1,6000,-0.01126717,0,0,-1,-1,-1,-1,0,0,0,0,0,0,0,0,0
1521409923190.52,112.4154296875,0,1,6000,-0.01126742,0,0,-1,-1,-1,-1,0,0,0,0,0,0,0,0,0
1521409923272.76,112.415380859375,0,1,6000,-0.01126764,0,0,-1,-1,-1,-1,0,0,0,0,0,0,0,0,0
1521409923354.6,112.415417480469,0,1,6000,-0.01126774,0,0,-1,-1,-1,-1,0,0,0,0,0,0,0,0,0
1521409923421.53,112.415405273438,0,1,6000,-0.01126781,0,0,-1,-1,-1,-1,0,0,0,0,0,0,0,0,0
1521409923489.49,112.415393066406,0,1,6000,-0.01126793,0,0,-1,-1,-1,-1,0,0,0,0,0,0,0,0,0
1521409923572.2,112.415368652344,0,1,6000,-0.01126786,0,0,-1,-1,-1,-1,0,0,0,0,0,0,0,0,0
1521409923640.03,112.4154296875,0,1,6000,-0.01126793,0,0,-1,-1,-1,-1,0,0,0,0,0,0,0,0,0
1521409923721.01,112.415454101563,0,1,6000,-0.01126784,0,0,-1,-1,-1,-1,0,0,0,0,0,0,0,0,0
1521409923787.92,112.415441894531,0,1,6000,-0.01126796,0,0,-1,-1,-1,-1,0,0,0,0,0,0,0,0,0
1521409923856.58,112.4154296875,0,1,6000,-0.01126802,0,0,-1,-1,-1,-1,0,0,0,0,0,0,0,0,0
1521409923923.26,112.415417480469,0,1,6000,-0.01126803,0,0,-1,-1,-1,-1,0,0,0,0,0,0,0,0,0
1521409924004.1,112.415393066406,0,1,6000,-0.01126808,0,0,-1,-1,-1,-1,0,0,0,0,0,0,0,0,0
1521409924071.95,112.4154296875,0,1,6000,-0.01126813,0,0,-1,-1,-1,-1,0,0,0,0,0,0,0,0,0
1521409924138.91,112.415466308594,0,1,6000,-0.01126807,0,0,-1,-1,-1,-1,0,0,0,0,0,0,0,0,0
1521409924206.93,112.4154296875,0,1,6000,-0.01126817,0,0,-1,-1,-1,-1,0,0,0,0,0,0,0,0,0
1521409924289.24,112.415417480469,0,1,6000,-0.01126817,0,0,-1,-1,-1,-1,0,0,0,0,0,0,0,0,0
1521409924356.07,112.415454101563,0,1,6000,-0.0112682,0,0,-1,-1,-1,-1,0,0,0,0,0,0,0,0,0
1521409924439.44,112.4154296875,0,1,6000,-0.0112682,0,0,-1,-1,-1,-1,0,0,0,0,0,0,0,0,0
1521409924508.92,112.4154296875,0,1,6000,-0.01126846,0,0,-1,-1,-1,-1,0,0,0,0,0,0,0,0,0
1521409924584.18,112.350122070313,0,0.835391,6000,-0.01126691,0,0,-1,-1,-1,-1,0,0,0,0,0,0,0,0,0
1521409924660.41,112.076611328125,0,0.2544178,6000,-0.01124508,0,0,-1,-1,-1,-1,0,0,0,0,0,0,0,0,0
1521409924730.54,111.262890625,0,0,5999.118,-0.0111885,0,0,-1,-1,-1,-1,0,0,0,0,0,0,0,0,0
1521409924811.05,110.36455078125,0,0,5995.354,-0.0111394,0,0,-1,-1,-1,-1,0,0,0,0,0,0,0,0,0
1521409924900.49,109.473291015625,0,0,5989.584,-0.01111654,0,0,-1,-1,-1,-1,0,0,0,0,0,0,0,0,0
1521409924977.83,108.58916015625,0,0,5982.525,-0.01111062,0,0,-1,-1,-1,-1,0,0,0,0,0,0,0,0,0
1521409925050.32,107.712133789063,0,0,5974.647,-0.0111119,0,0,-1,-1,-1,-1,0,0,0,0,0,0,0,0,0
1521409925125.63,107.058984375,0,0,5968.39,-0.01111456,0,0,-1,-1,-1,-1,0,0,0,0,0,0,0,0,0
1521409925207.57,105.97919921875,0,0,5957.558,-0.01111939,0,0,-1,-1,-1,-1,0,0,0,0,0,0,0,0,0
1521409925285.69,105.3365234375,0,0,5950.911,-0.01112209,0,0,-1,-1,-1,-1,0,0,0,0,0,0,0,0,0
1521409925363.67,104.485681152344,0,0,5941.959,-0.01112561,0,0,-1,-1,-1,-1,0,0,0,0,0,0,0,0,0
1521409925487.75,103.013134765625,0,0,5926.208,-0.01113126,0,0,-1,-1,-1,-1,0,0,0,0,0,0,0,0,0
