1521409731858.93,40.6112640380859,0,0,5461.929,0.004960944,0,0,-1,-1,-1,-1,0,0,0,0,0,0,0,0,0
1521409731938.83,40.3007537841797,0,0,5435.977,0.004893826,0,0,-1,-1,-1,-1,0,0,0,0,0,0,0,0,0
1521409732021.98,39.9849273681641,0,0,5400.365,0.004791209,0,0,-1,-1,-1,-1,0,0,0,0,0,0,0,0,0
1521409732089.7,41.1287963867188,0,0,5356.701,0.004669557,0,0,-1,-1,-1,-1,0,0,0,0,0,0,0,0,0
1521409732173.31,40.8090454101563,0,0,5311.416,0.004485793,0,0,-1,-1,-1,-1,0,0,0,0,0,0,0,0,0
1521409732255.44,39.0430572509766,0,0,5262.766,0.004127491,0,0,-1,-1,-1,-1,0,0,0,0,0,0,0,0,0
1521409732338.02,38.7189819335938,0,0,5211.052,0.003853444,0,0,-1,-1,-1,-1,0,0,0,0,0,0,0,0,0
1521409732405.57,39.8179321289063,0,0,5159.266,0.003664065,0,0,-1,-1,-1,-1,0,0,0,0,0,0,0,0,0
1521409732472.05,38.2494018554688,0,0,5131.037,0.003467395,0,0,-1,-1,-1,-1,0,0,0,0,0,0,0,0,0
1521409732554.95,39.1703277587891,0,0,5051.751,0.003213876,0,0,-1,-1,-1,-1,0,0,0,0,0,0,0,0,0
1521409732621.99,37.62470703125,0,0,5022.947,0.003020253,0,0,-1,-1,-1,-1,0,0,0,0,0,0,0,0,0
1521409732689.38,38.701708984375,0,0,4969.188,0.002713466,0,0,-1,-1,-1,-1,0,0,0,0,0,0,0,0,0
1521409732772.52,38.3851501464844,0,0,4914.461,0.002284696,0,0,-1,-1,-1,-1,0,0,0,0,0,0,0,0,0
1521409732840.39,38.0647674560547,0,0,4859.556,0.001871272,0,0,-1,-1,-1,-1,0,0,0,0,0,0,0,0,0
1521409732921.97,37.7592193603516,0,0,4805.657,0.001474451,0,0,-1,-1,-1,-1,0,0,0,0,0,0,0,0,0
1521409733004.79,37.4257415771484,0,0,4750.518,0.001100199,0,0,-1,-1,-1,-1,0,0,0,0,0,0,0,0,0
1521409733071.29,35.9049560546875,0,0,4722.483,0.0008507149,0,0,-1,-1,-1,-1,0,0,0,0,0,0,0,0,0
1521409733154.33,36.785986328125,0,0,4638.915,0.0004423877,0,0,-1,-1,-1,-1,0,0,0,0,0,0,0,0,0
1521409733238.03,36.5569366455078,0,0,4582.892,-0.000531222,0,0,-1,-1,-1,-1,0,0,0,0,0,0,0,0,0
1521409733304.92,35.2603515625,0,0,4549.424,-0.002199013,0,0,-1,-1,-1,-1,0,0,0,0,0,0,0,0,0
1521409733371.37,35.8714202880859,0,0,4497.52,-0.00382168,0,0,-1,-1,-1,-1,0,0,0,0,0,0,0,0,0
1521409733438.89,35.0590515136719,0,0,4439.837,-0.005724211,0,0,-1,-1,-1,-1,0,0,0,0,0,0,0,0,0
1521409733522,34.3051086425781,0,0,4362.633,-0.007038156,0,0,-1,-1,-1,-1,0,0,0,0,0,0,0,0,0
1521409733604.87,34.0516265869141,0,0,4293.447,-0.008688563,0,0,-1,-1,-1,-1,0,0,0,0,0,0,0,0,0
1521409733671.38,33.1009185791016,0,0,4256.923,-0.01007124,0,0,-1,-1,-1,-1,0,0,0,0,0,0,0,0,0
1521409733738.8,32.8796051025391,0,0,4184.858,-0.01370215,0,0,-1,-1,-1,-1,0,0,0,0,0,0,0,0,0
1521409733820.34,33.2530029296875,0,0,4110.802,-0.01857789,0,0,-1,-1,-1,-1,0,0,0,0,0,0,0,0,0
1521409733889.76,32.9695068359375,0,0,4069.631,-0.02241413,0,0,-1,-1,-1,-1,0,0,0,0,0,0,0,0,0
1521409733971.83,31.8159637451172,0,0,4000.065,-0.02815308,0,0,-1,-1,-1,-1,0,0,0,0,0,0,0,0,0
1521409734038.93,31.8482269287109,0,0,3937.398,-0.03165135,0,0,-1,-1,-1,-1,0,0,0,0,0,0,0,0,0
1521409734121.6,31.8710998535156,0,0,3853.276,-0.03695619,0,0,-1,-1,-1,-1,0,0,0,0,0,0,0,0,0
1521409734205.64,31.0026550292969,0,0,3799.728,-0.03962655,0,0,-1,-1,-1,-1,0,0,0,0,0,0,0,0,0
1521409734289.23,30.7024200439453,0,0,3734.954,-0.04177471,0,0,-1,-1,-1,-1,0,0,0,0,0,0,0,0,0
1521409734371.76,30.8575378417969,0,0,3680.791,-0.04138413,0,0,-1,-1,-1,-1,0,0,0,0,0,0,0,0,0
1521409734440,30.0972045898438,0,0,3636.823,-0.03814113,0,0,-1,-1,-1,-1,0,0,0,0,0,0,0,0,0
1521409734521.91,30.2273620605469,0,0,3576.799,-0.03487742,0,0,-1,-1,-1,-1,0,0,0,0,0,0,0,0,0
1521409734588.91,29.8607849121094,0,0,3518.459,-0.03377229,0,0,-1,-1,-1,-1,0,0,0,0,0,0,0,0,0
1521409734656.21,27.2300048828125,0,0,3417.826,-0.0308234,0,0,-1,-1,-1,-1,0,0,0,0,0,0,0,0,0
1521409734722.89,26.6614318847656,0,0,3291.832,-0.03018847,0,0,-1,-1,-1,-1,0,0,0,0,0,0,0,0,0
1521409734794.94,25.8971435546875,0,0,3135.371,-0.02959121,0,0,-1,-1,-1,-1,0,0,0,0,0,0,0,0,0
1521409734871.11,25.3495040893555,0,0,3024.348,-0.02894148,0,0,-1,-1,-1,-1,0,0,0,0,0,0,0,0,0
1521409734939.04,24.6327835083008,0,0,2877.241,-0.02784184,0,0,-1,-1,-1,-1,0,0,0,0,0,0,0,0,0
1521409735022.14,24.1629699707031,0,0,2753.467,-0.02450249,0,0,-1,-1,-1,-1,0,0,0,0,0,0,0,0,0
1521409735089.26,23.7206604003906,0,0,2666.834,-0.01850426,0,0,-1,-1,-1,-1,0,0,0,0,0,0,0,0,0
1521409735171.06,17.0417495727539,0,0,2540.235,-0.006213805,0,0,-1,-1,-1,-1,0,0,0,0,0,0,0,0,0
1521409735255.36,12.6625160217285,0,0,2016.993,-0.00734788,0,0,-1,-1,-1,-1,0,0,0,0,0,0,0,0,0
1521409735337.44,9.04932174682617,0,0,2354.072,-0.006418138,0,0,-1,-1,-1,-1,0,0,0,0,0,0,0,0,0
1521409735404.62,6.31866569519043,0,0,2302.449,-0.00512636,0,0,-1,-1,-1,-1,0,0,0,0,0,0,0,0,0
1521409735488.32,2.6325138092041,0,0,1954.308,-0.00303651,0,0,-1,-1,-1,-1,0,0,0,0,0,0,0,0,0
1521409735572.84,0.177737808227539,0,0,1392.843,-0.0008827638,0,0,-1,-1,-1,-1,0,0,0,0,0,0,0,0,0
1521409735657.19,0.0891622662544251,0,0,837.5062,0.001075778,0,0,-1,-1,-1,-1,0,0,0,0,0,0,0,0,0
1521409735738.7,0.0412005603313446,0,0,555.6292,0.00182229,0,0,-1,-1,-1,-1,0,0,0,0,0,0,0,0,0
1521409735815.36,0.014002226293087,0,0,367.1662,0.002107273,0,0,-1,-1,-1,-1,0,0,0,0,0,0,0,0,0
1521409735890.73,1.40271091461182,0,0,268.3772,0.004791209,0,0,-1,-1,-1,-1,0,0,0,0,0,0,0,0,0
1521409751771.43,2.20427937165368E-06,0,0,0.004590043,-0.01645484,0,0,-1,-1,-1,-1,0,0,0,0,0,0,0,0,0
1521409751851.45,1.41430218718597E-06,0,0,0.003603449,-0.01645484,0,0,-1,-1,-1,-1,0,0,0,0,0,0,0,0,0
1521409751919.28,4.87832548969891E-06,0,0,0.004129033,-0.01645471,0,0,-1,-1,-1,-1,0,0,0,0,0,0,0,0,0
1521409752002.23,1.6851031978149E-05,0,0,0.003728192,-0.01645479,0,0,-1,-1,-1,-1,0,0,0,0,0,0,0,0,0
1521409752085.43,1.75793029484339E-06,0,0,0.00387418,-0.01645481,0,0,-1,-1,-1,-1,0,0,0,0,0,0,0,0,0
1521409752168.92,2.27643948164769E-05,0,0,0.003924503,-0.01645476,0,0,-1,-1,-1,-1,0,0,0,0,0,0,0,0,0
1521409752238.02,0.0560075163841248,0,0.1091745,1.294029,-0.01645661,0,0,-1,-1,-1,-1,0,0,0,0,0,0,0,0,0
1521409752305.83,0.429097080230713,0,0.2834665,14.81215,-0.01646512,0,0,-1,-1,-1,-1,0,0,0,0,0,0,0,0,0
1521409752388,1.66397647857666,0,0.3706124,118.212,-0.01650058,0,0,-1,-1,-1,-1,0,0,0,0,0,0,0,0,0
1521409752470.76,2.40128364562988,0,0.2641007,259.152,-0.01651257,0,0,-1,-1,-1,-1,0,0,0,0,0,0,0,0,0
1521409752538.47,2.60549774169922,0,0.07044297,371.1102,-0.01650395,0,0,-1,-1,-1,-1,0,0,0,0,0,0,0,0,0
1521409752621.54,2.6318208694458,0,0.08012586,486.9915,-0.01647732,0,0,-1,-1,-1,-1,0,0,0,0,0,0,0,0,0
1521409752690.36,2.91286582946777,0,0.08012586,574.4413,-0.01646106,0,0,-1,-1,-1,-1,0,0,0,0,0,0,0,0,0
1521409752774.38,3.07874126434326,0,0.08012586,652.2589,-0.01645502,0,0,-1,-1,-1,-1,0,0,0,0,0,0,0,0,0
1521409752854.49,3.19110012054443,0,0.06076009,716.0269,-0.01644976,0,0,-1,-1,-1,-1,0,0,0,0,0,0,0,0,0
1521409752922.11,3.29617309570313,0,0.07044297,755.4023,-0.01644688,0,0,-1,-1,-1,-1,0,0,0,0,0,0,0,0,0
1521409753005.16,3.51652374267578,0,0.1091745,804.9553,-0.01645073,0,0,-1,-1,-1,-1,0,0,0,0,0,0,0,0,0
1521409753072.62,3.95117530822754,0,0.1866376,864.8236,-0.01646049,0,0,-1,-1,-1,-1,0,0,0,0,0,0,0,0,0
1521409753154.78,4.39615898132324,0,0.2156862,944.2358,-0.01647036,0,0,-1,-1,-1,-1,0,0,0,0,0,0,0,0,0
1521409753245.9,4.83399162292481,0,0.2253691,1040.725,-0.0164763,0,0,-1,-1,-1,-1,0,0,0,0,0,0,0,0,0
1521409753321.75,5.3363639831543,0,0.2156862,1148.967,-0.01647995,0,0,-1,-1,-1,-1,0,0,0,0,0,0,0,0,0
1521409753404.98,5.79240341186523,0,0.1963205,1264.37,-0.01648037,0,0,-1,-1,-1,-1,0,0,0,0,0,0,0,0,0
1521409753472.96,6.19554748535156,0,0.1672718,1378.469,-0.01647824,0,0,-1,-1,-1,-1,0,0,0,0,0,0,0,0,0
1521409753540.82,6.50100631713867,0,0.1769547,1462.524,-0.01647756,0,0,-1,-1,-1,-1,0,0,0,0,0,0,0,0,0
1521409753608.26,6.93218688964844,0,0.1866376,1574.433,-0.01647919,0,0,-1,-1,-1,-1,0,0,0,0,0,0,0,0,0
1521409753688.07,7.32388610839844,0,0.1769547,1685.917,-0.01648056,0,0,-1,-1,-1,-1,0,0,0,0,0,0,0,0,0
1521409753755.75,7.60495910644531,0,0.1672718,1768.284,-0.01648113,0,0,-1,-1,-1,-1,0,0,0,0,0,0,0,0,0
1521409753837.74,7.9961181640625,0,0.1769547,1875.412,-0.01648201,0,0,-1,-1,-1,-1,0,0,0,0,0,0,0,0,0
1521409753905.98,8.31438903808594,0,0.1769547,1955.79,-0.01648413,0,0,-1,-1,-1,-1,0,0,0,0,0,0,0,0,0
1521409753986.85,8.78752517700195,0,0.1672718,2090.93,-0.01648759,0,0,-1,-1,-1,-1,0,0,0,0,0,0,0,0,0
1521409754055.71,9.0622917175293,0,0.1769547,2169.382,-0.0164883,0,0,-1,-1,-1,-1,0,0,0,0,0,0,0,0,0
1521409754139.12,9.43287582397461,0,0.1866376,2272.274,-0.01648956,0,0,-1,-1,-1,-1,0,0,0,0,0,0,0,0,0
1521409754206.74,9.8034538269043,0,0.1769547,2374.504,-0.01649156,0,0,-1,-1,-1,-1,0,0,0,0,0,0,0,0,0
1521409754274.64,10.0935150146484,0,0.1769547,2450.185,-0.01649329,0,0,-1,-1,-1,-1,0,0,0,0,0,0,0,0,0
1521409754357.39,10.4599624633789,0,0.1769547,2551,-0.01649566,0,0,-1,-1,-1,-1,0,0,0,0,0,0,0,0,0
1521409754439.22,10.8220512390137,0,0.1866376,2650.623,-0.01649808,0,0,-1,-1,-1,-1,0,0,0,0,0,0,0,0,0
1521409754507.24,11.18955078125,0,0.1866376,2749.534,-0.01650074,0,0,-1,-1,-1,-1,0,0,0,0,0,0,0,0,0
1521409754590.03,11.5368324279785,0,0.1769547,2847.747,-0.01650312,0,0,-1,-1,-1,-1,0,0,0,0,0,0,0,0,0
1521409754671.87,11.8805023193359,0,0.1769547,2943.873,-0.01650519,0,0,-1,-1,-1,-1,0,0,0,0,0,0,0,0,0
1521409754755.63,12.2153625488281,0,0.1769547,3038.498,-0.01650712,0,0,-1,-1,-1,-1,0,0,0,0,0,0,0,0,0
1521409754838.88,12.5586578369141,0,0.1866376,3131.615,-0.01650963,0,0,-1,-1,-1,-1,0,0,0,0,0,0,0,0,0
1521409754922.17,12.9013732910156,0,0.1769547,3224.441,-0.01651248,0,0,-1,-1,-1,-1,0,0,0,0,0,0,0,0,0
1521409754989.96,13.2523620605469,0,0.1769547,3317.43,-0.01651538,0,0,-1,-1,-1,-1,0,0,0,0,0,0,0,0,0
1521409755073.34,13.5933807373047,0,0.1866376,3409.968,-0.01651785,0,0,-1,-1,-1,-1,0,0,0,0,0,0,0,0,0
1521409755157.24,13.9449035644531,0,0.1866376,3502.488,-0.01652027,0,0,-1,-1,-1,-1,0,0,0,0,0,0,0,0,0
1521409755238.8,14.3117736816406,0,0.1866376,3596.141,-0.01652317,0,0,-1,-1,-1,-1,0,0,0,0,0,0,0,0,0
1521409755316.45,14.6696212768555,0,0.1866376,3691.289,-0.01652559,0,0,-1,-1,-1,-1,0,0,0,0,0,0,0,0,0
1521409755389.63,15.0185577392578,0,0.1866376,3786.292,-0.01652616,0,0,-1,-1,-1,-1,0,0,0,0,0,0,0,0,0
1521409755471.24,15.3646682739258,0,0.1866376,3880.66,-0.01652667,0,0,-1,-1,-1,-1,0,0,0,0,0,0,0,0,0
1521409755538.52,15.6224166870117,0,0.1866376,3950.994,-0.01652758,0,0,-1,-1,-1,-1,0,0,0,0,0,0,0,0,0
1521409755622.16,15.963639831543,0,0.1866376,4044.163,-0.01652909,0,0,-1,-1,-1,-1,0,0,0,0,0,0,0,0,0
1521409755690.48,16.3021408081055,0,0.1866376,4136.62,-0.01653052,0,0,-1,-1,-1,-1,0,0,0,0,0,0,0,0,0
1521409755770.93,16.6379333496094,0,0.1866376,4228.36,-0.01653194,0,0,-1,-1,-1,-1,0,0,0,0,0,0,0,0,0
1521409755839.12,16.888005065918,0,0.1866376,4296.694,-0.01653285,0,0,-1,-1,-1,-1,0,0,0,0,0,0,0,0,0
1521409755919.34,17.2190887451172,0,0.1866376,4387.176,-0.01653383,0,0,-1,-1,-1,-1,0,0,0,0,0,0,0,0,0
1521409755986.82,17.5475128173828,0,0.1866376,4476.939,-0.01653456,0,0,-1,-1,-1,-1,0,0,0,0,0,0,0,0,0
1521409756068.64,17.8732833862305,0,0.1866376,4565.985,-0.01653501,0,0,-1,-1,-1,-1,0,0,0,0,0,0,0,0,0
1521409756152.05,18.1964569091797,0,0.1866376,4654.32,-0.01653505,0,0,-1,-1,-1,-1,0,0,0,0,0,0,0,0,0
1521409756239.06,18.5170349121094,0,0.1866376,4741.948,-0.01653464,0,0,-1,-1,-1,-1,0,0,0,0,0,0,0,0,0
1521409756311.97,18.8350341796875,0,0.1866376,4828.874,-0.01653357,0,0,-1,-1,-1,-1,0,0,0,0,0,0,0,0,0
1521409756388.77,19.1561157226562,0,0.1866376,4915.486,-0.01652435,0,0,-1,-1,-1,-1,0,0,0,0,0,0,0,0,0
1521409756456.23,19.3912322998047,0,0.1866376,4980.015,-0.01652186,0,0,-1,-1,-1,-1,0,0,0,0,0,0,0,0,0
1521409756525.51,19.6247833251953,0,0.1866376,5044.083,-0.01652076,0,0,-1,-1,-1,-1,0,0,0,0,0,0,0,0,0
1521409756595,19.9339157104492,0,0.1866376,5128.813,-0.0165199,0,0,-1,-1,-1,-1,0,0,0,0,0,0,0,0,0
1521409756669.38,20.2405334472656,0,0.1866376,5212.786,-0.01651875,0,0,-1,-1,-1,-1,0,0,0,0,0,0,0,0,0
1521409756737.79,20.4688735961914,0,0.1866376,5275.287,-0.01651759,0,0,-1,-1,-1,-1,0,0,0,0,0,0,0,0,0
1521409756822.52,20.7711822509766,0,0.1866376,5358.003,-0.01651544,0,0,-1,-1,-1,-1,0,0,0,0,0,0,0,0,0
1521409756901.28,21.0710586547852,0,0.1866376,5440.029,-0.01651266,0,0,-1,-1,-1,-1,0,0,0,0,0,0,0,0,0
1521409756972.13,21.3685256958008,0,0.1866376,5521.38,-0.01650925,0,0,-1,-1,-1,-1,0,0,0,0,0,0,0,0,0
1521409757041.54,21.5900527954102,0,0.1866376,5581.955,-0.0165061,0,0,-1,-1,-1,-1,0,0,0,0,0,0,0,0,0
1521409757124.84,21.8833450317383,0,0.1866376,5662.147,-0.01650134,0,0,-1,-1,-1,-1,0,0,0,0,0,0,0,0,0
1521409757191.99,22.1742828369141,0,0.1866376,5741.69,-0.01649579,0,0,-1,-1,-1,-1,0,0,0,0,0,0,0,0,0
1521409757258.87,22.3909530639648,0,0.1866376,5800.925,-0.01649106,0,0,-1,-1,-1,-1,0,0,0,0,0,0,0,0,0
1521409757328.9,22.677815246582,0,0.1866376,5192.309,-0.01648379,0,0,-1,-1,-1,-1,0,0,0,0,0,0,0,0,0
1521409757403.05,22.8914428710938,0,0.1866376,4387.005,-0.01647748,0,0,-1,-1,-1,-1,0,0,0,0,0,0,0,0,0
1521409757485.39,23.1742797851563,0,0.1866376,3656.922,-0.01646821,0,0,-1,-1,-1,-1,0,0,0,0,0,0,0,0,0
1521409757554.1,23.4548461914063,0,0.1866376,3194.534,-0.01645776,0,0,-1,-1,-1,-1,0,0,0,0,0,0,0,0,0
1521409757636.48,23.7329177856445,0,0.1866376,2907.644,-0.01645055,0,0,-1,-1,-1,-1,0,0,0,0,0,0,0,0,0
1521409757719.1,24.0091796875,0,0.1866376,2735.761,-0.0164462,0,0,-1,-1,-1,-1,0,0,0,0,0,0,0,0,0
1521409757787,24.2835723876953,0,0.1866376,2639.229,-0.01644092,0,0,-1,-1,-1,-1,0,0,0,0,0,0,0,0,0
1521409757870.02,24.5569610595703,0,0.1866376,2592.049,-0.01643473,0,0,-1,-1,-1,-1,0,0,0,0,0,0,0,0,0
1521409757955.24,24.8274475097656,0,0.1866376,2577.148,-0.01642718,0,0,-1,-1,-1,-1,0,0,0,0,0,0,0,0,0
1521409758039.7,25.0951400756836,0,0.1866376,2583.248,-0.01641759,0,0,-1,-1,-1,-1,0,0,0,0,0,0,0,0,0
1521409758107.2,25.3604461669922,0,0.1866376,2602.972,-0.01640664,0,0,-1,-1,-1,-1,0,0,0,0,0,0,0,0,0
1521409758190.35,25.6235382080078,0,0.1866376,2631.501,-0.01639469,0,0,-1,-1,-1,-1,0,0,0,0,0,0,0,0,0
1521409758258.72,25.8194488525391,0,0.1866376,2656.732,-0.01638491,0,0,-1,-1,-1,-1,0,0,0,0,0,0,0,0,0
1521409758325.6,26.0137969970703,0,0.1866376,2684.199,-0.01636677,0,0,-1,-1,-1,-1,0,0,0,0,0,0,0,0,0
1521409758397.3,26.2715850830078,0,0.1866376,2723.184,-0.01635455,0,0,-1,-1,-1,-1,0,0,0,0,0,0,0,0,0
1521409758468.39,26.5272827148438,0,0.1866376,2763.909,-0.01634647,0,0,-1,-1,-1,-1,0,0,0,0,0,0,0,0,0
1521409758538.43,26.7177032470703,0,0.1866376,2795.151,-0.01634058,0,0,-1,-1,-1,-1,0,0,0,0,0,0,0,0,0
1521409758605.07,26.9069702148438,0,0.1866376,2826.754,-0.01633374,0,0,-1,-1,-1,-1,0,0,0,0,0,0,0,0,0
1521409758686.61,27.2198760986328,0,0.1866376,2879.835,-0.01632014,0,0,-1,-1,-1,-1,0,0,0,0,0,0,0,0,0
1521409758758.22,27.4061096191406,0,0.1866376,2911.768,-0.01631067,0,0,-1,-1,-1,-1,0,0,0,0,0,0,0,0,0
1521409758840.25,27.6526702880859,0,0.1866376,2954.304,-0.01629653,0,0,-1,-1,-1,-1,0,0,0,0,0,0,0,0,0
1521409758922.48,27.8972442626953,0,0.1866376,2996.7,-0.01628066,0,0,-1,-1,-1,-1,0,0,0,0,0,0,0,0,0
1521409758992.61,28.1398559570313,0,0.1866376,3038.887,-0.01626294,0,0,-1,-1,-1,-1,0,0,0,0,0,0,0,0,0
1521409759074.22,28.3805206298828,0,0.1866376,3080.823,-0.01624331,0,0,-1,-1,-1,-1,0,0,0,0,0,0,0,0,0
1521409759152.06,28.6192443847656,0,0.1866376,3122.478,-0.01622164,0,0,-1,-1,-1,-1,0,0,0,0,0,0,0,0,0
1521409759220.21,28.7970275878906,0,0.1866376,3153.525,-0.01620385,0,0,-1,-1,-1,-1,0,0,0,0,0,0,0,0,0
1521409759304.13,29.2825378417969,0,0.1866376,3193.924,-0.01613249,0,0,-1,-1,-1,-1,0,0,0,0,0,0,0,0,0
1521409759391.95,29.8563812255859,0,0.1866376,3236.294,-0.01614117,0,0,-1,-1,-1,-1,0,0,0,0,0,0,0,0,0
1521409759475.47,29.3114196777344,0,0.1866376,3279.674,-0.0161128,0,0,-1,-1,-1,-1,0,0,0,0,0,0,0,0,0
1521409759557.3,29.9611968994141,0,0.1866376,3310.719,-0.01610264,0,0,-1,-1,-1,-1,0,0,0,0,0,0,0,0,0
1521409759625.62,29.3892486572266,0,0.1866376,3352.694,-0.0160748,0,0,-1,-1,-1,-1,0,0,0,0,0,0,0,0,0
1521409759692.67,29.559228515625,0,0.1866376,3388.27,-0.01605149,0,0,-1,-1,-1,-1,0,0,0,0,0,0,0,0,0
1521409759759.43,30.9314086914063,0,0.1866376,3409.783,-0.01605106,0,0,-1,-1,-1,-1,0,0,0,0,0,0,0,0,0
1521409759828.52,31.05126953125,0,0.1866376,3450.166,-0.01601724,0,0,-1,-1,-1,-1,0,0,0,0,0,0,0,0,0
1521409759897.04,29.9822479248047,0,0.1866376,3486.973,-0.01597937,0,0,-1,-1,-1,-1,0,0,0,0,0,0,0,0,0
1521409759982.57,30.2989898681641,0,0.1866376,3521.855,-0.01595158,0,0,-1,-1,-1,-1,0,0,0,0,0,0,0,0,0
1521409760064.94,30.6817504882813,0,0.1866376,3556.482,-0.01591369,0,0,-1,-1,-1,-1,0,0,0,0,0,0,0,0,0
1521409760148.53,32.0976043701172,0,0.1866376,3595.777,-0.01590293,0,0,-1,-1,-1,-1,0,0,0,0,0,0,0,0,0
1521409760217.11,30.9698852539063,0,0.1866376,3636.318,-0.01587138,0,0,-1,-1,-1,-1,0,0,0,0,0,0,0,0,0
1521409760285.12,32.3340881347656,0,0.1866376,3655.002,-0.01586947,0,0,-1,-1,-1,-1,0,0,0,0,0,0,0,0,0
1521409760356.76,32.4799285888672,0,0.1866376,3693.825,-0.01583976,0,0,-1,-1,-1,-1,0,0,0,0,0,0,0,0,0
1521409760424.58,31.2863647460938,0,0.1866376,3731.337,-0.01580198,0,0,-1,-1,-1,-1,0,0,0,0,0,0,0,0,0
1521409760492.84,31.511279296875,0,0.1866376,3763.478,-0.01577399,0,0,-1,-1,-1,-1,0,0,0,0,0,0,0,0,0
1521409760573.09,31.8435363769531,0,0.1866376,3796.444,-0.01574946,0,0,-1,-1,-1,-1,0,0,0,0,0,0,0,0,0
1521409760642.74,33.3561004638672,0,0.1866376,3816.052,-0.01574867,0,0,-1,-1,-1,-1,0,0,0,0,0,0,0,0,0
1521409760709.76,33.5673797607422,0,0.1866376,3856.08,-0.01571617,0,0,-1,-1,-1,-1,0,0,0,0,0,0,0,0,0
1521409760789.98,33.7725158691406,0,0.1866376,3893.843,-0.01567895,0,0,-1,-1,-1,-1,0,0,0,0,0,0,0,0,0
1521409760856.72,32.6727081298828,0,0.1866376,3931.731,-0.0156362,0,0,-1,-1,-1,-1,0,0,0,0,0,0,0,0,0
1521409760924.87,33.9761108398437,0,0.1866376,3947.949,-0.0156202,0,0,-1,-1,-1,-1,0,0,0,0,0,0,0,0,0
1521409761010.67,33.0358734130859,0,0.1866376,4002.552,-0.01556342,0,0,-1,-1,-1,-1,0,0,0,0,0,0,0,0,0
1521409761091.53,33.19267578125,0,0.1866376,4036.482,-0.01552639,0,0,-1,-1,-1,-1,0,0,0,0,0,0,0,0,0
1521409761159.84,34.4919952392578,0,0.1866376,4048.839,-0.01551055,0,0,-1,-1,-1,-1,0,0,0,0,0,0,0,0,0
1521409761240.9,34.7264984130859,0,0.1866376,4078.671,-0.01549216,0,0,-1,-1,-1,-1,0,0,0,0,0,0,0,0,0
1521409761322.74,34.9040954589844,0,0.1866376,4109.645,-0.01547644,0,0,-1,-1,-1,-1,0,0,0,0,0,0,0,0,0
1521409761389.59,35.1418823242187,0,0.1866376,4141.181,-0.01545809,0,0,-1,-1,-1,-1,0,0,0,0,0,0,0,0,0
1521409761480.2,35.2532165527344,0,0.1866376,4174.491,-0.01543508,0,0,-1,-1,-1,-1,0,0,0,0,0,0,0,0,0
1521409761561.2,35.4574768066406,0,0.1866376,4204.168,-0.01540837,0,0,-1,-1,-1,-1,0,0,0,0,0,0,0,0,0
1521409761640.3,35.6347290039063,0,0.1866376,4233.274,-0.01537855,0,0,-1,-1,-1,-1,0,0,0,0,0,0,0,0,0
1521409761722.94,35.7906585693359,0,0.1866376,4262.276,-0.01535347,0,0,-1,-1,-1,-1,0,0,0,0,0,0,0,0,0
1521409761792.55,35.8676727294922,0,0.1866376,4291.481,-0.01534179,0,0,-1,-1,-1,-1,0,0,0,0,0,0,0,0,0
1521409761873.82,36.0886962890625,0,0.1866376,4320.758,-0.01533434,0,0,-1,-1,-1,-1,0,0,0,0,0,0,0,0,0
1521409761956.31,36.3132080078125,0,0.1866376,4350.079,-0.01532486,0,0,-1,-1,-1,-1,0,0,0,0,0,0,0,0,0
1521409762023.39,35.0288696289063,0,0.1866376,4386.911,-0.015303,0,0,-1,-1,-1,-1,0,0,0,0,0,0,0,0,0
1521409762094.26,35.2322113037109,0,0.1866376,4416.69,-0.01528757,0,0,-1,-1,-1,-1,0,0,0,0,0,0,0,0,0
1521409762176.24,35.4905670166016,0,0.1866376,4445.947,-0.0152742,0,0,-1,-1,-1,-1,0,0,0,0,0,0,0,0,0
1521409762255.98,35.6622131347656,0,0.1866376,4475.385,-0.01525626,0,0,-1,-1,-1,-1,0,0,0,0,0,0,0,0,0
1521409762324.93,37.1038482666016,0,0.1866376,4486.497,-0.0152576,0,0,-1,-1,-1,-1,0,0,0,0,0,0,0,0,0
1521409762405.59,37.3080657958984,0,0.1866376,4514.99,-0.01523867,0,0,-1,-1,-1,-1,0,0,0,0,0,0,0,0,0
1521409762500.12,36.167041015625,0,0.2060034,4563.965,-0.0151941,0,0,-1,-1,-1,-1,0,0,0,0,0,0,0,0,0
1521409762572.71,36.4542663574219,0,0.2156862,4596.717,-0.01517403,0,0,-1,-1,-1,-1,0,0,0,0,0,0,0,0,0
1521409762658.16,36.6656646728516,0,0.2156862,4631.702,-0.01514846,0,0,-1,-1,-1,-1,0,0,0,0,0,0,0,0,0
1521409762739.24,36.9871795654297,0,0.2156862,4666.937,-0.01512265,0,0,-1,-1,-1,-1,0,0,0,0,0,0,0,0,0
1521409762808.96,37.1642608642578,0,0.2156862,4706.873,-0.01509301,0,0,-1,-1,-1,-1,0,0,0,0,0,0,0,0,0
1521409762888.94,37.3599487304688,0,0.2156862,4746.106,-0.01508562,0,0,-1,-1,-1,-1,0,0,0,0,0,0,0,0,0
1521409762974.24,37.6292297363281,0,0.2156862,4785.148,-0.01508026,0,0,-1,-1,-1,-1,0,0,0,0,0,0,0,0,0
1521409763055.91,37.8271118164063,0,0.235052,4826.532,-0.01507091,0,0,-1,-1,-1,-1,0,0,0,0,0,0,0,0,0
1521409763123.83,39.3445037841797,0,0.2156862,4844.384,-0.0150771,0,0,-1,-1,-1,-1,0,0,0,0,0,0,0,0,0
1521409763206.8,38.3364685058594,0,0.2253691,4907.29,-0.01504127,0,0,-1,-1,-1,-1,0,0,0,0,0,0,0,0,0
1521409763292.18,38.552099609375,0,0.2156862,4947.543,-0.0150253,0,0,-1,-1,-1,-1,0,0,0,0,0,0,0,0,0
1521409763359.39,40.0353515625,0,0.2156862,4965.671,-0.01504569,0,0,-1,-1,-1,-1,0,0,0,0,0,0,0,0,0
1521409763440.91,40.2450134277344,0,0.2156862,5005.123,-0.01504899,0,0,-1,-1,-1,-1,0,0,0,0,0,0,0,0,0
1521409763516.96,40.4939453125,0,0.2156862,5044.327,-0.01505176,0,0,-1,-1,-1,-1,0,0,0,0,0,0,0,0,0
1521409763589.51,40.7017944335938,0,0.2156862,5083.83,-0.01504962,0,0,-1,-1,-1,-1,0,0,0,0,0,0,0,0,0
1521409763657.15,39.5817993164063,0,0.2156862,5124.603,-0.01503187,0,0,-1,-1,-1,-1,0,0,0,0,0,0,0,0,0
1521409763723.52,41.0496612548828,0,0.2156862,5142.408,-0.01503928,0,0,-1,-1,-1,-1,0,0,0,0,0,0,0,0,0
1521409763805.24,41.2656372070313,0,0.2156862,5181.582,-0.01502387,0,0,-1,-1,-1,-1,0,0,0,0,0,0,0,0,0
1521409763873.82,41.4703887939453,0,0.2156862,5219.717,-0.01500275,0,0,-1,-1,-1,-1,0,0,0,0,0,0,0,0,0
1521409763940.58,40.3536834716797,0,0.2156862,5259.49,-0.01497439,0,0,-1,-1,-1,-1,0,0,0,0,0,0,0,0,0
1521409764023.09,40.5716430664063,0,0.2253691,5296.855,-0.01495164,0,0,-1,-1,-1,-1,0,0,0,0,0,0,0,0,0
1521409764105.06,40.7788299560547,0,0.2156862,5334.347,-0.01492555,0,0,-1,-1,-1,-1,0,0,0,0,0,0,0,0,0
1521409764192.15,42.3089477539063,0,0.2156862,5368.485,-0.01489911,0,0,-1,-1,-1,-1,0,0,0,0,0,0,0,0,0
1521409764273.62,42.5178619384766,0,0.2253691,5404.708,-0.01486256,0,0,-1,-1,-1,-1,0,0,0,0,0,0,0,0,0
1521409764359.06,42.7212493896484,0,0.2156862,5440.979,-0.01482178,0,0,-1,-1,-1,-1,0,0,0,0,0,0,0,0,0
1521409764439.74,42.9213836669922,0,0.2253691,5476.546,-0.01479096,0,0,-1,-1,-1,-1,0,0,0,0,0,0,0,0,0
1521409764509.25,43.1259582519531,0,0.2156862,5512.459,-0.01477859,0,0,-1,-1,-1,-1,0,0,0,0,0,0,0,0,0
1521409764592.13,43.3280181884766,0,0.2156862,5547.581,-0.01476169,0,0,-1,-1,-1,-1,0,0,0,0,0,0,0,0,0
1521409764673.07,43.5285614013672,0,0.2156862,5582.974,-0.01473875,0,0,-1,-1,-1,-1,0,0,0,0,0,0,0,0,0
1521409764740.51,42.4310272216797,0,0.2156862,5620.908,-0.01470573,0,0,-1,-1,-1,-1,0,0,0,0,0,0,0,0,0
1521409764808.54,42.6234313964844,0,0.2156862,5655.677,-0.01467603,0,0,-1,-1,-1,-1,0,0,0,0,0,0,0,0,0
1521409764878.3,44.0306945800781,0,0.2156862,5669.903,-0.01468749,0,0,-1,-1,-1,-1,0,0,0,0,0,0,0,0,0
1521409764956.7,44.2320892333984,0,0.2156862,5703.89,-0.0146899,0,0,-1,-1,-1,-1,0,0,0,0,0,0,0,0,0
1521409765040.94,44.4186004638672,0,0.2156862,5737.866,-0.01468865,0,0,-1,-1,-1,-1,0,0,0,0,0,0,0,0,0
1521409765125.06,44.6031860351563,0,0.2156862,5771.244,-0.0146805,0,0,-1,-1,-1,-1,0,0,0,0,0,0,0,0,0
1521409765205.72,44.7857086181641,0,0.2156862,5804.131,-0.01466785,0,0,-1,-1,-1,-1,0,0,0,0,0,0,0,0,0
1521409765290.55,43.779345703125,0,0.2253691,5523.451,-0.01463355,0,0,-1,-1,-1,-1,0,0,0,0,0,0,0,0,0
1521409765357.39,45.1622528076172,0,0.2156862,5413.625,-0.01463284,0,0,-1,-1,-1,-1,0,0,0,0,0,0,0,0,0
1521409765439.72,45.3385620117188,0,0.2156862,5224.319,-0.01460985,0,0,-1,-1,-1,-1,0,0,0,0,0,0,0,0,0
1521409765507.03,45.5137023925781,0,0.2156862,5100.116,-0.01458324,0,0,-1,-1,-1,-1,0,0,0,0,0,0,0,0,0
1521409765592.94,45.6954925537109,0,0.2156862,5018.626,-0.01455315,0,0,-1,-1,-1,-1,0,0,0,0,0,0,0,0,0
1521409765659.42,44.6311401367188,0,0.2156862,4382.54,-0.01451504,0,0,-1,-1,-1,-1,0,0,0,0,0,0,0,0,0
1521409765740.38,44.816552734375,0,0.2156862,4313.248,-0.01447796,0,0,-1,-1,-1,-1,0,0,0,0,0,0,0,0,0
1521409765807.58,44.9919555664063,0,0.2156862,4658.055,-0.01443613,0,0,-1,-1,-1,-1,0,0,0,0,0,0,0,0,0
1521409765888.8,45.1664367675781,0,0.2156862,4405.871,-0.01439011,0,0,-1,-1,-1,-1,0,0,0,0,0,0,0,0,0
1521409765959.01,46.4706024169922,0,0.2156862,4273.565,-0.01437065,0,0,-1,-1,-1,-1,0,0,0,0,0,0,0,0,0
1521409766028.04,46.6373016357422,0,0.2156862,4161.76,-0.01435503,0,0,-1,-1,-1,-1,0,0,0,0,0,0,0,0,0
1521409766094.38,45.6405975341797,0,0.2156862,4113.694,-0.01433155,0,0,-1,-1,-1,-1,0,0,0,0,0,0,0,0,0
1521409766171.16,45.8006866455078,0,0.2156862,4069.366,-0.01430925,0,0,-1,-1,-1,-1,0,0,0,0,0,0,0,0,0
1521409766238,47.0630432128906,0,0.2156862,4044.386,-0.01429999,0,0,-1,-1,-1,-1,0,0,0,0,0,0,0,0,0
1521409766322.84,47.241357421875,0,0.2156862,4031.768,-0.01426873,0,0,-1,-1,-1,-1,0,0,0,0,0,0,0,0,0
1521409766404.39,47.3993316650391,0,0.2156862,4029.15,-0.01426456,0,0,-1,-1,-1,-1,0,0,0,0,0,0,0,0,0
1521409766472.4,47.5576385498047,0,0.2156862,4032.873,-0.01426378,0,0,-1,-1,-1,-1,0,0,0,0,0,0,0,0,0
1521409766556.26,47.7145660400391,0,0.2156862,4040.712,-0.01425647,0,0,-1,-1,-1,-1,0,0,0,0,0,0,0,0,0
1521409766628.25,47.8764129638672,0,0.2156862,4051.341,-0.01424181,0,0,-1,-1,-1,-1,0,0,0,0,0,0,0,0,0
1521409766705.16,46.903857421875,0,0.2156862,4066.008,-0.01421562,0,0,-1,-1,-1,-1,0,0,0,0,0,0,0,0,0
1521409766774.43,47.06513671875,0,0.2253691,4079.131,-0.01419119,0,0,-1,-1,-1,-1,0,0,0,0,0,0,0,0,0
1521409766841.42,48.2664367675781,0,0.2253691,4084.109,-0.01418084,0,0,-1,-1,-1,-1,0,0,0,0,0,0,0,0,0
1521409766921.12,48.4256408691406,0,0.2156862,4098.836,-0.01414736,0,0,-1,-1,-1,-1,0,0,0,0,0,0,0,0,0
1521409767004.69,48.5833648681641,0,0.2156862,4113.839,-0.01410791,0,0,-1,-1,-1,-1,0,0,0,0,0,0,0,0,0
1521409767076.42,48.7358612060547,0,0.2156862,4129.017,-0.01406303,0,0,-1,-1,-1,-1,0,0,0,0,0,0,0,0,0
1521409767154.55,48.8942840576172,0,0.2156862,4144.134,-0.01401199,0,0,-1,-1,-1,-1,0,0,0,0,0,0,0,0,0
1521409767222.11,47.9833099365234,0,0.2156862,4160.866,-0.01395948,0,0,-1,-1,-1,-1,0,0,0,0,0,0,0,0,0
1521409767303.74,48.1416595458984,0,0.2156862,4175.911,-0.01389811,0,0,-1,-1,-1,-1,0,0,0,0,0,0,0,0,0
1521409767371,48.3128448486328,0,0.2156862,4191.075,-0.01383096,0,0,-1,-1,-1,-1,0,0,0,0,0,0,0,0,0
1521409767453.69,48.4806915283203,0,0.2253691,4206.003,-0.01376157,0,0,-1,-1,-1,-1,0,0,0,0,0,0,0,0,0
1521409767520.11,49.5551239013672,0,0.2156862,4212.464,-0.01374551,0,0,-1,-1,-1,-1,0,0,0,0,0,0,0,0,0
1521409767593.82,49.6936492919922,0,0.235052,4227.311,-0.0137139,0,0,-1,-1,-1,-1,0,0,0,0,0,0,0,0,0
1521409767672.93,49.8376190185547,0,0.2156862,4242.303,-0.0136736,0,0,-1,-1,-1,-1,0,0,0,0,0,0,0,0,0
1521409767752.53,49.9757354736328,0,0.2156862,4256.879,-0.01362386,0,0,-1,-1,-1,-1,0,0,0,0,0,0,0,0,0
1521409767820.74,49.1719757080078,0,0.2156862,4272.216,-0.01357793,0,0,-1,-1,-1,-1,0,0,0,0,0,0,0,0,0
1521409767888.61,49.3199981689453,0,0.2156862,4286.242,-0.01356249,0,0,-1,-1,-1,-1,0,0,0,0,0,0,0,0,0
1521409767963.14,50.3110473632813,0,0.2156862,4292.156,-0.01356116,0,0,-1,-1,-1,-1,0,0,0,0,0,0,0,0,0
1521409768042.01,50.4433227539063,0,0.2156862,4305.944,-0.01354034,0,0,-1,-1,-1,-1,0,0,0,0,0,0,0,0,0
1521409768121.48,50.5788787841797,0,0.2156862,4319.714,-0.0135108,0,0,-1,-1,-1,-1,0,0,0,0,0,0,0,0,0
1521409768204.27,50.7177947998047,0,0.2253691,4333.635,-0.01347374,0,0,-1,-1,-1,-1,0,0,0,0,0,0,0,0,0
1521409768287.18,50.0688201904297,0,0.2156862,4355.245,-0.01341695,0,0,-1,-1,-1,-1,0,0,0,0,0,0,0,0,0
1521409768354.79,50.9834991455078,0,0.2253691,4361.332,-0.01339381,0,0,-1,-1,-1,-1,0,0,0,0,0,0,0,0,0
1521409768421.8,50.2816986083984,0,0.2156862,4375.674,-0.01334971,0,0,-1,-1,-1,-1,0,0,0,0,0,0,0,0,0
1521409768489.21,50.4222564697266,0,0.2156862,4389.112,-0.01329569,0,0,-1,-1,-1,-1,0,0,0,0,0,0,0,0,0
1521409768572.42,50.5565826416016,0,0.2156862,4402.414,-0.01323659,0,0,-1,-1,-1,-1,0,0,0,0,0,0,0,0,0
1521409768669.46,51.5135498046875,0,0.2253691,4414.704,-0.01316606,0,0,-1,-1,-1,-1,0,0,0,0,0,0,0,0,0
1521409768740.97,50.8338928222656,0,0.2156862,4428.629,-0.01310995,0,0,-1,-1,-1,-1,0,0,0,0,0,0,0,0,0
1521409768813.15,50.9655303955078,0,0.2156862,4441.594,-0.01304286,0,0,-1,-1,-1,-1,0,0,0,0,0,0,0,0,0
1521409768888.54,51.0997497558594,0,0.2156862,4454.401,-0.01297066,0,0,-1,-1,-1,-1,0,0,0,0,0,0,0,0,0
1521409768970.42,51.2282653808594,0,0.235052,4467.099,-0.01291738,0,0,-1,-1,-1,-1,0,0,0,0,0,0,0,0,0
1521409769038.41,52.0960693359375,0,0.2156862,4472.861,-0.01290995,0,0,-1,-1,-1,-1,0,0,0,0,0,0,0,0,0
1521409769121.93,52.2150146484375,0,0.2156862,4485.546,-0.01288658,0,0,-1,-1,-1,-1,0,0,0,0,0,0,0,0,0
1521409769188.87,52.3346008300781,0,0.2156862,4497.949,-0.01285497,0,0,-1,-1,-1,-1,0,0,0,0,0,0,0,0,0
1521409769271.93,52.4534912109375,0,0.2156862,4510.133,-0.01282278,0,0,-1,-1,-1,-1,0,0,0,0,0,0,0,0,0
1521409769338.62,51.8021911621094,0,0.235052,4522.912,-0.01282166,0,0,-1,-1,-1,-1,0,0,0,0,0,0,0,0,0
1521409769419.98,51.9344604492188,0,0.2156862,4535.138,-0.01283783,0,0,-1,-1,-1,-1,0,0,0,0,0,0,0,0,0
1521409769488.81,52.0567443847656,0,0.2156862,4547.159,-0.01284656,0,0,-1,-1,-1,-1,0,0,0,0,0,0,0,0,0
1521409769555.51,52.8748474121094,0,0.2156862,4552.335,-0.0128547,0,0,-1,-1,-1,-1,0,0,0,0,0,0,0,0,0
1521409769624.63,52.2363464355469,0,0.2156862,4564.801,-0.01284328,0,0,-1,-1,-1,-1,0,0,0,0,0,0,0,0,0
1521409769695.41,52.3540954589844,0,0.2156862,4576.34,-0.01282857,0,0,-1,-1,-1,-1,0,0,0,0,0,0,0,0,0
1521409769769.68,52.4856384277344,0,0.2156862,4588.036,-0.01281074,0,0,-1,-1,-1,-1,0,0,0,0,0,0,0,0,0
1521409769837.79,53.2823120117188,0,0.2156862,4593.133,-0.01280038,0,0,-1,-1,-1,-1,0,0,0,0,0,0,0,0,0
1521409769904.57,52.6577575683594,0,0.2156862,4605.318,-0.01277357,0,0,-1,-1,-1,-1,0,0,0,0,0,0,0,0,0
1521409769987.41,53.5045837402344,0,0.2156862,4615.803,-0.0127341,0,0,-1,-1,-1,-1,0,0,0,0,0,0,0,0,0
1521409770054.08,52.8851623535156,0,0.2156862,4627.69,-0.01269255,0,0,-1,-1,-1,-1,0,0,0,0,0,0,0,0,0
1521409770136.29,52.997802734375,0,0.2156862,4638.649,-0.01264133,0,0,-1,-1,-1,-1,0,0,0,0,0,0,0,0,0
1521409770204.61,53.7760864257813,0,0.2156862,4643.269,-0.01260496,0,0,-1,-1,-1,-1,0,0,0,0,0,0,0,0,0
1521409770275.12,53.8827453613281,0,0.2156862,4654.057,-0.01253798,0,0,-1,-1,-1,-1,0,0,0,0,0,0,0,0,0
1521409770354.18,53.9867126464844,0,0.2156862,4664.708,-0.01245106,0,0,-1,-1,-1,-1,0,0,0,0,0,0,0,0,0
1521409770422.77,53.3800598144531,0,0.2156862,4676.064,-0.01238574,0,0,-1,-1,-1,-1,0,0,0,0,0,0,0,0,0
1521409770506.19,54.1941101074219,0,0.2156862,4685.586,-0.01235292,0,0,-1,-1,-1,-1,0,0,0,0,0,0,0,0,0
1521409770584.85,53.5959838867188,0,0.2156862,4696.766,-0.01231936,0,0,-1,-1,-1,-1,0,0,0,0,0,0,0,0,0
1521409770654.59,53.7150024414063,0,0.2156862,4707.024,-0.01226837,0,0,-1,-1,-1,-1,0,0,0,0,0,0,0,0,0
1521409770728.53,53.81513671875,0,0.2156862,4717.456,-0.01221712,0,0,-1,-1,-1,-1,0,0,0,0,0,0,0,0,0
1521409770805.04,54.55908203125,0,0.2156862,4721.773,-0.0122152,0,0,-1,-1,-1,-1,0,0,0,0,0,0,0,0,0
1521409770873.33,54.6599060058594,0,0.2156862,4731.956,-0.0122034,0,0,-1,-1,-1,-1,0,0,0,0,0,0,0,0,0
1521409770953.46,54.759912109375,0,0.2156862,4742.041,-0.01217702,0,0,-1,-1,-1,-1,0,0,0,0,0,0,0,0,0
1521409771020.8,54.1807006835938,0,0.2156862,4752.865,-0.01214233,0,0,-1,-1,-1,-1,0,0,0,0,0,0,0,0,0
1521409771088.58,54.2833923339844,0,0.2156862,4762.774,-0.01209257,0,0,-1,-1,-1,-1,0,0,0,0,0,0,0,0,0
1521409771156.87,55.0063781738281,0,0.2156862,4766.867,-0.01205325,0,0,-1,-1,-1,-1,0,0,0,0,0,0,0,0,0
1521409771225.26,54.4360168457031,0,0.2156862,4777.48,-0.01199653,0,0,-1,-1,-1,-1,0,0,0,0,0,0,0,0,0
1521409771304.68,54.5368530273438,0,0.2156862,4787.184,-0.01191825,0,0,-1,-1,-1,-1,0,0,0,0,0,0,0,0,0
1521409771371.63,54.6368713378906,0,0.2156862,4796.807,-0.01182903,0,0,-1,-1,-1,-1,0,0,0,0,0,0,0,0,0
1521409771438.67,55.3440551757813,0,0.2156862,4800.775,-0.01176579,0,0,-1,-1,-1,-1,0,0,0,0,0,0,0,0,0
1521409771520.04,55.4404846191406,0,0.2156862,4810.343,-0.01167648,0,0,-1,-1,-1,-1,0,0,0,0,0,0,0,0,0
1521409771588.75,55.5361022949219,0,0.2156862,4819.885,-0.01158295,0,0,-1,-1,-1,-1,0,0,0,0,0,0,0,0,0
1521409771672.84,55.630615234375,0,0.2156862,4829.371,-0.01147882,0,0,-1,-1,-1,-1,0,0,0,0,0,0,0,0,0
1521409771751.13,55.7242065429688,0,0.2156862,4838.783,-0.01136927,0,0,-1,-1,-1,-1,0,0,0,0,0,0,0,0,0
1521409771823.3,55.1811340332031,0,0.2156862,4848.901,-0.01127833,0,0,-1,-1,-1,-1,0,0,0,0,0,0,0,0,0
1521409771890.98,55.2772827148438,0,0.2156862,4858.136,-0.01119901,0,0,-1,-1,-1,-1,0,0,0,0,0,0,0,0,0
1521409771971.42,55.3722595214844,0,0.2156862,4867.314,-0.01116364,0,0,-1,-1,-1,-1,0,0,0,0,0,0,0,0,0
1521409772044.41,56.0450134277344,0,0.2156862,4871.086,-0.0111436,0,0,-1,-1,-1,-1,0,0,0,0,0,0,0,0,0
1521409772113.26,56.1348327636719,0,0.2156862,4880.137,-0.01110613,0,0,-1,-1,-1,-1,0,0,0,0,0,0,0,0,0
1521409772186.36,56.2268188476563,0,0.2156862,4889.221,-0.01109453,0,0,-1,-1,-1,-1,0,0,0,0,0,0,0,0,0
1521409772257,55.7050048828125,0,0.2156862,4899.011,-0.01111176,0,0,-1,-1,-1,-1,0,0,0,0,0,0,0,0,0
1521409772336.74,55.79580078125,0,0.2156862,4907.938,-0.01114278,0,0,-1,-1,-1,-1,0,0,0,0,0,0,0,0,0
1521409772403.4,56.4473327636719,0,0.2156862,4911.588,-0.01116895,0,0,-1,-1,-1,-1,0,0,0,0,0,0,0,0,0
1521409772470.49,56.5332458496094,0,0.2156862,4920.338,-0.01119465,0,0,-1,-1,-1,-1,0,0,0,0,0,0,0,0,0
1521409772554.44,56.6183959960938,0,0.2156862,4928.998,-0.01121767,0,0,-1,-1,-1,-1,0,0,0,0,0,0,0,0,0
1521409772636.7,56.70244140625,0,0.2156862,4937.57,-0.01123255,0,0,-1,-1,-1,-1,0,0,0,0,0,0,0,0,0
1521409772720.56,56.7852478027344,0,0.2156862,4946.048,-0.01123797,0,0,-1,-1,-1,-1,0,0,0,0,0,0,0,0,0
1521409772791.98,56.8669982910156,0,0.2156862,4954.423,-0.01123566,0,0,-1,-1,-1,-1,0,0,0,0,0,0,0,0,0
1521409772870.86,56.948486328125,0,0.2156862,4962.71,-0.01123254,0,0,-1,-1,-1,-1,0,0,0,0,0,0,0,0,0
1521409772953.41,57.0359802246094,0,0.2156862,4971.034,-0.01121777,0,0,-1,-1,-1,-1,0,0,0,0,0,0,0,0,0
1521409773020.29,56.5468872070313,0,0.2156862,4980.035,-0.01119045,0,0,-1,-1,-1,-1,0,0,0,0,0,0,0,0,0
1521409773087.58,56.6308654785156,0,0.2156862,4988.146,-0.01114969,0,0,-1,-1,-1,-1,0,0,0,0,0,0,0,0,0
1521409773154.88,57.22998046875,0,0.2156862,4991.43,-0.01112077,0,0,-1,-1,-1,-1,0,0,0,0,0,0,0,0,0
1521409773239.18,57.3077758789063,0,0.2156862,4999.406,-0.01106897,0,0,-1,-1,-1,-1,0,0,0,0,0,0,0,0,0
1521409773320.37,57.38564453125,0,0.2156862,5007.324,-0.01101056,0,0,-1,-1,-1,-1,0,0,0,0,0,0,0,0,0
1521409773388.24,57.4623229980469,0,0.2156862,5015.191,-0.01099584,0,0,-1,-1,-1,-1,0,0,0,0,0,0,0,0,0
1521409773471.45,57.5398498535156,0,0.2156862,5023.017,-0.01098928,0,0,-1,-1,-1,-1,0,0,0,0,0,0,0,0,0
1521409773554.51,57.6171630859375,0,0.2156862,5030.817,-0.01098026,0,0,-1,-1,-1,-1,0,0,0,0,0,0,0,0,0
1521409773637.18,57.6935974121094,0,0.2156862,5038.583,-0.01098079,0,0,-1,-1,-1,-1,0,0,0,0,0,0,0,0,0
1521409773704.2,57.2537109375,0,0.2156862,5046.901,-0.01100829,0,0,-1,-1,-1,-1,0,0,0,0,0,0,0,0,0
1521409773810.15,57.3749694824219,0,0.2156862,5058.348,-0.01106998,0,0,-1,-1,-1,-1,0,0,0,0,0,0,0,0,0
1521409773887.28,57.4551635742188,0,0.2156862,5065.903,-0.01111105,0,0,-1,-1,-1,-1,0,0,0,0,0,0,0,0,0
1521409773970.8,57.5346862792969,0,0.2156862,5073.394,-0.01115813,0,0,-1,-1,-1,-1,0,0,0,0,0,0,0,0,0
1521409774039.22,58.0629577636719,0,0.2156862,5076.583,-0.01119342,0,0,-1,-1,-1,-1,0,0,0,0,0,0,0,0,0
1521409774124.22,58.1344421386719,0,0.2156862,5083.996,-0.01123138,0,0,-1,-1,-1,-1,0,0,0,0,0,0,0,0,0
1521409774203.44,58.2050842285156,0,0.2156862,5091.349,-0.01126788,0,0,-1,-1,-1,-1,0,0,0,0,0,0,0,0,0
1521409774270.59,58.2746826171875,0,0.2156862,5098.643,-0.01130064,0,0,-1,-1,-1,-1,0,0,0,0,0,0,0,0,0
1521409774338.92,57.885693359375,0,0.2060034,5106.296,-0.01130708,0,0,-1,-1,-1,-1,0,0,0,0,0,0,0,0,0
1521409774422.88,57.9061767578125,0,0.1672718,5112.953,-0.0113033,0,0,-1,-1,-1,-1,0,0,0,0,0,0,0,0,0
1521409774503.85,57.8009033203125,0,0.1188574,5116.543,-0.01129145,0,0,-1,-1,-1,-1,0,0,0,0,0,0,0,0,0
1521409774588.21,57.9621826171875,0,0.06076009,5109.061,-0.01127217,0,0,-1,-1,-1,-1,0,0,0,0,0,0,0,0,0
1521409774672.37,57.6182067871094,0,0.03171144,5094.957,-0.01123523,0,0,-1,-1,-1,-1,0,0,0,0,0,0,0,0,0
1521409774754.18,57.225341796875,0,0.01234567,5072.589,-0.01116395,0,0,-1,-1,-1,-1,0,0,0,0,0,0,0,0,0
1521409774840.3,56.7874877929688,0,0,5043.408,-0.01109812,0,0,-1,-1,-1,-1,0,0,0,0,0,0,0,0,0
1521409774964.64,56.115478515625,0,0,4990.262,-0.01105286,0,0,-1,-1,-1,-1,0,0,0,0,0,0,0,0,0
1521409775044.86,55.6710754394531,0,0,4951.279,-0.01100258,0,0,-1,-1,-1,-1,0,0,0,0,0,0,0,0,0
1521409775116.86,55.230615234375,0,0,4910.734,-0.01093636,0,0,-1,-1,-1,-1,0,0,0,0,0,0,0,0,0
1521409775187.49,54.79462890625,0,0,4869.313,-0.01090506,0,0,-1,-1,-1,-1,0,0,0,0,0,0,0,0,0
1521409775258.99,53.7037231445313,0,0.002662782,4841.879,-0.01088246,0,0,-1,-1,-1,-1,0,0,0,0,0,0,0,0,0
1521409775339.56,53.3601867675781,0,0.06076009,4800.679,-0.01085605,0,0,-1,-1,-1,-1,0,0,0,0,0,0,0,0,0
1521409775406.35,53.1190856933594,0,0.08980875,4763.785,-0.01082756,0,0,-1,-1,-1,-1,0,0,0,0,0,0,0,0,0
1521409775473.63,53.7343322753906,0,0.1091745,4736.024,-0.01080234,0,0,-1,-1,-1,-1,0,0,0,0,0,0,0,0,0
1521409775560.09,53.5678649902344,0,0.1091745,4708.883,-0.01075211,0,0,-1,-1,-1,-1,0,0,0,0,0,0,0,0,0
1521409775639.34,53.4146728515625,0,0.1188574,4685.718,-0.0107089,0,0,-1,-1,-1,-1,0,0,0,0,0,0,0,0,0
1521409775707.95,53.3152770996094,0,0.1479061,4666.036,-0.01067481,0,0,-1,-1,-1,-1,0,0,0,0,0,0,0,0,0
1521409775787.42,53.2992309570313,0,0.1672718,4651.164,-0.01064083,0,0,-1,-1,-1,-1,0,0,0,0,0,0,0,0,0
1521409775892.36,52.6107971191406,0,0.1866376,4643.545,-0.01058853,0,0,-1,-1,-1,-1,0,0,0,0,0,0,0,0,0
1521409775969.93,52.6567321777344,0,0.1866376,4639.454,-0.01055033,0,0,-1,-1,-1,-1,0,0,0,0,0,0,0,0,0
1521409776053.72,52.7227844238281,0,0.2060034,4638.455,-0.01051335,0,0,-1,-1,-1,-1,0,0,0,0,0,0,0,0,0
1521409776124.38,53.4833190917969,0,0.1866376,4635.881,-0.01049221,0,0,-1,-1,-1,-1,0,0,0,0,0,0,0,0,0
1521409776248.02,52.8709228515625,0,0.1963205,4644.478,-0.01041749,0,0,-1,-1,-1,-1,0,0,0,0,0,0,0,0,0
1521409776323.81,53.6274841308594,0,0.1963205,4643.989,-0.0103863,0,0,-1,-1,-1,-1,0,0,0,0,0,0,0,0,0
1521409776416.6,52.9971984863281,0,0.1963205,4653.535,-0.01030857,0,0,-1,-1,-1,-1,0,0,0,0,0,0,0,0,0
1521409776488.13,53.0468627929688,0,0.1866376,4658.728,-0.01025392,0,0,-1,-1,-1,-1,0,0,0,0,0,0,0,0,0
1521409776557.66,53.7953857421875,0,0.1866376,4658.901,-0.0102479,0,0,-1,-1,-1,-1,0,0,0,0,0,0,0,0,0
1521409776636.53,53.84609375,0,0.1963205,4663.852,-0.01024272,0,0,-1,-1,-1,-1,0,0,0,0,0,0,0,0,0
1521409776707.67,53.8841613769531,0,0.1866376,4668.812,-0.01022997,0,0,-1,-1,-1,-1,0,0,0,0,0,0,0,0,0
1521409776775.69,53.2133605957031,0,0.1866376,4675.823,-0.0102085,0,0,-1,-1,-1,-1,0,0,0,0,0,0,0,0,0
1521409776860.67,53.2582336425781,0,0.1866376,4680.308,-0.01020825,0,0,-1,-1,-1,-1,0,0,0,0,0,0,0,0,0
1521409776937.21,53.3177368164063,0,0.1963205,4684.714,-0.01022936,0,0,-1,-1,-1,-1,0,0,0,0,0,0,0,0,0
1521409777003.86,54.0549560546875,0,0.1963205,4684.815,-0.01024719,0,0,-1,-1,-1,-1,0,0,0,0,0,0,0,0,0
1521409777072.68,54.1057678222656,0,0.1963205,4689.792,-0.01025574,0,0,-1,-1,-1,-1,0,0,0,0,0,0,0,0,0
1521409777158.08,54.163818359375,0,0.1963205,4694.913,-0.01025656,0,0,-1,-1,-1,-1,0,0,0,0,0,0,0,0,0
1521409777236.52,54.2010925292969,0,0.1963205,4699.968,-0.01025319,0,0,-1,-1,-1,-1,0,0,0,0,0,0,0,0,0
1521409777304.39,53.5599243164063,0,0.1963205,4707.057,-0.01024183,0,0,-1,-1,-1,-1,0,0,0,0,0,0,0,0,0
1521409777372.62,53.6103088378906,0,0.1866376,4711.946,-0.01022941,0,0,-1,-1,-1,-1,0,0,0,0,0,0,0,0,0
1521409777452.99,53.6635009765625,0,0.1866376,4716.811,-0.01021172,0,0,-1,-1,-1,-1,0,0,0,0,0,0,0,0,0
1521409777522.89,54.37939453125,0,0.1963205,4717.007,-0.01019875,0,0,-1,-1,-1,-1,0,0,0,0,0,0,0,0,0
1521409777608.51,53.7535766601563,0,0.1963205,4726.535,-0.01015903,0,0,-1,-1,-1,-1,0,0,0,0,0,0,0,0,0
1521409777690.67,53.8151611328125,0,0.1963205,4731.307,-0.01012542,0,0,-1,-1,-1,-1,0,0,0,0,0,0,0,0,0
1521409777770.78,53.8716918945313,0,0.1866376,4736.305,-0.01008663,0,0,-1,-1,-1,-1,0,0,0,0,0,0,0,0,0
1521409777838.81,54.5795654296875,0,0.1963205,4736.593,-0.0100584,0,0,-1,-1,-1,-1,0,0,0,0,0,0,0,0,0
1521409777922.6,54.6142028808594,0,0.1866376,4741.354,-0.01000975,0,0,-1,-1,-1,-1,0,0,0,0,0,0,0,0,0
1521409778004.64,54.6510620117188,0,0.1866376,4745.583,-0.00995585,0,0,-1,-1,-1,-1,0,0,0,0,0,0,0,0,0
1521409778086.87,54.0132507324219,0,0.1963205,4753.758,-0.009876507,0,0,-1,-1,-1,-1,0,0,0,0,0,0,0,0,0
1521409778155.52,54.7235168457031,0,0.1866376,4753.059,-0.009832758,0,0,-1,-1,-1,-1,0,0,0,0,0,0,0,0,0
1521409778223.93,54.0694763183594,0,0.1963205,4759.242,-0.009777119,0,0,-1,-1,-1,-1,0,0,0,0,0,0,0,0,0
1521409778290.86,54.1176025390625,0,0.1963205,4762.809,-0.009737081,0,0,-1,-1,-1,-1,0,0,0,0,0,0,0,0,0
1521409778371.53,54.1595092773438,0,0.1866376,4766.773,-0.009713268,0,0,-1,-1,-1,-1,0,0,0,0,0,0,0,0,0
1521409778453.1,54.1889099121094,0,0.1963205,4770.493,-0.009685396,0,0,-1,-1,-1,-1,0,0,0,0,0,0,0,0,0
1521409778521,54.8878601074219,0,0.1866376,4769.905,-0.009671967,0,0,-1,-1,-1,-1,0,0,0,0,0,0,0,0,0
1521409778587.62,54.9199584960938,0,0.1866376,4773.546,-0.009676336,0,0,-1,-1,-1,-1,0,0,0,0,0,0,0,0,0
1521409778669.55,54.96142578125,0,0.1963205,4777.054,-0.009696955,0,0,-1,-1,-1,-1,0,0,0,0,0,0,0,0,0
1521409778736.2,54.3386169433594,0,0.1866376,4783.224,-0.009704077,0,0,-1,-1,-1,-1,0,0,0,0,0,0,0,0,0
1521409778803.93,55.0159362792969,0,0.1866376,4782.788,-0.009718814,0,0,-1,-1,-1,-1,0,0,0,0,0,0,0,0,0
1521409778871.31,55.0515625,0,0.1866376,4786.379,-0.009730759,0,0,-1,-1,-1,-1,0,0,0,0,0,0,0,0,0
1521409778951.46,55.0770446777344,0,0.1866376,4789.711,-0.00974221,0,0,-1,-1,-1,-1,0,0,0,0,0,0,0,0,0
1521409779020.48,54.4383728027344,0,0.1963205,4795.366,-0.009745998,0,0,-1,-1,-1,-1,0,0,0,0,0,0,0,0,0
1521409779101.72,54.4704956054688,0,0.1866376,4798.447,-0.009756913,0,0,-1,-1,-1,-1,0,0,0,0,0,0,0,0,0
1521409779173.36,54.497314453125,0,0.1963205,4801.354,-0.009763569,0,0,-1,-1,-1,-1,0,0,0,0,0,0,0,0,0
1521409779240.59,55.1910888671875,0,0.1963205,4800.342,-0.009765272,0,0,-1,-1,-1,-1,0,0,0,0,0,0,0,0,0
1521409779323.52,55.2185485839844,0,0.1672718,4803.737,-0.009750102,0,0,-1,-1,-1,-1,0,0,0,0,0,0,0,0,0
1521409779403.73,55.192919921875,0,0.1672718,4805.875,-0.009730543,0,0,-1,-1,-1,-1,0,0,0,0,0,0,0,0,0
1521409779494.82,54.4945251464844,0,0.1672718,4809.634,-0.009702039,0,0,-1,-1,-1,-1,0,0,0,0,0,0,0,0,0
1521409779569.25,54.4659606933594,0,0.1672718,4808.827,-0.00967703,0,0,-1,-1,-1,-1,0,0,0,0,0,0,0,0,0
1521409779638.26,55.1108947753906,0,0.1672718,4804.431,-0.009658147,0,0,-1,-1,-1,-1,0,0,0,0,0,0,0,0,0
1521409779721.3,55.088720703125,0,0.1672718,4802.785,-0.009621096,0,0,-1,-1,-1,-1,0,0,0,0,0,0,0,0,0
1521409779802.76,55.0665100097656,0,0.1672718,4800.95,-0.009577311,0,0,-1,-1,-1,-1,0,0,0,0,0,0,0,0,0
1521409779870.96,55.0444213867188,0,0.1672718,4798.995,-0.009527281,0,0,-1,-1,-1,-1,0,0,0,0,0,0,0,0,0
1521409779954.43,55.0225891113281,0,0.1672718,4796.969,-0.009472,0,0,-1,-1,-1,-1,0,0,0,0,0,0,0,0,0
1521409780023.79,54.3376342773438,0,0.1672718,4798.817,-0.009424463,0,0,-1,-1,-1,-1,0,0,0,0,0,0,0,0,0
1521409780090.99,54.3154846191406,0,0.1672718,4796.747,-0.009400053,0,0,-1,-1,-1,-1,0,0,0,0,0,0,0,0,0
1521409780173.95,54.2935668945313,0,0.1672718,4794.673,-0.009388642,0,0,-1,-1,-1,-1,0,0,0,0,0,0,0,0,0
1521409780252.13,54.2717102050781,0,0.1672718,4792.603,-0.009377306,0,0,-1,-1,-1,-1,0,0,0,0,0,0,0,0,0
1521409780319.83,54.9276733398438,0,0.1672718,4787.642,-0.009368259,0,0,-1,-1,-1,-1,0,0,0,0,0,0,0,0,0
1521409780388.99,54.9069152832031,0,0.1672718,4785.577,-0.009375219,0,0,-1,-1,-1,-1,0,0,0,0,0,0,0,0,0
1521409780470.3,54.8862487792969,0,0.1672718,4783.522,-0.00939469,0,0,-1,-1,-1,-1,0,0,0,0,0,0,0,0,0
1521409780540.12,54.1964233398438,0,0.1672718,4785.41,-0.009403159,0,0,-1,-1,-1,-1,0,0,0,0,0,0,0,0,0
1521409780619.78,54.1874267578125,0,0.1672718,4783.378,-0.009418205,0,0,-1,-1,-1,-1,0,0,0,0,0,0,0,0,0
1521409780702.96,54.160986328125,0,0.1672718,4781.594,-0.00943091,0,0,-1,-1,-1,-1,0,0,0,0,0,0,0,0,0
1521409780771.08,54.1473388671875,0,0.1672718,4779.855,-0.009441867,0,0,-1,-1,-1,-1,0,0,0,0,0,0,0,0,0
1521409780854.41,54.1252258300781,0,0.1672718,4778.097,-0.009451205,0,0,-1,-1,-1,-1,0,0,0,0,0,0,0,0,0
1521409780924.85,54.7870849609375,0,0.1672718,4773.29,-0.00946166,0,0,-1,-1,-1,-1,0,0,0,0,0,0,0,0,0
1521409781013.29,54.0840026855469,0,0.1672718,4774.393,-0.009464954,0,0,-1,-1,-1,-1,0,0,0,0,0,0,0,0,0
1521409781089.13,54.0637390136719,0,0.1672718,4772.503,-0.009469164,0,0,-1,-1,-1,-1,0,0,0,0,0,0,0,0,0
1521409781170.29,54.0436157226563,0,0.1672718,4770.606,-0.009471769,0,0,-1,-1,-1,-1,0,0,0,0,0,0,0,0,0
1521409781253.43,54.0236633300781,0,0.1672718,4768.708,-0.009472436,0,0,-1,-1,-1,-1,0,0,0,0,0,0,0,0,0
1521409781320.64,54.6900024414063,0,0.1672718,4763.833,-0.009476462,0,0,-1,-1,-1,-1,0,0,0,0,0,0,0,0,0
1521409781389.98,54.6710205078125,0,0.1672718,4761.944,-0.009474155,0,0,-1,-1,-1,-1,0,0,0,0,0,0,0,0,0
1521409781470.05,54.6522094726563,0,0.1672718,4760.065,-0.009470041,0,0,-1,-1,-1,-1,0,0,0,0,0,0,0,0,0
1521409781554.52,54.6335632324219,0,0.1672718,4758.199,-0.009464186,0,0,-1,-1,-1,-1,0,0,0,0,0,0,0,0,0
1521409781637.57,54.6220458984375,0,0.1672718,4756.462,-0.009456635,0,0,-1,-1,-1,-1,0,0,0,0,0,0,0,0,0
1521409781704.68,53.9226257324219,0,0.1672718,4758.688,-0.009445209,0,0,-1,-1,-1,-1,0,0,0,0,0,0,0,0,0
1521409781787.57,54.5843505859375,0,0.1672718,4753.064,-0.009435961,0,0,-1,-1,-1,-1,0,0,0,0,0,0,0,0,0
1521409781869.84,54.5661865234375,0,0.1672718,4751.318,-0.009423217,0,0,-1,-1,-1,-1,0,0,0,0,0,0,0,0,0
1521409781938.87,53.8663757324219,0,0.1672718,4753.488,-0.009427704,0,0,-1,-1,-1,-1,0,0,0,0,0,0,0,0,0
1521409782034.48,54.5303161621094,0,0.1672718,4747.805,-0.009455935,0,0,-1,-1,-1,-1,0,0,0,0,0,0,0,0,0
1521409782102.71,53.8291198730469,0,0.1672718,4749.972,-0.009458209,0,0,-1,-1,-1,-1,0,0,0,0,0,0,0,0,0
1521409782174.04,53.810009765625,0,0.1672718,4748.203,-0.009455836,0,0,-1,-1,-1,-1,0,0,0,0,0,0,0,0,0
1521409782241.88,54.4887634277344,0,0.1672718,4743.49,-0.009472601,0,0,-1,-1,-1,-1,0,0,0,0,0,0,0,0,0
1521409782320.47,54.4723327636719,0,0.1672718,4741.867,-0.00950331,0,0,-1,-1,-1,-1,0,0,0,0,0,0,0,0,0
1521409782404.61,54.4551147460938,0,0.1672718,4740.205,-0.009529304,0,0,-1,-1,-1,-1,0,0,0,0,0,0,0,0,0
1521409782487.44,53.7435607910156,0,0.1672718,4741.62,-0.009560318,0,0,-1,-1,-1,-1,0,0,0,0,0,0,0,0,0
1521409782554.35,54.4215209960938,0,0.1672718,4736.868,-0.009589036,0,0,-1,-1,-1,-1,0,0,0,0,0,0,0,0,0
1521409782635.95,54.4048034667969,0,0.1672718,4735.209,-0.009613487,0,0,-1,-1,-1,-1,0,0,0,0,0,0,0,0,0
1521409782706.28,54.3881591796875,0,0.1672718,4733.556,-0.009635915,0,0,-1,-1,-1,-1,0,0,0,0,0,0,0,0,0
1521409782787.07,54.3716247558594,0,0.1769547,4731.911,-0.009655388,0,0,-1,-1,-1,-1,0,0,0,0,0,0,0,0,0
1521409782854.48,53.6732360839844,0,0.1672718,4734.345,-0.009656033,0,0,-1,-1,-1,-1,0,0,0,0,0,0,0,0,0
1521409782936.88,53.6529418945313,0,0.1672718,4732.844,-0.009640591,0,0,-1,-1,-1,-1,0,0,0,0,0,0,0,0,0
1521409783004.88,54.3320129394531,0,0.1672718,4728.107,-0.00962403,0,0,-1,-1,-1,-1,0,0,0,0,0,0,0,0,0
1521409783077.76,54.3150085449219,0,0.1672718,4726.43,-0.009611839,0,0,-1,-1,-1,-1,0,0,0,0,0,0,0,0,0
1521409783156.46,54.2988403320313,0,0.1672718,4724.777,-0.009629463,0,0,-1,-1,-1,-1,0,0,0,0,0,0,0,0,0
1521409783223.81,53.5907287597656,0,0.1672718,4727.075,-0.009645778,0,0,-1,-1,-1,-1,0,0,0,0,0,0,0,0,0
1521409783302.12,53.574169921875,0,0.1672718,4725.452,-0.009653945,0,0,-1,-1,-1,-1,0,0,0,0,0,0,0,0,0
1521409783369.58,53.5573791503906,0,0.1575889,4723.853,-0.009633007,0,0,-1,-1,-1,-1,0,0,0,0,0,0,0,0,0
1521409783440.03,54.2331420898438,0,0.1672718,4718.979,-0.009595132,0,0,-1,-1,-1,-1,0,0,0,0,0,0,0,0,0
1521409783521.15,54.2077453613281,0,0.1672718,4717.111,-0.009544153,0,0,-1,-1,-1,-1,0,0,0,0,0,0,0,0,0
1521409783590.19,54.1947814941406,0,0.1672718,4715.133,-0.00953987,0,0,-1,-1,-1,-1,0,0,0,0,0,0,0,0,0
1521409783672.03,54.1713317871094,0,0.1672718,4713.321,-0.009550507,0,0,-1,-1,-1,-1,0,0,0,0,0,0,0,0,0
1521409783755.59,54.1457946777344,0,0.1575889,4711.293,-0.009536595,0,0,-1,-1,-1,-1,0,0,0,0,0,0,0,0,0
1521409783836.98,54.1059326171875,0,0.1575889,4708.733,-0.009493033,0,0,-1,-1,-1,-1,0,0,0,0,0,0,0,0,0
1521409783920.81,54.0736267089844,0,0.1575889,4705.811,-0.009472547,0,0,-1,-1,-1,-1,0,0,0,0,0,0,0,0,0
1521409784004.11,54.0544006347656,0,0.1672718,4702.914,-0.009495056,0,0,-1,-1,-1,-1,0,0,0,0,0,0,0,0,0
1521409784074.13,54.0271667480469,0,0.1672718,4700.422,-0.009519311,0,0,-1,-1,-1,-1,0,0,0,0,0,0,0,0,0
1521409784153.45,53.9940551757813,0,0.1575889,4697.792,-0.00954023,0,0,-1,-1,-1,-1,0,0,0,0,0,0,0,0,0
1521409784238.3,53.9549987792969,0,0.1575889,4694.781,-0.009545178,0,0,-1,-1,-1,-1,0,0,0,0,0,0,0,0,0
1521409784319.8,53.9137634277344,0,0.1575889,4691.425,-0.009524737,0,0,-1,-1,-1,-1,0,0,0,0,0,0,0,0,0
1521409784386.82,53.8760803222656,0,0.1575889,4687.874,-0.009527122,0,0,-1,-1,-1,-1,0,0,0,0,0,0,0,0,0
1521409784454.58,53.1333374023438,0,0.1575889,4688.822,-0.009554829,0,0,-1,-1,-1,-1,0,0,0,0,0,0,0,0,0
1521409784536.98,53.0952880859375,0,0.1575889,4685.239,-0.009598678,0,0,-1,-1,-1,-1,0,0,0,0,0,0,0,0,0
1521409784603.38,53.7849548339844,0,0.1575889,4678.914,-0.009615144,0,0,-1,-1,-1,-1,0,0,0,0,0,0,0,0,0
1521409784671.18,53.7470153808594,0,0.1575889,4675.323,-0.009582785,0,0,-1,-1,-1,-1,0,0,0,0,0,0,0,0,0
1521409784753.82,53.7099243164063,0,0.1575889,4671.689,-0.009549326,0,0,-1,-1,-1,-1,0,0,0,0,0,0,0,0,0
1521409784821.13,52.9624328613281,0,0.1575889,4672.635,-0.009536278,0,0,-1,-1,-1,-1,0,0,0,0,0,0,0,0,0
1521409784902.77,52.9259887695313,0,0.1575889,4669.08,-0.009557474,0,0,-1,-1,-1,-1,0,0,0,0,0,0,0,0,0
1521409784970.45,52.8899597167969,0,0.1575889,4665.562,-0.009570387,0,0,-1,-1,-1,-1,0,0,0,0,0,0,0,0,0
1521409785037.19,53.5878356933594,0,0.1575889,4659.276,-0.009574245,0,0,-1,-1,-1,-1,0,0,0,0,0,0,0,0,0
1521409785121.16,53.5513854980469,0,0.1575889,4655.828,-0.009552641,0,0,-1,-1,-1,-1,0,0,0,0,0,0,0,0,0
1521409785203.24,53.4808044433594,0,0.1575889,4651.996,-0.009392352,0,0,-1,-1,-1,-1,0,0,0,0,0,0,0,0,0
1521409785273.72,53.4187377929688,0,0.1769547,4646.833,-0.00917716,0,0,-1,-1,-1,-1,0,0,0,0,0,0,0,0,0
1521409785356.78,53.4157043457031,0,0.1672718,4642.538,-0.009163929,0,0,-1,-1,-1,-1,0,0,0,0,0,0,0,0,0
1521409785424.49,52.6759826660156,0,0.1575889,4643.74,-0.009204916,0,0,-1,-1,-1,-1,0,0,0,0,0,0,0,0,0
1521409785505.19,52.6351745605469,0,0.1575889,4640.641,-0.009171248,0,0,-1,-1,-1,-1,0,0,0,0,0,0,0,0,0
1521409785574.61,52.6249816894531,0,0.1672718,4637.67,-0.009085284,0,0,-1,-1,-1,-1,0,0,0,0,0,0,0,0,0
1521409785655.64,52.6158874511719,0,0.1672718,4635.431,-0.008995236,0,0,-1,-1,-1,-1,0,0,0,0,0,0,0,0,0
1521409785723.14,53.3387145996094,0,0.1769547,4630.381,-0.008938433,0,0,-1,-1,-1,-1,0,0,0,0,0,0,0,0,0
1521409785806.93,52.6056884765625,0,0.1672718,4632.488,-0.008847968,0,0,-1,-1,-1,-1,0,0,0,0,0,0,0,0,0
1521409785890.97,52.5966186523438,0,0.1672718,4631.403,-0.008815332,0,0,-1,-1,-1,-1,0,0,0,0,0,0,0,0,0
1521409785969.85,52.5713195800781,0,0.1575889,4630.335,-0.008790238,0,0,-1,-1,-1,-1,0,0,0,0,0,0,0,0,0
1521409786052.72,52.5425476074219,0,0.1575889,4628.691,-0.008765158,0,0,-1,-1,-1,-1,0,0,0,0,0,0,0,0,0
1521409786120.38,53.2605285644531,0,0.1575889,4623.585,-0.008752459,0,0,-1,-1,-1,-1,0,0,0,0,0,0,0,0,0
1521409786190.07,53.2297607421875,0,0.1575889,4621.425,-0.00875592,0,0,-1,-1,-1,-1,0,0,0,0,0,0,0,0,0
1521409786270.73,53.1945495605469,0,0.1479061,4618.951,-0.00878607,0,0,-1,-1,-1,-1,0,0,0,0,0,0,0,0,0
1521409786355.14,53.0911865234375,0,0.1285403,4615.018,-0.008900547,0,0,-1,-1,-1,-1,0,0,0,0,0,0,0,0,0
1521409786437.27,52.9876647949219,0,0.1382232,4608.845,-0.00887765,0,0,-1,-1,-1,-1,0,0,0,0,0,0,0,0,0
1521409786520.9,52.9209777832031,0,0.1672718,4602.02,-0.008792592,0,0,-1,-1,-1,-1,0,0,0,0,0,0,0,0,0
1521409786604.03,52.8901916503906,0,0.1672718,4595.735,-0.008662923,0,0,-1,-1,-1,-1,0,0,0,0,0,0,0,0,0
1521409786687.34,52.1376770019531,0,0.1575889,4593.922,-0.008727081,0,0,-1,-1,-1,-1,0,0,0,0,0,0,0,0,0
1521409786754.32,52.8379272460938,0,0.1382232,4587.428,-0.008764739,0,0,-1,-1,-1,-1,0,0,0,0,0,0,0,0,0
1521409786838.52,52.7624084472656,0,0.1382232,4582.671,-0.008757105,0,0,-1,-1,-1,-1,0,0,0,0,0,0,0,0,0
1521409786921.35,52.6821228027344,0,0.1382232,4576.988,-0.008705391,0,0,-1,-1,-1,-1,0,0,0,0,0,0,0,0,0
1521409787001.67,52.5221984863281,0,0.1479061,4569.676,-0.008424132,0,0,-1,-1,-1,-1,0,0,0,0,0,0,0,0,0
1521409787071.37,52.44912109375,0,0.1866376,4559.849,-0.00810223,0,0,-1,-1,-1,-1,0,0,0,0,0,0,0,0,0
1521409787138.09,51.7319396972656,0,0.1866376,4558.47,-0.008067489,0,0,-1,-1,-1,-1,0,0,0,0,0,0,0,0,0
1521409787220.83,51.7046203613281,0,0.1479061,4554.274,-0.008140429,0,0,-1,-1,-1,-1,0,0,0,0,0,0,0,0,0
1521409787301.76,51.6340698242188,0,0.1479061,4550.241,-0.008061932,0,0,-1,-1,-1,-1,0,0,0,0,0,0,0,0,0
1521409787372.62,51.6127990722656,0,0.1575889,4545.847,-0.007918725,0,0,-1,-1,-1,-1,0,0,0,0,0,0,0,0,0
1521409787454.04,51.595654296875,0,0.1575889,4542.297,-0.007774889,0,0,-1,-1,-1,-1,0,0,0,0,0,0,0,0,0
1521409787521.12,52.3450744628906,0,0.1575889,4536.046,-0.007681465,0,0,-1,-1,-1,-1,0,0,0,0,0,0,0,0,0
1521409787588.98,52.3256958007813,0,0.1575889,4533.255,-0.007563939,0,0,-1,-1,-1,-1,0,0,0,0,0,0,0,0,0
1521409787670.94,52.3071166992188,0,0.1575889,4530.811,-0.007457169,0,0,-1,-1,-1,-1,0,0,0,0,0,0,0,0,0
1521409787760.54,52.2846618652344,0,0.1575889,4528.481,-0.00735676,0,0,-1,-1,-1,-1,0,0,0,0,0,0,0,0,0
1521409787837.13,52.2566711425781,0,0.1575889,4526.138,-0.007292826,0,0,-1,-1,-1,-1,0,0,0,0,0,0,0,0,0
1521409787923.72,52.2217224121094,0,0.1575889,4523.434,-0.007319785,0,0,-1,-1,-1,-1,0,0,0,0,0,0,0,0,0
1521409788001.76,52.1778991699219,0,0.1575889,4520.451,-0.007248736,0,0,-1,-1,-1,-1,0,0,0,0,0,0,0,0,0
1521409788071.18,52.1558471679688,0,0.1575889,4517.305,-0.007172087,0,0,-1,-1,-1,-1,0,0,0,0,0,0,0,0,0
1521409788139.09,51.3622741699219,0,0.1575889,4519.09,-0.007133137,0,0,-1,-1,-1,-1,0,0,0,0,0,0,0,0,0
1521409788213.35,51.3557800292969,0,0.1672718,4516.499,-0.007108466,0,0,-1,-1,-1,-1,0,0,0,0,0,0,0,0,0
1521409788291.3,51.3573608398438,0,0.1672718,4514.798,-0.007106248,0,0,-1,-1,-1,-1,0,0,0,0,0,0,0,0,0
1521409788371.11,51.342041015625,0,0.1575889,4513.653,-0.007100729,0,0,-1,-1,-1,-1,0,0,0,0,0,0,0,0,0
1521409788452.9,51.3188293457031,0,0.1575889,4512.197,-0.00708942,0,0,-1,-1,-1,-1,0,0,0,0,0,0,0,0,0
1521409788521.15,52.08544921875,0,0.1575889,4507.1,-0.007083195,0,0,-1,-1,-1,-1,0,0,0,0,0,0,0,0,0
1521409788588.4,52.0642883300781,0,0.1575889,4505.423,-0.007067202,0,0,-1,-1,-1,-1,0,0,0,0,0,0,0,0,0
1521409788671.15,52.0120971679688,0,0.1575889,4503.292,-0.006913109,0,0,-1,-1,-1,-1,0,0,0,0,0,0,0,0,0
1521409788737.93,51.2051513671875,0,0.1672718,4504.859,-0.006757208,0,0,-1,-1,-1,-1,0,0,0,0,0,0,0,0,0
1521409788820.46,51.2053100585938,0,0.1672718,4502.218,-0.006691756,0,0,-1,-1,-1,-1,0,0,0,0,0,0,0,0,0
1521409788903.73,51.2021423339844,0,0.1575889,4500.418,-0.006721042,0,0,-1,-1,-1,-1,0,0,0,0,0,0,0,0,0
1521409788986.57,51.9527282714844,0,0.1575889,4494.409,-0.006655413,0,0,-1,-1,-1,-1,0,0,0,0,0,0,0,0,0
1521409789053.3,51.1514923095703,0,0.1575889,4497.023,-0.006584052,0,0,-1,-1,-1,-1,0,0,0,0,0,0,0,0,0
1521409789137.73,51.1297210693359,0,0.1575889,4495.125,-0.00649548,0,0,-1,-1,-1,-1,0,0,0,0,0,0,0,0,0
1521409789205.3,51.9008728027344,0,0.1575889,4489.673,-0.006438448,0,0,-1,-1,-1,-1,0,0,0,0,0,0,0,0,0
1521409789287.25,51.0868041992188,0,0.1672718,4491.205,-0.006341453,0,0,-1,-1,-1,-1,0,0,0,0,0,0,0,0,0
1521409789354.86,51.8677856445313,0,0.1575889,4485.827,-0.006294353,0,0,-1,-1,-1,-1,0,0,0,0,0,0,0,0,0
1521409789436.69,51.8543823242188,0,0.1575889,4484.11,-0.006228888,0,0,-1,-1,-1,-1,0,0,0,0,0,0,0,0,0
1521409789504.44,51.0449554443359,0,0.1575889,4486.854,-0.006176913,0,0,-1,-1,-1,-1,0,0,0,0,0,0,0,0,0
1521409789574.85,51.0248565673828,0,0.1575889,4485.06,-0.006114394,0,0,-1,-1,-1,-1,0,0,0,0,0,0,0,0,0
1521409789653.45,51.0119964599609,0,0.1575889,4483.36,-0.006052583,0,0,-1,-1,-1,-1,0,0,0,0,0,0,0,0,0
1521409789720.15,51.7872497558594,0,0.1672718,4478.055,-0.006010666,0,0,-1,-1,-1,-1,0,0,0,0,0,0,0,0,0
1521409789803.5,51.7724731445313,0,0.1575889,4476.467,-0.005949556,0,0,-1,-1,-1,-1,0,0,0,0,0,0,0,0,0
1521409789872.06,51.7540710449219,0,0.1575889,4474.757,-0.005888279,0,0,-1,-1,-1,-1,0,0,0,0,0,0,0,0,0
1521409789939.94,50.9464202880859,0,0.1575889,4477.454,-0.005838327,0,0,-1,-1,-1,-1,0,0,0,0,0,0,0,0,0
1521409790020.3,50.926025390625,0,0.1575889,4475.649,-0.005790912,0,0,-1,-1,-1,-1,0,0,0,0,0,0,0,0,0
1521409790102.98,50.9185760498047,0,0.1672718,4473.814,-0.005760904,0,0,-1,-1,-1,-1,0,0,0,0,0,0,0,0,0
1521409790174.23,50.9157409667969,0,0.1672718,4472.45,-0.005730561,0,0,-1,-1,-1,-1,0,0,0,0,0,0,0,0,0
1521409790259.56,50.9208282470703,0,0.1672718,4471.67,-0.005698404,0,0,-1,-1,-1,-1,0,0,0,0,0,0,0,0,0
1521409790338.55,50.9261627197266,0,0.1672718,4471.32,-0.005678299,0,0,-1,-1,-1,-1,0,0,0,0,0,0,0,0,0
1521409790420.43,50.9312866210938,0,0.1672718,4471.253,-0.005675099,0,0,-1,-1,-1,-1,0,0,0,0,0,0,0,0,0
1521409790494.82,50.9363525390625,0,0.1672718,4471.371,-0.005671329,0,0,-1,-1,-1,-1,0,0,0,0,0,0,0,0,0
1521409790571.38,50.9413330078125,0,0.1672718,4471.609,-0.00566545,0,0,-1,-1,-1,-1,0,0,0,0,0,0,0,0,0
1521409790654.81,50.9462127685547,0,0.1672718,4471.925,-0.005658436,0,0,-1,-1,-1,-1,0,0,0,0,0,0,0,0,0
1521409790736.08,50.9510833740234,0,0.1672718,4472.289,-0.005651089,0,0,-1,-1,-1,-1,0,0,0,0,0,0,0,0,0
1521409790803.6,51.744970703125,0,0.1672718,4468.573,-0.005649793,0,0,-1,-1,-1,-1,0,0,0,0,0,0,0,0,0
1521409790872.69,51.7574279785156,0,0.1672718,4468.985,-0.005642507,0,0,-1,-1,-1,-1,0,0,0,0,0,0,0,0,0
1521409790953.01,51.761181640625,0,0.1672718,4469.614,-0.005634787,0,0,-1,-1,-1,-1,0,0,0,0,0,0,0,0,0
1521409791021.26,50.9731597900391,0,0.1672718,4474.056,-0.005624696,0,0,-1,-1,-1,-1,0,0,0,0,0,0,0,0,0
1521409791102.75,50.9781555175781,0,0.1672718,4474.581,-0.005617066,0,0,-1,-1,-1,-1,0,0,0,0,0,0,0,0,0
1521409791172.77,50.98291015625,0,0.1672718,4475.075,-0.005609444,0,0,-1,-1,-1,-1,0,0,0,0,0,0,0,0,0
1521409791247.69,50.9875701904297,0,0.1672718,4475.548,-0.005601852,0,0,-1,-1,-1,-1,0,0,0,0,0,0,0,0,0
1521409791321.08,51.7798217773438,0,0.1672718,4471.888,-0.005600347,0,0,-1,-1,-1,-1,0,0,0,0,0,0,0,0,0
1521409791408.84,50.991943359375,0,0.1672718,4476.375,-0.005586515,0,0,-1,-1,-1,-1,0,0,0,0,0,0,0,0,0
1521409791488.42,50.9958740234375,0,0.1672718,4476.638,-0.005578848,0,0,-1,-1,-1,-1,0,0,0,0,0,0,0,0,0
1521409791572.02,50.9998260498047,0,0.1672718,4476.958,-0.005571275,0,0,-1,-1,-1,-1,0,0,0,0,0,0,0,0,0
1521409791654.68,51.0040557861328,0,0.1575889,4477.31,-0.005563735,0,0,-1,-1,-1,-1,0,0,0,0,0,0,0,0,0
1521409791722.64,51.7873779296875,0,0.1672718,4473.477,-0.005562156,0,0,-1,-1,-1,-1,0,0,0,0,0,0,0,0,0
1521409791801.2,51.7926330566406,0,0.1672718,4473.699,-0.00555463,0,0,-1,-1,-1,-1,0,0,0,0,0,0,0,0,0
1521409791873.75,51.7972900390625,0,0.1672718,4473.988,-0.005547053,0,0,-1,-1,-1,-1,0,0,0,0,0,0,0,0,0
1521409791954.54,51.8016418457031,0,0.1672718,4474.319,-0.005539357,0,0,-1,-1,-1,-1,0,0,0,0,0,0,0,0,0
1521409792023.42,51.017431640625,0,0.1672718,4478.582,-0.00552925,0,0,-1,-1,-1,-1,0,0,0,0,0,0,0,0,0
1521409792103.14,51.0220947265625,0,0.1672718,4478.953,-0.005522649,0,0,-1,-1,-1,-1,0,0,0,0,0,0,0,0,0
1521409792172.25,51.0256866455078,0,0.1672718,4479.337,-0.005539882,0,0,-1,-1,-1,-1,0,0,0,0,0,0,0,0,0
1521409792239,51.8161376953125,0,0.1672718,4475.63,-0.005561537,0,0,-1,-1,-1,-1,0,0,0,0,0,0,0,0,0
1521409792306.5,51.8201477050781,0,0.1672718,4476.021,-0.005583323,0,0,-1,-1,-1,-1,0,0,0,0,0,0,0,0,0
1521409792394.59,51.8240966796875,0,0.1672718,4476.412,-0.005603331,0,0,-1,-1,-1,-1,0,0,0,0,0,0,0,0,0
1521409792471.91,51.8281311035156,0,0.1672718,4476.804,-0.005642395,0,0,-1,-1,-1,-1,0,0,0,0,0,0,0,0,0
1521409792542.54,51.0444122314453,0,0.1672718,4481.09,-0.005675181,0,0,-1,-1,-1,-1,0,0,0,0,0,0,0,0,0
1521409792623,51.0411163330078,0,0.1672718,4481.328,-0.005723457,0,0,-1,-1,-1,-1,0,0,0,0,0,0,0,0,0
1521409792705.86,51.0529327392578,0,0.1672718,4481.717,-0.005770247,0,0,-1,-1,-1,-1,0,0,0,0,0,0,0,0,0
1521409792779.86,51.0695281982422,0,0.1672718,4482.151,-0.005815856,0,0,-1,-1,-1,-1,0,0,0,0,0,0,0,0,0
1521409792853.17,51.0682098388672,0,0.1672718,4482.797,-0.005860828,0,0,-1,-1,-1,-1,0,0,0,0,0,0,0,0,0
1521409792924.67,51.8623901367188,0,0.1575889,4479.218,-0.005899027,0,0,-1,-1,-1,-1,0,0,0,0,0,0,0,0,0
1521409792999.52,51.9015441894531,0,0.2156862,4480.048,-0.005944279,0,0,-1,-1,-1,-1,0,0,0,0,0,0,0,0,0
1521409793071.79,52.102099609375,0,0.2737836,4484.651,-0.005992342,0,0,-1,-1,-1,-1,0,0,0,0,0,0,0,0,0
1521409793145.1,51.579052734375,0,0.2737836,4496.328,-0.006024841,0,0,-1,-1,-1,-1,0,0,0,0,0,0,0,0,0
1521409793215.14,51.8509765625,0,0.2737836,4511.644,-0.006072425,0,0,-1,-1,-1,-1,0,0,0,0,0,0,0,0,0
1521409793287.83,52.1210754394531,0,0.2737836,4530.534,-0.006118644,0,0,-1,-1,-1,-1,0,0,0,0,0,0,0,0,0
1521409793365.09,53.0209777832031,0,0.2737836,4542.696,-0.006156527,0,0,-1,-1,-1,-1,0,0,0,0,0,0,0,0,0
1521409793440.5,53.2866821289063,0,0.2931493,4565.037,-0.006202323,0,0,-1,-1,-1,-1,0,0,0,0,0,0,0,0,0
1521409793523.01,53.6025512695313,0,0.3028322,4589.591,-0.006249027,0,0,-1,-1,-1,-1,0,0,0,0,0,0,0,0,0
1521409793597.03,53.9396057128906,0,0.322198,4616.767,-0.006296193,0,0,-1,-1,-1,-1,0,0,0,0,0,0,0,0,0
1521409793671.02,54.3182556152344,0,0.3415638,4646.715,-0.00634382,0,0,-1,-1,-1,-1,0,0,0,0,0,0,0,0,0
1521409793738.5,54.0562866210938,0,0.3706124,4674.49,-0.006377054,0,0,-1,-1,-1,-1,0,0,0,0,0,0,0,0,0
1521409793808.11,54.5810791015625,0,0.3802953,4711.482,-0.006426269,0,0,-1,-1,-1,-1,0,0,0,0,0,0,0,0,0
1521409793882.51,55.5126098632813,0,0.3899783,4739.483,-0.006465976,0,0,-1,-1,-1,-1,0,0,0,0,0,0,0,0,0
1521409793957.48,56.013671875,0,0.3802953,4783.426,-0.006514695,0,0,-1,-1,-1,-1,0,0,0,0,0,0,0,0,0
1521409794028.56,56.504736328125,0,0.3802953,4829.126,-0.006562716,0,0,-1,-1,-1,-1,0,0,0,0,0,0,0,0,0
1521409794103.98,56.4287902832031,0,0.3802953,4866.368,-0.006596684,0,0,-1,-1,-1,-1,0,0,0,0,0,0,0,0,0
1521409794187.67,57.4748779296875,0,0.3802953,4923.4,-0.006667878,0,0,-1,-1,-1,-1,0,0,0,0,0,0,0,0,0
1521409794255.77,57.4820190429688,0,0.3802953,4961.103,-0.006726413,0,0,-1,-1,-1,-1,0,0,0,0,0,0,0,0,0
1521409794323.15,58.1742858886719,0,0.3802953,4995.201,-0.006790491,0,0,-1,-1,-1,-1,0,0,0,0,0,0,0,0,0
1521409794404.64,58.6382751464844,0,0.3802953,5043.018,-0.006873208,0,0,-1,-1,-1,-1,0,0,0,0,0,0,0,0,0
1521409794472.72,59.0860107421875,0,0.3802953,5090.612,-0.00696339,0,0,-1,-1,-1,-1,0,0,0,0,0,0,0,0,0
1521409794547.8,59.5343200683594,0,0.3802953,5137.761,-0.007078134,0,0,-1,-1,-1,-1,0,0,0,0,0,0,0,0,0
1521409794625.25,59.780712890625,0,0.3802953,5173.296,-0.007165623,0,0,-1,-1,-1,-1,0,0,0,0,0,0,0,0,0
1521409794704.63,60.2515563964844,0,0.3802953,5219.365,-0.007280976,0,0,-1,-1,-1,-1,0,0,0,0,0,0,0,0,0
1521409794787.94,60.8595458984375,0,0.3706124,5275.505,-0.007424084,0,0,-1,-1,-1,-1,0,0,0,0,0,0,0,0,0
1521409794870.63,61.28896484375,0,0.3706124,5319.644,-0.007538886,0,0,-1,-1,-1,-1,0,0,0,0,0,0,0,0,0
1521409794938.01,61.5799133300781,0,0.3609295,5352.252,-0.007625317,0,0,-1,-1,-1,-1,0,0,0,0,0,0,0,0,0
1521409795009.87,61.9678649902344,0,0.3512466,5394.169,-0.007740764,0,0,-1,-1,-1,-1,0,0,0,0,0,0,0,0,0
1521409795084.95,62.2409118652344,0,0.3318809,5424.385,-0.007827676,0,0,-1,-1,-1,-1,0,0,0,0,0,0,0,0,0
1521409795157.97,62.5253479003906,0,0.2931493,5462.037,-0.007943604,0,0,-1,-1,-1,-1,0,0,0,0,0,0,0,0,0
1521409795230.91,62.6982299804688,0,0.2447349,5494.573,-0.008053232,0,0,-1,-1,-1,-1,0,0,0,0,0,0,0,0,0
1521409795306.37,62.7764404296875,0,0.2156862,5520.228,-0.008155704,0,0,-1,-1,-1,-1,0,0,0,0,0,0,0,0,0
1521409795375.21,62.7932189941406,0,0.235052,5534.77,-0.008234378,0,0,-1,-1,-1,-1,0,0,0,0,0,0,0,0,0
1521409795456.04,62.8545349121094,0,0.2060034,5549.794,-0.008341544,0,0,-1,-1,-1,-1,0,0,0,0,0,0,0,0,0
1521409795544.54,62.8608703613281,0,0.1769547,5560.703,-0.008447282,0,0,-1,-1,-1,-1,0,0,0,0,0,0,0,0,0
1521409795613.62,62.7351257324219,0,0.1091745,5566.438,-0.008580538,0,0,-1,-1,-1,-1,0,0,0,0,0,0,0,0,0
1521409795692.46,62.4281127929688,0,0.06076009,5563.649,-0.008736162,0,0,-1,-1,-1,-1,0,0,0,0,0,0,0,0,0
1521409795777.58,62.0150024414063,0,0.002662782,5550.192,-0.008889304,0,0,-1,-1,-1,-1,0,0,0,0,0,0,0,0,0
1521409795859.08,61.5106750488281,0,0,5525.988,-0.009040838,0,0,-1,-1,-1,-1,0,0,0,0,0,0,0,0,0
1521409795940.21,61.0125793457031,0,0,5493.552,-0.009175126,0,0,-1,-1,-1,-1,0,0,0,0,0,0,0,0,0
1521409796014.63,60.5177612304688,0,0,5455.823,-0.009280664,0,0,-1,-1,-1,-1,0,0,0,0,0,0,0,0,0
1521409796088.68,60.0267333984375,0,0,5414.713,-0.009421203,0,0,-1,-1,-1,-1,0,0,0,0,0,0,0,0,0
1521409796158.54,59.6615173339844,0,0,5382.463,-0.009529078,0,0,-1,-1,-1,-1,0,0,0,0,0,0,0,0,0
1521409796239.92,59.1779846191406,0,0,5338.3,-0.009655432,0,0,-1,-1,-1,-1,0,0,0,0,0,0,0,0,0
1521409796326.97,58.5763488769531,0,0,5281.978,-0.009779686,0,0,-1,-1,-1,-1,0,0,0,0,0,0,0,0,0
1521409796399.83,58.2188293457031,0,0,5247.868,-0.009846377,0,0,-1,-1,-1,-1,0,0,0,0,0,0,0,0,0
1521409796473.62,57.7467041015625,0,0,5202.297,-0.009925175,0,0,-1,-1,-1,-1,0,0,0,0,0,0,0,0,0
1521409796546.76,57.279248046875,0,0,5156.805,-0.009987229,0,0,-1,-1,-1,-1,0,0,0,0,0,0,0,0,0
1521409796629.44,56.8161437988281,0,0,5111.515,-0.01002983,0,0,-1,-1,-1,-1,0,0,0,0,0,0,0,0,0
1521409796709.17,56.3572509765625,0,0,5066.5,-0.01005356,0,0,-1,-1,-1,-1,0,0,0,0,0,0,0,0,0
1521409796781.73,56.0157836914063,0,0,5032.947,-0.01005997,0,0,-1,-1,-1,-1,0,0,0,0,0,0,0,0,0
1521409796854.97,55.5641418457031,0,0,4988.508,-0.01005528,0,0,-1,-1,-1,-1,0,0,0,0,0,0,0,0,0
1521409796922.38,55.228125,0,0,4955.415,-0.01004383,0,0,-1,-1,-1,-1,0,0,0,0,0,0,0,0,0
1521409796995.44,54.7839416503906,0,0,4911.621,-0.01002245,0,0,-1,-1,-1,-1,0,0,0,0,0,0,0,0,0
1521409797081.18,54.3437683105469,0,0,4868.212,-0.009996547,0,0,-1,-1,-1,-1,0,0,0,0,0,0,0,0,0
1521409797164.39,53.907275390625,0,0,4825.185,-0.009964459,0,0,-1,-1,-1,-1,0,0,0,0,0,0,0,0,0
1521409797246.95,53.3666320800781,0,0,4771.92,-0.009912635,0,0,-1,-1,-1,-1,0,0,0,0,0,0,0,0,0
1521409797322.01,53.044970703125,0,0,4740.232,-0.009880252,0,0,-1,-1,-1,-1,0,0,0,0,0,0,0,0,0
1521409797389.96,52.6191040039063,0,0,4698.291,-0.009834782,0,0,-1,-1,-1,-1,0,0,0,0,0,0,0,0,0
1521409797469.56,52.1966857910156,0,0,4656.697,-0.009787842,0,0,-1,-1,-1,-1,0,0,0,0,0,0,0,0,0
1521409797542.26,51.8820739746094,0,0,4625.727,-0.009749109,0,0,-1,-1,-1,-1,0,0,0,0,0,0,0,0,0
1521409797613.59,51.465673828125,0,0,4584.729,-0.009697312,0,0,-1,-1,-1,-1,0,0,0,0,0,0,0,0,0
1521409797697.91,51.0526031494141,0,0,4544.069,-0.009652313,0,0,-1,-1,-1,-1,0,0,0,0,0,0,0,0,0
1521409797781.86,50.6426330566406,0,0,4503.735,-0.009616408,0,0,-1,-1,-1,-1,0,0,0,0,0,0,0,0,0
1521409797856.52,50.2359893798828,0,0,4463.723,-0.009579351,0,0,-1,-1,-1,-1,0,0,0,0,0,0,0,0,0
1521409797928.39,49.8320892333984,0,0,4424.028,-0.009546136,0,0,-1,-1,-1,-1,0,0,0,0,0,0,0,0,0
1521409798004.45,49.5313415527344,0,0.002662782,4394.447,-0.009558269,0,0,-1,-1,-1,-1,0,0,0,0,0,0,0,0,0
1521409798073.01,49.1513702392578,0,0.03171144,4355.616,-0.009586669,0,0,-1,-1,-1,-1,0,0,0,0,0,0,0,0,0
1521409798143.79,48.9750457763672,0,0.06076009,4327.754,-0.009608181,0,0,-1,-1,-1,-1,0,0,0,0,0,0,0,0,0
1521409798227.79,48.7169921875,0,0.1091745,4288.487,-0.009640811,0,0,-1,-1,-1,-1,0,0,0,0,0,0,0,0,0
1521409798294.91,48.7896240234375,0,0.1479061,4269.32,-0.009665475,0,0,-1,-1,-1,-1,0,0,0,0,0,0,0,0,0
1521409798372.28,48.9731262207031,0,0.1672718,4249.992,-0.009689377,0,0,-1,-1,-1,-1,0,0,0,0,0,0,0,0,0
1521409798442.41,48.2670196533203,0,0.1963205,4243.009,-0.009687011,0,0,-1,-1,-1,-1,0,0,0,0,0,0,0,0,0
1521409798520.67,48.3794219970703,0,0.2060034,4235.518,-0.009688071,0,0,-1,-1,-1,-1,0,0,0,0,0,0,0,0,0
1521409798587.65,48.4885162353516,0,0.2060034,4234.659,-0.009689646,0,0,-1,-1,-1,-1,0,0,0,0,0,0,0,0,0
1521409798655.88,49.4547729492188,0,0.2060034,4232.454,-0.009689409,0,0,-1,-1,-1,-1,0,0,0,0,0,0,0,0,0
1521409798725.21,48.6562042236328,0,0.2156862,4240.927,-0.00967587,0,0,-1,-1,-1,-1,0,0,0,0,0,0,0,0,0
1521409798812.03,49.7135131835938,0,0.2060034,4246.046,-0.009646396,0,0,-1,-1,-1,-1,0,0,0,0,0,0,0,0,0
1521409798889.84,49.8373077392578,0,0.2060034,4255.377,-0.009601247,0,0,-1,-1,-1,-1,0,0,0,0,0,0,0,0,0
1521409798967.11,49.9530914306641,0,0.2060034,4265.496,-0.009543321,0,0,-1,-1,-1,-1,0,0,0,0,0,0,0,0,0
1521409799047.97,50.0759521484375,0,0.2060034,4276.149,-0.009479222,0,0,-1,-1,-1,-1,0,0,0,0,0,0,0,0,0
1521409799125.03,49.2733245849609,0,0.2060034,4288.865,-0.009423611,0,0,-1,-1,-1,-1,0,0,0,0,0,0,0,0,0
1521409799206.19,49.3944519042969,0,0.2060034,4299.873,-0.009350197,0,0,-1,-1,-1,-1,0,0,0,0,0,0,0,0,0
1521409799279.75,49.5154510498047,0,0.2060034,4310.942,-0.009274116,0,0,-1,-1,-1,-1,0,0,0,0,0,0,0,0,0
1521409799352.63,49.6358215332031,0,0.2060034,4322.029,-0.009197519,0,0,-1,-1,-1,-1,0,0,0,0,0,0,0,0,0
1521409799427.13,49.7625762939453,0,0.2060034,4333.259,-0.009112971,0,0,-1,-1,-1,-1,0,0,0,0,0,0,0,0,0
1521409799516.89,49.8940948486328,0,0.2156862,4344.432,-0.009019562,0,0,-1,-1,-1,-1,0,0,0,0,0,0,0,0,0
1521409799587.79,49.9844421386719,0,0.2060034,4355.679,-0.008921477,0,0,-1,-1,-1,-1,0,0,0,0,0,0,0,0,0
1521409799657.28,50.8875122070313,0,0.1963205,4359.364,-0.008848704,0,0,-1,-1,-1,-1,0,0,0,0,0,0,0,0,0
1521409799728.89,50.9822906494141,0,0.1963205,4369.55,-0.008745282,0,0,-1,-1,-1,-1,0,0,0,0,0,0,0,0,0
1521409799805.16,50.2276947021484,0,0.1963205,4381.034,-0.008667064,0,0,-1,-1,-1,-1,0,0,0,0,0,0,0,0,0
1521409799873.45,50.3109832763672,0,0.1866376,4390.263,-0.008576408,0,0,-1,-1,-1,-1,0,0,0,0,0,0,0,0,0
1521409799956.1,50.3886779785156,0,0.1866376,4398.751,-0.008484682,0,0,-1,-1,-1,-1,0,0,0,0,0,0,0,0,0
1521409800027.69,50.4421478271484,0,0.1963205,4406.567,-0.008386737,0,0,-1,-1,-1,-1,0,0,0,0,0,0,0,0,0
1521409800104.15,51.3082702636719,0,0.1963205,4408.05,-0.008349859,0,0,-1,-1,-1,-1,0,0,0,0,0,0,0,0,0
1521409800172.8,51.3757019042969,0,0.1866376,4415.443,-0.008316718,0,0,-1,-1,-1,-1,0,0,0,0,0,0,0,0,0
1521409800239.46,50.6362335205078,0,0.1963205,4424.867,-0.008289916,0,0,-1,-1,-1,-1,0,0,0,0,0,0,0,0,0
1521409800311.41,50.7128021240234,0,0.1963205,4432.088,-0.008258501,0,0,-1,-1,-1,-1,0,0,0,0,0,0,0,0,0
1521409800393.84,50.7766479492188,0,0.1963205,4439.389,-0.008234484,0,0,-1,-1,-1,-1,0,0,0,0,0,0,0,0,0
1521409800471.97,50.8628356933594,0,0.1866376,4446.45,-0.008226476,0,0,-1,-1,-1,-1,0,0,0,0,0,0,0,0,0
1521409800563.52,50.9468994140625,0,0.1963205,4453.698,-0.008217337,0,0,-1,-1,-1,-1,0,0,0,0,0,0,0,0,0
1521409800640.93,51.0084503173828,0,0.1963205,4461.001,-0.008207126,0,0,-1,-1,-1,-1,0,0,0,0,0,0,0,0,0
1521409800710.77,51.0668579101563,0,0.1866376,4467.788,-0.008196955,0,0,-1,-1,-1,-1,0,0,0,0,0,0,0,0,0
1521409800777.47,51.8968078613281,0,0.1866376,4468.68,-0.008192847,0,0,-1,-1,-1,-1,0,0,0,0,0,0,0,0,0
1521409800855.06,51.9520568847656,0,0.1963205,4475.091,-0.008182959,0,0,-1,-1,-1,-1,0,0,0,0,0,0,0,0,0
1521409800927.91,52.02060546875,0,0.1963205,4481.431,-0.008173652,0,0,-1,-1,-1,-1,0,0,0,0,0,0,0,0,0
1521409801008.72,52.0763122558594,0,0.1866376,4487.79,-0.008164351,0,0,-1,-1,-1,-1,0,0,0,0,0,0,0,0,0
1521409801080.05,51.3493896484375,0,0.1963205,4496.106,-0.008153991,0,0,-1,-1,-1,-1,0,0,0,0,0,0,0,0,0
1521409801154.71,51.4124694824219,0,0.1963205,4502.029,-0.008144899,0,0,-1,-1,-1,-1,0,0,0,0,0,0,0,0,0
1521409801231.68,51.4803161621094,0,0.1963205,4508.058,-0.008135699,0,0,-1,-1,-1,-1,0,0,0,0,0,0,0,0,0
1521409801303.88,52.3009216308594,0,0.1963205,4508.814,-0.008132032,0,0,-1,-1,-1,-1,0,0,0,0,0,0,0,0,0
1521409801370.82,52.3519165039063,0,0.1963205,4515.078,-0.008122656,0,0,-1,-1,-1,-1,0,0,0,0,0,0,0,0,0
1521409801457.99,52.4090881347656,0,0.1866376,4521.126,-0.008113413,0,0,-1,-1,-1,-1,0,0,0,0,0,0,0,0,0
1521409801529.54,52.4579895019531,0,0.1866376,4526.771,-0.008097574,0,0,-1,-1,-1,-1,0,0,0,0,0,0,0,0,0
1521409801607.58,52.5051574707031,0,0.1963205,4532.064,-0.00806417,0,0,-1,-1,-1,-1,0,0,0,0,0,0,0,0,0
1521409801674.31,51.7970886230469,0,0.1866376,4539.827,-0.008037391,0,0,-1,-1,-1,-1,0,0,0,0,0,0,0,0,0
1521409801743.87,52.5802673339844,0,0.1866376,4539.844,-0.008017237,0,0,-1,-1,-1,-1,0,0,0,0,0,0,0,0,0
1521409801814.08,52.6421936035156,0,0.1866376,4544.879,-0.007984673,0,0,-1,-1,-1,-1,0,0,0,0,0,0,0,0,0
1521409801887.34,52.6903076171875,0,0.1866376,4550.153,-0.007945404,0,0,-1,-1,-1,-1,0,0,0,0,0,0,0,0,0
1521409801954.52,51.9814453125,0,0.1866376,4557.751,-0.007905543,0,0,-1,-1,-1,-1,0,0,0,0,0,0,0,0,0
1521409802030.62,52.0229858398438,0,0.1866376,4562.652,-0.007843186,0,0,-1,-1,-1,-1,0,0,0,0,0,0,0,0,0
1521409802105.4,52.8026489257813,0,0.1866376,4562.36,-0.007832973,0,0,-1,-1,-1,-1,0,0,0,0,0,0,0,0,0
1521409802183.71,52.8451171875,0,0.1866376,4566.942,-0.00783299,0,0,-1,-1,-1,-1,0,0,0,0,0,0,0,0,0
1521409802256.91,52.8885986328125,0,0.1866376,4571.443,-0.007835353,0,0,-1,-1,-1,-1,0,0,0,0,0,0,0,0,0
1521409802325.89,52.1902893066406,0,0.1866376,4578.586,-0.00782947,0,0,-1,-1,-1,-1,0,0,0,0,0,0,0,0,0
1521409802395.97,52.2342468261719,0,0.1866376,4583.133,-0.007834218,0,0,-1,-1,-1,-1,0,0,0,0,0,0,0,0,0
1521409802477.2,52.3026733398438,0,0.1866376,4587.764,-0.007845511,0,0,-1,-1,-1,-1,0,0,0,0,0,0,0,0,0
1521409802547.16,52.3534057617188,0,0.1866376,4592.619,-0.00784968,0,0,-1,-1,-1,-1,0,0,0,0,0,0,0,0,0
1521409802622.42,53.1156127929688,0,0.1866376,4592.559,-0.007852706,0,0,-1,-1,-1,-1,0,0,0,0,0,0,0,0,0
1521409802706.24,52.450244140625,0,0.1866376,4602.166,-0.007847645,0,0,-1,-1,-1,-1,0,0,0,0,0,0,0,0,0
1521409802773.6,53.2098937988281,0,0.1866376,4602.032,-0.007847006,0,0,-1,-1,-1,-1,0,0,0,0,0,0,0,0,0
1521409802856.33,53.2537902832031,0,0.1866376,4606.819,-0.007840008,0,0,-1,-1,-1,-1,0,0,0,0,0,0,0,0,0
1521409802937.74,53.3029968261719,0,0.1866376,4611.398,-0.007830224,0,0,-1,-1,-1,-1,0,0,0,0,0,0,0,0,0
1521409803021.9,53.3415283203125,0,0.1866376,4615.966,-0.00781752,0,0,-1,-1,-1,-1,0,0,0,0,0,0,0,0,0
1521409803095.77,53.3880065917969,0,0.1866376,4620.42,-0.007801674,0,0,-1,-1,-1,-1,0,0,0,0,0,0,0,0,0
1521409803172.91,53.4388916015625,0,0.1866376,4624.881,-0.007782322,0,0,-1,-1,-1,-1,0,0,0,0,0,0,0,0,0
1521409803246.48,53.4843322753906,0,0.1866376,4629.535,-0.007759643,0,0,-1,-1,-1,-1,0,0,0,0,0,0,0,0,0
1521409803320.71,52.8081726074219,0,0.1866376,4636.54,-0.007737975,0,0,-1,-1,-1,-1,0,0,0,0,0,0,0,0,0
1521409803394.88,52.8429138183594,0,0.1866376,4641.033,-0.007709196,0,0,-1,-1,-1,-1,0,0,0,0,0,0,0,0,0
1521409803471.24,52.8822204589844,0,0.1866376,4645.246,-0.007677467,0,0,-1,-1,-1,-1,0,0,0,0,0,0,0,0,0
1521409803541.94,53.627490234375,0,0.1963205,4644.803,-0.007654001,0,0,-1,-1,-1,-1,0,0,0,0,0,0,0,0,0
1521409803636.59,52.973779296875,0,0.1866376,4653.767,-0.007603483,0,0,-1,-1,-1,-1,0,0,0,0,0,0,0,0,0
1521409803705.04,53.7101501464844,0,0.1866376,4653.242,-0.007574695,0,0,-1,-1,-1,-1,0,0,0,0,0,0,0,0,0
1521409803789.13,53.0601989746094,0,0.1866376,4662.021,-0.007516077,0,0,-1,-1,-1,-1,0,0,0,0,0,0,0,0,0
1521409803873.44,53.0999328613281,0,0.1866376,4666.158,-0.007466238,0,0,-1,-1,-1,-1,0,0,0,0,0,0,0,0,0
1521409803947.75,53.1481506347656,0,0.1866376,4670.173,-0.007443461,0,0,-1,-1,-1,-1,0,0,0,0,0,0,0,0,0
1521409804021.74,53.8796142578125,0,0.1963205,4669.716,-0.007449208,0,0,-1,-1,-1,-1,0,0,0,0,0,0,0,0,0
1521409804103.72,53.9337829589844,0,0.1963205,4673.983,-0.007446102,0,0,-1,-1,-1,-1,0,0,0,0,0,0,0,0,0
1521409804170.31,53.9755676269531,0,0.1963205,4678.573,-0.007435858,0,0,-1,-1,-1,-1,0,0,0,0,0,0,0,0,0
1521409804243.97,53.3133911132813,0,0.1866376,4685.473,-0.007423571,0,0,-1,-1,-1,-1,0,0,0,0,0,0,0,0,0
1521409804322.39,53.3465270996094,0,0.1866376,4689.617,-0.007429862,0,0,-1,-1,-1,-1,0,0,0,0,0,0,0,0,0
1521409804390.31,53.4052795410156,0,0.1963205,4693.683,-0.007427755,0,0,-1,-1,-1,-1,0,0,0,0,0,0,0,0,0
1521409804472.68,53.4641540527344,0,0.1963205,4698.285,-0.007413725,0,0,-1,-1,-1,-1,0,0,0,0,0,0,0,0,0
1521409804541.5,54.2032592773438,0,0.2060034,4698.481,-0.00739844,0,0,-1,-1,-1,-1,0,0,0,0,0,0,0,0,0
1521409804619.84,54.2912353515625,0,0.2156862,4704.251,-0.00736714,0,0,-1,-1,-1,-1,0,0,0,0,0,0,0,0,0
1521409804694.69,54.4024108886719,0,0.235052,4711.398,-0.007327645,0,0,-1,-1,-1,-1,0,0,0,0,0,0,0,0,0
1521409804770.07,54.5655883789063,0,0.2447349,4720.798,-0.007279709,0,0,-1,-1,-1,-1,0,0,0,0,0,0,0,0,0
1521409804887.5,54.8815185546875,0,0.2641007,4740.577,-0.007192528,0,0,-1,-1,-1,-1,0,0,0,0,0,0,0,0,0
1521409804954.39,54.4270629882813,0,0.2641007,4756.143,-0.007139836,0,0,-1,-1,-1,-1,0,0,0,0,0,0,0,0,0
1521409805036.58,54.6767822265625,0,0.2737836,4774.385,-0.007064362,0,0,-1,-1,-1,-1,0,0,0,0,0,0,0,0,0
1521409805106.38,54.9167114257813,0,0.2641007,4794.256,-0.006980288,0,0,-1,-1,-1,-1,0,0,0,0,0,0,0,0,0
1521409805188.94,55.1747741699219,0,0.2931493,4815.125,-0.006887467,0,0,-1,-1,-1,-1,0,0,0,0,0,0,0,0,0
1521409805271.66,55.476904296875,0,0.2931493,4837.863,-0.006785695,0,0,-1,-1,-1,-1,0,0,0,0,0,0,0,0,0
1521409805339.72,56.2429382324219,0,0.2931493,4853.227,-0.006705522,0,0,-1,-1,-1,-1,0,0,0,0,0,0,0,0,0
1521409805410.61,56.5064453125,0,0.2834665,4878.403,-0.00658785,0,0,-1,-1,-1,-1,0,0,0,0,0,0,0,0,0
1521409805488.64,56.757763671875,0,0.2834665,4903.678,-0.006460733,0,0,-1,-1,-1,-1,0,0,0,0,0,0,0,0,0
1521409805558.77,56.4222229003906,0,0.2641007,4925.082,-0.006357533,0,0,-1,-1,-1,-1,0,0,0,0,0,0,0,0,0
1521409805628.05,56.6457946777344,0,0.2737836,4949.015,-0.006211859,0,0,-1,-1,-1,-1,0,0,0,0,0,0,0,0,0
1521409805695.4,57.3171142578125,0,0.2737836,4963.965,-0.006142328,0,0,-1,-1,-1,-1,0,0,0,0,0,0,0,0,0
1521409805776.57,57.5354614257813,0,0.2737836,4986.929,-0.006077027,0,0,-1,-1,-1,-1,0,0,0,0,0,0,0,0,0
1521409805853.57,57.7901123046875,0,0.2931493,5010.059,-0.006002612,0,0,-1,-1,-1,-1,0,0,0,0,0,0,0,0,0
1521409805922.56,57.5741333007813,0,0.3028322,5030.409,-0.005933626,0,0,-1,-1,-1,-1,0,0,0,0,0,0,0,0,0
1521409805998.14,57.8796936035156,0,0.3028322,5055.671,-0.005862527,0,0,-1,-1,-1,-1,0,0,0,0,0,0,0,0,0
1521409806071.45,58.1970092773438,0,0.3028322,5081.896,-0.005801006,0,0,-1,-1,-1,-1,0,0,0,0,0,0,0,0,0
1521409806143.26,58.7327026367188,0,0.3028322,5100.46,-0.00574835,0,0,-1,-1,-1,-1,0,0,0,0,0,0,0,0,0
1521409806215.15,58.9941284179688,0,0.3028322,5127.881,-0.005664841,0,0,-1,-1,-1,-1,0,0,0,0,0,0,0,0,0
1521409806292.68,59.2624755859375,0,0.3028322,5155.48,-0.005585806,0,0,-1,-1,-1,-1,0,0,0,0,0,0,0,0,0
1521409806360.39,59.3010314941406,0,0.3028322,5177.139,-0.005527794,0,0,-1,-1,-1,-1,0,0,0,0,0,0,0,0,0
1521409806431.8,59.6051147460938,0,0.3028322,5204.519,-0.005442814,0,0,-1,-1,-1,-1,0,0,0,0,0,0,0,0,0
1521409806503.27,59.9043579101563,0,0.3028322,5224.529,-0.005378869,0,0,-1,-1,-1,-1,0,0,0,0,0,0,0,0,0
1521409806576.03,60.1867736816406,0,0.322198,5251.845,-0.00528703,0,0,-1,-1,-1,-1,0,0,0,0,0,0,0,0,0
1521409806647.82,60.498779296875,0,0.322198,5279.977,-0.005174648,0,0,-1,-1,-1,-1,0,0,0,0,0,0,0,0,0
1521409806724.61,60.7056823730469,0,0.322198,5301.875,-0.005083774,0,0,-1,-1,-1,-1,0,0,0,0,0,0,0,0,0
1521409806793.44,61.0277709960938,0,0.322198,5331.345,-0.004956319,0,0,-1,-1,-1,-1,0,0,0,0,0,0,0,0,0
1521409806872.06,61.3456359863281,0,0.322198,5361.161,-0.00482099,0,0,-1,-1,-1,-1,0,0,0,0,0,0,0,0,0
1521409806939.51,61.5889221191406,0,0.322198,5383.585,-0.004714074,0,0,-1,-1,-1,-1,0,0,0,0,0,0,0,0,0
1521409807012.7,61.8974792480469,0,0.322198,5413.577,-0.00456396,0,0,-1,-1,-1,-1,0,0,0,0,0,0,0,0,0
1521409807087.32,62.2041809082031,0,0.322198,5443.505,-0.004404641,0,0,-1,-1,-1,-1,0,0,0,0,0,0,0,0,0
1521409807159.3,62.4313781738281,0,0.322198,5465.88,-0.004280472,0,0,-1,-1,-1,-1,0,0,0,0,0,0,0,0,0
1521409807238.83,62.7351440429688,0,0.322198,5495.563,-0.004158173,0,0,-1,-1,-1,-1,0,0,0,0,0,0,0,0,0
1521409807320.92,63.0361694335938,0,0.322198,5525.063,-0.00404478,0,0,-1,-1,-1,-1,0,0,0,0,0,0,0,0,0
1521409807396.12,63.3347106933594,0,0.322198,5554.362,-0.003918968,0,0,-1,-1,-1,-1,0,0,0,0,0,0,0,0,0
1521409807471.85,63.6338195800781,0,0.322198,5583.549,-0.003815692,0,0,-1,-1,-1,-1,0,0,0,0,0,0,0,0,0
1521409807556,63.9477966308594,0,0.322198,5612.698,-0.003737524,0,0,-1,-1,-1,-1,0,0,0,0,0,0,0,0,0
1521409807629.41,64.2353881835938,0,0.322198,5641.824,-0.003647747,0,0,-1,-1,-1,-1,0,0,0,0,0,0,0,0,0
1521409807704.96,64.449658203125,0,0.322198,5663.409,-0.003571238,0,0,-1,-1,-1,-1,0,0,0,0,0,0,0,0,0
1521409807788.87,64.8322509765625,0,0.322198,5699.372,-0.003438065,0,0,-1,-1,-1,-1,0,0,0,0,0,0,0,0,0
1521409807871.46,65.1176818847656,0,0.322198,5728.129,-0.003331737,0,0,-1,-1,-1,-1,0,0,0,0,0,0,0,0,0
1521409807956.3,65.3999755859375,0,0.322198,5756.402,-0.003222967,0,0,-1,-1,-1,-1,0,0,0,0,0,0,0,0,0
1521409808023.15,65.6101379394531,0,0.322198,5777.341,-0.003135612,0,0,-1,-1,-1,-1,0,0,0,0,0,0,0,0,0
1521409808096.4,65.8880859375,0,0.322198,5804.956,-0.003012293,0,0,-1,-1,-1,-1,0,0,0,0,0,0,0,0,0
1521409808170.17,66.16376953125,0,0.322198,5832.261,-0.002884735,0,0,-1,-1,-1,-1,0,0,0,0,0,0,0,0,0
1521409808237.72,66.3592651367187,0,0.3125151,5852.556,-0.002787079,0,0,-1,-1,-1,-1,0,0,0,0,0,0,0,0,0
1521409808309.94,66.5771667480469,0,0.3028322,5878.567,-0.002654126,0,0,-1,-1,-1,-1,0,0,0,0,0,0,0,0,0
1521409808388.46,66.7450134277344,0,0.2641007,5902.421,-0.002521181,0,0,-1,-1,-1,-1,0,0,0,0,0,0,0,0,0
1521409808470.36,66.8698364257813,0,0.2544178,5922.606,-0.002387356,0,0,-1,-1,-1,-1,0,0,0,0,0,0,0,0,0
1521409808539.26,66.9280090332031,0,0.2447349,5935.513,-0.002325295,0,0,-1,-1,-1,-1,0,0,0,0,0,0,0,0,0
1521409808610.74,66.9920227050781,0,0.235052,5949.661,-0.002271194,0,0,-1,-1,-1,-1,0,0,0,0,0,0,0,0,0
1521409808687.34,67.0192016601563,0,0.2156862,5960.689,-0.002211113,0,0,-1,-1,-1,-1,0,0,0,0,0,0,0,0,0
1521409808782.58,67.0203796386719,0,0.2156862,5968.243,-0.002176969,0,0,-1,-1,-1,-1,0,0,0,0,0,0,0,0,0
1521409808853.84,67.0115112304688,0,0.2060034,5973.22,-0.002186375,0,0,-1,-1,-1,-1,0,0,0,0,0,0,0,0,0
1521409808935.38,66.9964721679687,0,0.2156862,5976.021,-0.002190451,0,0,-1,-1,-1,-1,0,0,0,0,0,0,0,0,0
1521409809002.96,66.988671875,0,0.2156862,5977.226,-0.002188661,0,0,-1,-1,-1,-1,0,0,0,0,0,0,0,0,0
1521409809069.76,66.9882934570312,0,0.2060034,5978.068,-0.002182533,0,0,-1,-1,-1,-1,0,0,0,0,0,0,0,0,0
1521409809138.47,66.9793762207031,0,0.2060034,5978.334,-0.002175723,0,0,-1,-1,-1,-1,0,0,0,0,0,0,0,0,0
1521409809220.04,66.9766845703125,0,0.2156862,5978.358,-0.002164209,0,0,-1,-1,-1,-1,0,0,0,0,0,0,0,0,0
1521409809295.19,66.969677734375,0,0.2156862,5978.27,-0.002150033,0,0,-1,-1,-1,-1,0,0,0,0,0,0,0,0,0
1521409809370.85,66.96396484375,0,0.2060034,5978.036,-0.002126047,0,0,-1,-1,-1,-1,0,0,0,0,0,0,0,0,0
1521409809456.68,66.9488220214844,0,0.2156862,5977.424,-0.002081162,0,0,-1,-1,-1,-1,0,0,0,0,0,0,0,0,0
1521409809523.85,66.9371398925781,0,0.2060034,5976.948,-0.002037297,0,0,-1,-1,-1,-1,0,0,0,0,0,0,0,0,0
1521409809603.49,66.8839904785156,0,0.1672718,5975.671,-0.001978322,0,0,-1,-1,-1,-1,0,0,0,0,0,0,0,0,0
1521409809685.22,66.7183776855469,0,0.1382232,5971.566,-0.001915024,0,0,-1,-1,-1,-1,0,0,0,0,0,0,0,0,0
1521409809769.27,66.2172912597656,0,0,5957.345,-0.001891652,0,0,-1,-1,-1,-1,0,0,0,0,0,0,0,0,0
1521409809840.58,65.819970703125,0,0,5939.534,-0.001892057,0,0,-1,-1,-1,-1,0,0,0,0,0,0,0,0,0
1521409809918.46,65.2899353027344,0,0,5907.375,-0.001878802,0,0,-1,-1,-1,-1,0,0,0,0,0,0,0,0,0
1521409809985.03,64.8952270507813,0,0,5878.878,-0.001876401,0,0,-1,-1,-1,-1,0,0,0,0,0,0,0,0,0
1521409810054.45,64.3721740722656,0,0,5837.019,-0.001906469,0,0,-1,-1,-1,-1,0,0,0,0,0,0,0,0,0
1521409810135.03,63.8526672363281,0,0,5792.255,-0.00191832,0,0,-1,-1,-1,-1,0,0,0,0,0,0,0,0,0
1521409810202,63.4661193847656,0,0,5757.473,-0.001917364,0,0,-1,-1,-1,-1,0,0,0,0,0,0,0,0,0
1521409810272.43,62.9547729492188,0,0,5710.128,-0.00190409,0,0,-1,-1,-1,-1,0,0,0,0,0,0,0,0,0
1521409810344.18,62.5740051269531,0,0,5674.193,-0.001883482,0,0,-1,-1,-1,-1,0,0,0,0,0,0,0,0,0
1521409810412.29,62.0697204589844,0,0,5626,-0.001838951,0,0,-1,-1,-1,-1,0,0,0,0,0,0,0,0,0
1521409810493.64,61.5698120117188,0,0,5577.717,-0.001780717,0,0,-1,-1,-1,-1,0,0,0,0,0,0,0,0,0
1521409810563.61,61.1976501464844,0,0,5541.553,-0.001728545,0,0,-1,-1,-1,-1,0,0,0,0,0,0,0,0,0
1521409810635.29,60.7050354003906,0,0,5493.491,-0.001646913,0,0,-1,-1,-1,-1,0,0,0,0,0,0,0,0,0
1521409810718.74,60.2164611816406,0,0,5445.676,-0.001552468,0,0,-1,-1,-1,-1,0,0,0,0,0,0,0,0,0
1521409810785.12,59.8526489257813,0,0,5410.007,-0.001472786,0,0,-1,-1,-1,-1,0,0,0,0,0,0,0,0,0
1521409810870.31,59.2508666992188,0,0,5350.956,-0.001320947,0,0,-1,-1,-1,-1,0,0,0,0,0,0,0,0,0
1521409810951.34,58.7740539550781,0,0,5304.097,-0.001225564,0,0,-1,-1,-1,-1,0,0,0,0,0,0,0,0,0
1521409811020.22,58.41875,0,0,5269.183,-0.001180282,0,0,-1,-1,-1,-1,0,0,0,0,0,0,0,0,0
1521409811101.12,57.9472717285156,0,0,5222.929,-0.001100349,0,0,-1,-1,-1,-1,0,0,0,0,0,0,0,0,0
1521409811169.1,57.47802734375,0,0,5176.97,-0.0009863989,0,0,-1,-1,-1,-1,0,0,0,0,0,0,0,0,0
1521409811251.5,57.0135620117188,0,0,5131.317,-0.0009151253,0,0,-1,-1,-1,-1,0,0,0,0,0,0,0,0,0
1521409811318.83,56.6682312011719,0,0,5097.313,-0.0008768602,0,0,-1,-1,-1,-1,0,0,0,0,0,0,0,0,0
1521409811386.4,56.2114501953125,0,0,5052.306,-0.0008091436,0,0,-1,-1,-1,-1,0,0,0,0,0,0,0,0,0
1521409811469.66,55.7586303710938,0,0,5007.684,-0.0007186563,0,0,-1,-1,-1,-1,0,0,0,0,0,0,0,0,0
1521409811554.26,55.3096008300781,0,0,4963.442,-0.0006088692,0,0,-1,-1,-1,-1,0,0,0,0,0,0,0,0,0
1521409811636.35,54.8642822265625,0,0,4919.575,-0.0004817791,0,0,-1,-1,-1,-1,0,0,0,0,0,0,0,0,0
1521409811721.24,54.4226013183594,0,0,4876.075,-0.0003394712,0,0,-1,-1,-1,-1,0,0,0,0,0,0,0,0,0
1521409811803.34,53.9845275878906,0,0,4832.938,-0.0001833777,0,0,-1,-1,-1,-1,0,0,0,0,0,0,0,0,0
1521409811882.53,53.5504516601563,0,0,4790.159,-1.707778E-05,0,0,-1,-1,-1,-1,0,0,0,0,0,0,0,0,0
1521409811951.65,53.1215026855469,0,0,4747.768,0.0001397919,0,0,-1,-1,-1,-1,0,0,0,0,0,0,0,0,0
1521409812020.4,52.8021179199219,0,0,4716.242,0.0002468986,0,0,-1,-1,-1,-1,0,0,0,0,0,0,0,0,0
1521409812100.95,52.3785766601563,0,0,4674.532,0.0003833411,0,0,-1,-1,-1,-1,0,0,0,0,0,0,0,0,0
1521409812170.72,51.95810546875,0,0,4633.159,0.000524716,0,0,-1,-1,-1,-1,0,0,0,0,0,0,0,0,0
1521409812251.99,51.5401184082031,0,0,4592.107,0.0005913369,0,0,-1,-1,-1,-1,0,0,0,0,0,0,0,0,0
1521409812338.49,51.1255249023438,0,0,4551.356,0.0006341646,0,0,-1,-1,-1,-1,0,0,0,0,0,0,0,0,0
1521409812421.88,50.7144287109375,0,0,4510.918,0.0006841667,0,0,-1,-1,-1,-1,0,0,0,0,0,0,0,0,0
1521409812503.77,50.3067810058594,0,0,4470.801,0.0007324093,0,0,-1,-1,-1,-1,0,0,0,0,0,0,0,0,0
1521409812572.58,49.9022857666016,0,0,4431.006,0.0007148863,0,0,-1,-1,-1,-1,0,0,0,0,0,0,0,0,0
1521409812654.69,49.501025390625,0,0,4391.529,0.0006709837,0,0,-1,-1,-1,-1,0,0,0,0,0,0,0,0,0
1521409812735.77,49.1029479980469,0,0,4352.368,0.0006290985,0,0,-1,-1,-1,-1,0,0,0,0,0,0,0,0,0
1521409812802.89,48.8073150634766,0,0,4323.2,0.000599679,0,0,-1,-1,-1,-1,0,0,0,0,0,0,0,0,0
1521409812884.07,48.4153503417969,0,0,4284.584,0.0005622093,0,0,-1,-1,-1,-1,0,0,0,0,0,0,0,0,0
1521409812953.55,48.0270629882813,0,0,4246.276,0.0005248998,0,0,-1,-1,-1,-1,0,0,0,0,0,0,0,0,0
1521409813036.88,47.6427612304688,0,0,4208.268,0.0005014991,0,0,-1,-1,-1,-1,0,0,0,0,0,0,0,0,0
1521409813116.82,47.2642822265625,0,0,4170.526,0.0004974151,0,0,-1,-1,-1,-1,0,0,0,0,0,0,0,0,0
1521409813186.68,46.9013153076172,0,0,4133,0.0004953837,0,0,-1,-1,-1,-1,0,0,0,0,0,0,0,0,0
1521409813253.6,46.5087005615234,0,0,4105.527,0.0004957039,0,0,-1,-1,-1,-1,0,0,0,0,0,0,0,0,0
1521409813338.23,45.8161895751953,0,0,4069.518,0.0005003806,0,0,-1,-1,-1,-1,0,0,0,0,0,0,0,0,0
1521409813421.22,45.2713195800781,0,0,4031.655,0.0005039743,0,0,-1,-1,-1,-1,0,0,0,0,0,0,0,0,0
1521409813502.98,44.7625823974609,0,0,3993.922,0.0005224978,0,0,-1,-1,-1,-1,0,0,0,0,0,0,0,0,0
1521409813571.05,44.3123260498047,0,0,3034.574,0.00052481,0,0,-1,-1,-1,-1,0,0,0,0,0,0,0,0,0
1521409813638.36,45.3962829589844,0,0,4393.03,0.0005068907,0,0,-1,-1,-1,-1,0,0,0,0,0,0,0,0,0
1521409813719.83,45.0363952636719,0,0,4554.707,0.000480429,0,0,-1,-1,-1,-1,0,0,0,0,0,0,0,0,0
1521409813788.65,44.6800567626953,0,0,4660.783,0.0004629544,0,0,-1,-1,-1,-1,0,0,0,0,0,0,0,0,0
1521409813868.55,44.3268157958984,0,0,4379.399,0.0004571632,0,0,-1,-1,-1,-1,0,0,0,0,0,0,0,0,0
1521409813950.37,43.9772735595703,0,0,4857.217,0.0004213785,0,0,-1,-1,-1,-1,0,0,0,0,0,0,0,0,0
1521409814019.71,42.3168060302734,0,0,5102.8,0.0003719204,0,0,-1,-1,-1,-1,0,0,0,0,0,0,0,0,0
1521409814089.14,41.9672180175781,0,0,5300.054,0.000315535,0,0,-1,-1,-1,-1,0,0,0,0,0,0,0,0,0
1521409814171.94,41.6219757080078,0,0,5409.106,0.0002714436,0,0,-1,-1,-1,-1,0,0,0,0,0,0,0,0,0
1521409814239.82,42.7784027099609,0,0,5439.107,0.0002463867,0,0,-1,-1,-1,-1,0,0,0,0,0,0,0,0,0
1521409814321.65,42.4456756591797,0,0,5460.938,0.0002180702,0,0,-1,-1,-1,-1,0,0,0,0,0,0,0,0,0
1521409814402.97,42.1189666748047,0,0,5455.775,0.0001974222,0,0,-1,-1,-1,-1,0,0,0,0,0,0,0,0,0
1521409814472.8,41.7976257324219,0,0,5433.437,0.0001948097,0,0,-1,-1,-1,-1,0,0,0,0,0,0,0,0,0
1521409814553.47,41.4765228271484,0,0,5400.283,0.0002219259,0,0,-1,-1,-1,-1,0,0,0,0,0,0,0,0,0
1521409814620.97,39.8610260009766,0,0,5383.09,0.0002381464,0,0,-1,-1,-1,-1,0,0,0,0,0,0,0,0,0
1521409814703.87,39.5554870605469,0,0,5339.169,0.0002640766,0,0,-1,-1,-1,-1,0,0,0,0,0,0,0,0,0
1521409814788.61,40.5171569824219,0,0,5267.482,0.0003107862,0,0,-1,-1,-1,-1,0,0,0,0,0,0,0,0,0
1521409814870.62,40.1985900878906,0,0,5217.447,0.0003584656,0,0,-1,-1,-1,-1,0,0,0,0,0,0,0,0,0
1521409814952.62,39.8828796386719,0,0,5166.058,0.000412846,0,0,-1,-1,-1,-1,0,0,0,0,0,0,0,0,0
1521409815021.87,38.3092987060547,0,0,5139.062,0.0004385365,0,0,-1,-1,-1,-1,0,0,0,0,0,0,0,0,0
1521409815103.02,38.0041595458984,0,0,5086.701,0.0004322934,0,0,-1,-1,-1,-1,0,0,0,0,0,0,0,0,0
1521409815172.58,37.6981323242188,0,0,5034.145,0.000430128,0,0,-1,-1,-1,-1,0,0,0,0,0,0,0,0,0
1521409815253.15,37.3932159423828,0,0,4981.579,0.000440838,0,0,-1,-1,-1,-1,0,0,0,0,0,0,0,0,0
1521409815320.95,38.4856384277344,0,0,4930.415,0.0004589909,0,0,-1,-1,-1,-1,0,0,0,0,0,0,0,0,0
1521409815404.44,38.1759246826172,0,0,4878.217,0.0004924816,0,0,-1,-1,-1,-1,0,0,0,0,0,0,0,0,0
1521409815472.17,37.8599212646484,0,0,4826.251,0.0005075819,0,0,-1,-1,-1,-1,0,0,0,0,0,0,0,0,0
1521409815554.05,37.5513763427734,0,0,4774.005,0.0004868417,0,0,-1,-1,-1,-1,0,0,0,0,0,0,0,0,0
1521409815620.83,36.1093414306641,0,0,4745.67,0.0004704625,0,0,-1,-1,-1,-1,0,0,0,0,0,0,0,0,0
1521409815690.17,35.8081878662109,0,0,4693.215,0.000462881,0,0,-1,-1,-1,-1,0,0,0,0,0,0,0,0,0
1521409815770.98,35.5452850341797,0,0,4641.979,0.0004593046,0,0,-1,-1,-1,-1,0,0,0,0,0,0,0,0,0
1521409815837.99,36.5371887207031,0,0,4589.886,0.0004438266,0,0,-1,-1,-1,-1,0,0,0,0,0,0,0,0,0
1521409815922.86,36.1685882568359,0,0,4542.695,0.0004074906,0,0,-1,-1,-1,-1,0,0,0,0,0,0,0,0,0
1521409815994.73,35.9626525878906,0,0,4484.81,0.0003910711,0,0,-1,-1,-1,-1,0,0,0,0,0,0,0,0,0
1521409816069.29,35.6322204589844,0,0,4438.859,0.0003889455,0,0,-1,-1,-1,-1,0,0,0,0,0,0,0,0,0
1521409816139.02,33.87421875,0,0,4410.471,0.0003920468,0,0,-1,-1,-1,-1,0,0,0,0,0,0,0,0,0
1521409816220.92,33.5849365234375,0,0,4351.03,0.000415089,0,0,-1,-1,-1,-1,0,0,0,0,0,0,0,0,0
1521409816302.98,33.2988708496094,0,0,4294.96,0.0004508254,0,0,-1,-1,-1,-1,0,0,0,0,0,0,0,0,0
1521409816386.9,34.3890441894531,0,0,4215.147,0.0005018172,0,0,-1,-1,-1,-1,0,0,0,0,0,0,0,0,0
1521409816455.05,32.7366821289063,0,0,4189.42,0.000521551,0,0,-1,-1,-1,-1,0,0,0,0,0,0,0,0,0
1521409816523.4,33.9692565917969,0,0,4138.451,0.0005564463,0,0,-1,-1,-1,-1,0,0,0,0,0,0,0,0,0
1521409816602.68,33.6920471191406,0,0,4088.81,0.0006027668,0,0,-1,-1,-1,-1,0,0,0,0,0,0,0,0,0
1521409816669.98,33.4168395996094,0,0,4040.09,0.000620253,0,0,-1,-1,-1,-1,0,0,0,0,0,0,0,0,0
1521409816738.07,31.7805511474609,0,0,4016.936,0.0006141291,0,0,-1,-1,-1,-1,0,0,0,0,0,0,0,0,0
1521409816804.48,33.0102478027344,0,0,3968.261,0.0006228681,0,0,-1,-1,-1,-1,0,0,0,0,0,0,0,0,0
1521409816886.86,31.2466979980469,0,0,3922.246,0.0006379579,0,0,-1,-1,-1,-1,0,0,0,0,0,0,0,0,0
1521409816954.1,32.4728729248047,0,0,3874.383,0.0006620624,0,0,-1,-1,-1,-1,0,0,0,0,0,0,0,0,0
1521409817037.7,32.2074829101563,0,0,3828.105,0.0006931829,0,0,-1,-1,-1,-1,0,0,0,0,0,0,0,0,0
1521409817115.47,29.9843841552734,0,0,3791.789,-0.01645484,0,0,-1,-1,-1,-1,0,0,0,0,0,0,0,0,0
